CGPA,Major Projects,Workshops/Certifications,Mini Projects,Skills,Communication Skill Rating,Internship,Hackathon,12th Percentage,10th Percentage,backlogs,PlacementStatus
7.5,1,1,1,6,4.4,No,No,61,79,2,NotPlaced
8.9,0,3,2,9,4.0,Yes,Yes,78,82,0,Placed
7.3,1,2,2,8,4.8,Yes,No,79,80,2,NotPlaced
7.5,1,1,2,8,4.4,Yes,Yes,81,80,0,Placed
8.3,1,2,2,8,4.5,Yes,Yes,74,88,0,Placed
7.0,0,2,2,7,4.2,Yes,No,55,66,4,NotPlaced
7.7,1,1,1,7,4.0,No,No,62,65,4,NotPlaced
7.7,2,1,0,8,3.5,Yes,Yes,59,72,3,NotPlaced
6.5,1,1,0,8,3.9,No,Yes,75,71,2,NotPlaced
7.8,1,3,2,7,4.4,Yes,Yes,85,86,0,Placed
8.3,2,3,2,9,4.8,Yes,Yes,82,88,0,Placed
7.9,1,3,2,9,4.8,Yes,Yes,71,87,1,Placed
8.3,2,3,2,9,4.5,Yes,Yes,84,83,0,Placed
7.7,1,1,1,7,4.6,No,Yes,63,73,3,NotPlaced
7.5,1,1,1,6,4.1,No,No,61,66,2,NotPlaced
7.4,0,2,1,7,4.4,No,No,63,66,4,NotPlaced
8.6,0,3,0,8,4.8,Yes,Yes,62,78,0,Placed
8.2,2,3,2,9,4.7,Yes,Yes,84,86,0,Placed
6.8,2,3,0,7,4.4,Yes,Yes,72,82,1,Placed
7.4,1,2,0,7,4.4,No,Yes,58,63,2,NotPlaced
7.6,2,1,0,8,4.4,No,Yes,77,75,0,Placed
7.4,1,2,1,7,3.5,No,Yes,82,69,0,Placed
7.7,0,1,0,7,3.4,No,Yes,55,72,1,Placed
7.4,1,1,0,6,3.8,No,No,55,71,2,NotPlaced
7.4,1,2,1,9,4.3,No,Yes,56,69,4,NotPlaced
6.7,1,1,1,7,4.0,No,No,68,57,4,NotPlaced
7.4,2,3,2,7,4.3,Yes,Yes,76,82,4,NotPlaced
8.3,1,1,1,8,4.5,Yes,Yes,64,65,1,NotPlaced
7.5,1,2,1,8,4.4,No,No,66,73,2,NotPlaced
7.0,0,1,1,6,3.9,No,Yes,60,61,4,NotPlaced
8.4,2,3,2,9,4.6,Yes,Yes,55,80,0,Placed
7.4,1,2,1,7,4.7,No,Yes,66,69,4,NotPlaced
8.5,1,3,0,9,4.8,Yes,Yes,85,85,0,Placed
8.6,1,2,2,7,4.3,Yes,Yes,62,80,0,Placed
6.9,0,1,0,7,3.9,No,Yes,79,68,0,Placed
7.8,1,1,1,6,4.3,No,No,65,73,4,NotPlaced
8.3,1,2,2,8,4.8,Yes,Yes,75,81,0,Placed
8.2,1,2,2,7,4.2,No,Yes,72,72,1,Placed
8.5,2,3,3,9,4.7,Yes,Yes,79,86,0,Placed
6.7,0,3,2,8,4.2,Yes,Yes,72,86,0,Placed
8.6,2,3,1,9,4.8,Yes,Yes,63,84,0,Placed
8.3,2,3,2,8,4.8,Yes,Yes,77,83,1,Placed
6.7,0,1,1,7,4.4,No,No,55,60,2,NotPlaced
8.6,2,3,2,8,4.7,Yes,Yes,80,87,0,Placed
7.4,1,3,0,8,4.8,No,Yes,70,73,2,NotPlaced
6.7,1,1,2,7,4.5,No,No,55,66,0,Placed
6.9,1,1,1,7,4.4,No,No,55,65,2,NotPlaced
7.0,1,1,0,6,4.3,No,Yes,59,67,3,NotPlaced
8.1,1,3,2,9,4.6,Yes,Yes,77,87,1,Placed
7.7,1,2,0,7,3.8,Yes,No,55,66,2,NotPlaced
6.5,0,2,1,7,4.8,No,Yes,56,65,4,NotPlaced
8.2,1,3,0,6,4.1,Yes,No,66,65,1,NotPlaced
8.1,2,3,2,9,4.7,Yes,Yes,82,82,1,Placed
6.5,1,2,1,8,4.5,Yes,Yes,72,67,3,NotPlaced
6.5,0,2,1,7,4.5,No,No,57,69,2,NotPlaced
8.8,2,3,2,9,4.8,Yes,Yes,86,88,0,Placed
8.0,1,1,0,7,4.5,Yes,Yes,55,65,2,NotPlaced
8.4,2,2,2,8,4.6,Yes,Yes,77,82,1,Placed
8.0,1,1,0,8,4.2,No,No,55,83,3,NotPlaced
6.6,0,1,0,7,3.9,No,Yes,78,69,0,Placed
7.7,2,2,0,8,4.0,Yes,Yes,79,64,4,NotPlaced
8.2,1,2,1,8,4.3,Yes,Yes,86,63,0,Placed
7.2,1,2,0,7,4.1,No,No,70,65,3,NotPlaced
6.6,1,2,1,7,4.1,No,No,55,75,4,NotPlaced
7.6,1,2,0,7,4.6,Yes,No,84,67,2,NotPlaced
8.0,0,3,0,6,4.2,Yes,No,64,83,1,Placed
7.8,2,3,2,8,4.8,Yes,No,90,83,3,NotPlaced
7.2,1,1,0,8,4.6,Yes,Yes,57,64,2,NotPlaced
7.7,1,1,0,7,4.1,No,Yes,57,68,0,Placed
8.4,1,1,2,6,3.8,Yes,Yes,76,69,1,NotPlaced
7.5,1,1,1,6,4.3,No,Yes,71,76,4,NotPlaced
6.7,0,2,1,7,4.1,No,No,78,67,3,NotPlaced
8.1,2,3,2,9,4.8,Yes,Yes,80,86,1,Placed
7.5,1,2,0,7,4.4,No,No,66,84,2,NotPlaced
7.4,2,1,0,7,4.2,No,Yes,65,84,3,NotPlaced
6.5,1,1,0,6,4.5,No,Yes,57,68,4,NotPlaced
8.1,1,3,1,9,4.6,Yes,Yes,73,86,0,Placed
6.9,1,1,0,8,3.5,No,Yes,61,71,2,NotPlaced
8.2,1,3,0,8,4.8,Yes,Yes,71,84,1,Placed
7.6,1,2,1,7,3.9,No,Yes,58,66,2,NotPlaced
6.6,1,1,1,6,3.6,No,Yes,55,72,4,NotPlaced
6.7,1,2,1,7,4.8,Yes,Yes,72,64,2,Placed
8.2,2,3,2,7,4.5,Yes,Yes,73,82,1,NotPlaced
8.3,2,3,1,9,4.2,Yes,Yes,82,83,1,Placed
7.6,0,2,0,8,4.8,Yes,Yes,57,72,0,Placed
6.7,1,3,0,8,4.6,Yes,No,81,69,4,NotPlaced
8.1,0,2,1,8,3.8,No,No,71,68,1,NotPlaced
8.5,1,2,2,7,3.9,Yes,Yes,76,66,0,Placed
8.8,1,3,0,7,4.7,Yes,Yes,75,84,0,Placed
7.2,1,2,0,6,4.2,Yes,Yes,57,66,2,NotPlaced
7.6,1,1,0,8,4.5,Yes,Yes,66,67,3,NotPlaced
7.1,1,1,0,7,3.3,No,No,55,66,4,NotPlaced
8.1,1,3,2,8,4.6,Yes,Yes,86,80,1,Placed
7.4,1,3,0,8,4.2,No,Yes,65,82,4,NotPlaced
7.7,2,2,2,8,4.8,Yes,Yes,74,83,2,NotPlaced
7.5,0,1,1,7,3.3,No,Yes,61,73,3,NotPlaced
7.5,1,1,0,6,4.0,No,No,73,66,4,NotPlaced
7.8,2,2,2,9,4.8,Yes,No,81,82,1,Placed
7.7,1,3,1,8,4.6,No,Yes,61,84,0,Placed
7.9,0,1,2,8,4.8,Yes,No,58,81,3,NotPlaced
7.4,1,2,1,6,3.9,No,No,55,67,2,NotPlaced
7.3,1,1,0,8,4.7,No,Yes,64,65,2,NotPlaced
6.5,1,1,1,6,3.8,No,Yes,58,65,3,NotPlaced
7.5,2,1,1,7,4.2,Yes,Yes,57,80,4,NotPlaced
6.5,1,1,0,6,4.1,No,No,61,66,4,NotPlaced
8.5,2,3,2,9,4.8,Yes,Yes,72,87,0,Placed
6.7,0,1,1,7,3.9,No,No,55,70,4,NotPlaced
6.5,0,1,0,8,4.4,No,No,65,69,4,NotPlaced
8.1,1,3,2,9,4.8,Yes,Yes,79,84,0,Placed
8.7,2,3,2,9,4.8,Yes,Yes,79,85,0,Placed
8.0,1,1,3,8,4.0,No,Yes,57,61,3,NotPlaced
7.3,1,3,1,8,4.2,Yes,Yes,69,65,2,NotPlaced
7.4,1,1,1,8,4.1,Yes,No,55,62,2,NotPlaced
8.6,2,3,0,8,4.7,Yes,No,71,83,0,Placed
6.7,2,1,2,7,4.8,Yes,No,55,78,3,NotPlaced
7.6,1,1,1,6,3.5,No,No,55,67,4,NotPlaced
8.8,1,3,2,9,4.6,Yes,Yes,83,83,0,Placed
6.5,1,2,0,6,4.4,No,Yes,61,68,3,NotPlaced
6.5,1,2,1,7,4.2,No,No,62,62,2,NotPlaced
7.4,1,2,1,7,4.2,No,Yes,55,74,3,NotPlaced
8.7,2,3,2,8,4.7,Yes,Yes,85,79,0,Placed
8.0,1,1,1,6,4.2,No,Yes,59,66,3,NotPlaced
7.7,1,3,2,9,4.8,Yes,No,80,85,0,Placed
7.3,1,1,0,6,3.2,No,Yes,58,67,2,NotPlaced
8.4,2,1,2,7,4.1,No,No,56,63,1,NotPlaced
7.7,1,2,0,7,4.0,No,Yes,65,75,1,Placed
7.5,1,1,1,6,4.7,No,No,58,64,3,NotPlaced
7.4,0,1,0,7,4.3,No,No,63,73,3,NotPlaced
7.4,1,1,1,6,4.3,No,Yes,73,73,2,NotPlaced
8.5,1,2,2,9,4.8,Yes,Yes,80,86,1,Placed
8.0,1,3,0,8,4.4,Yes,Yes,85,84,0,Placed
6.5,1,1,1,7,3.8,No,No,64,67,3,NotPlaced
8.4,1,1,0,8,4.6,Yes,No,78,82,1,Placed
8.7,0,3,2,8,4.8,No,No,87,84,1,NotPlaced
8.0,0,1,0,6,4.0,No,No,57,70,3,NotPlaced
8.4,2,3,1,8,4.6,Yes,Yes,74,82,1,NotPlaced
8.2,2,3,2,9,4.4,Yes,Yes,90,81,0,Placed
8.1,2,2,2,9,4.5,Yes,Yes,73,82,0,Placed
7.9,1,3,1,7,3.7,No,Yes,62,65,4,NotPlaced
8.9,2,3,2,9,4.8,Yes,Yes,69,85,0,Placed
6.5,1,1,1,7,4.5,No,No,66,70,3,NotPlaced
7.6,1,1,0,7,4.3,No,Yes,55,76,0,Placed
8.4,1,3,2,9,4.6,Yes,Yes,67,80,1,Placed
7.8,2,3,0,7,4.8,Yes,Yes,79,87,3,NotPlaced
8.4,1,2,1,7,4.3,Yes,Yes,59,80,0,Placed
7.6,1,2,0,7,3.7,No,Yes,58,74,0,Placed
7.9,1,1,1,6,4.6,Yes,Yes,87,82,2,NotPlaced
7.9,1,3,1,8,4.2,Yes,Yes,56,82,1,Placed
8.0,2,1,2,9,4.8,Yes,Yes,74,81,3,NotPlaced
7.9,2,1,0,8,4.0,Yes,Yes,63,70,4,NotPlaced
8.4,2,3,2,9,4.8,Yes,Yes,90,85,0,Placed
8.6,0,3,2,9,4.8,Yes,Yes,73,78,0,Placed
7.8,0,1,0,8,3.9,Yes,Yes,79,65,1,Placed
8.1,2,3,3,9,4.8,Yes,Yes,80,83,1,Placed
7.2,1,3,1,7,4.2,Yes,Yes,64,84,3,NotPlaced
7.7,0,1,0,8,4.8,Yes,Yes,69,63,1,Placed
8.4,1,3,2,9,4.5,Yes,Yes,79,86,1,Placed
8.0,1,3,1,8,4.6,Yes,Yes,72,83,4,NotPlaced
7.8,0,1,1,7,4.0,No,No,61,69,3,NotPlaced
6.5,1,1,0,6,3.5,No,No,56,64,4,NotPlaced
6.5,0,3,0,7,3.6,No,Yes,57,74,2,NotPlaced
7.9,1,2,1,8,4.0,Yes,Yes,60,71,3,NotPlaced
6.7,1,1,0,7,4.2,No,No,56,64,2,NotPlaced
6.9,0,1,0,7,4.1,No,Yes,55,69,0,Placed
6.5,1,1,2,8,4.3,Yes,No,62,72,0,Placed
6.5,0,1,1,7,3.9,No,No,55,66,4,NotPlaced
7.3,1,1,1,7,3.6,No,No,65,64,4,NotPlaced
8.3,2,3,0,7,4.6,Yes,Yes,77,82,0,Placed
7.5,1,1,1,7,3.9,No,No,63,65,4,NotPlaced
8.0,2,3,3,7,4.1,Yes,Yes,78,61,3,NotPlaced
8.3,1,2,1,6,3.8,No,Yes,76,71,1,NotPlaced
6.6,0,3,0,8,4.5,No,No,80,82,4,NotPlaced
7.4,0,3,0,9,4.6,No,No,65,70,3,NotPlaced
8.0,1,1,1,7,4.4,No,No,66,68,3,NotPlaced
8.0,2,3,2,9,4.8,Yes,Yes,78,86,0,Placed
6.7,1,2,0,7,4.5,No,Yes,55,65,3,NotPlaced
8.3,1,2,3,7,3.8,Yes,No,67,65,1,NotPlaced
8.5,1,3,2,9,4.8,Yes,Yes,61,86,0,Placed
7.5,2,1,2,9,4.8,Yes,No,55,65,3,NotPlaced
7.4,1,1,0,6,3.4,No,No,58,62,3,NotPlaced
8.4,0,1,2,8,4.8,Yes,Yes,74,82,1,Placed
8.2,1,3,0,8,4.8,Yes,Yes,70,73,0,Placed
6.5,1,1,0,7,4.2,No,Yes,74,61,4,NotPlaced
7.7,1,1,0,7,4.7,No,Yes,57,69,3,NotPlaced
7.3,1,2,2,6,4.5,No,No,63,66,4,NotPlaced
6.5,0,1,0,7,3.7,Yes,Yes,75,69,2,NotPlaced
6.5,1,1,1,6,4.1,No,No,55,65,4,NotPlaced
7.5,1,1,0,7,4.3,No,Yes,73,79,2,NotPlaced
7.8,1,1,1,6,3.9,No,No,55,70,2,NotPlaced
6.8,1,1,0,7,4.3,No,No,61,62,2,NotPlaced
8.4,2,3,2,9,4.1,Yes,Yes,76,82,0,Placed
7.8,2,2,2,8,4.6,No,Yes,59,74,1,Placed
7.5,1,2,0,7,4.2,Yes,Yes,58,63,2,NotPlaced
8.9,0,1,2,8,4.8,Yes,Yes,75,82,0,Placed
6.5,0,1,0,7,3.7,No,No,58,62,4,NotPlaced
8.4,1,1,2,8,4.1,No,No,78,70,1,NotPlaced
8.1,0,1,0,7,3.6,Yes,No,69,67,1,NotPlaced
8.5,2,3,0,8,4.2,Yes,Yes,60,85,1,Placed
7.6,1,1,1,8,4.8,Yes,Yes,79,86,0,Placed
7.8,2,3,0,7,4.3,Yes,No,87,87,4,NotPlaced
8.6,1,3,2,9,4.7,Yes,Yes,68,84,0,Placed
7.9,2,3,2,7,4.6,Yes,Yes,79,82,0,Placed
6.5,0,2,2,7,4.5,Yes,No,65,59,2,NotPlaced
8.2,0,2,1,8,4.5,Yes,Yes,78,87,1,Placed
8.2,1,1,0,8,4.3,Yes,Yes,60,70,0,Placed
7.6,1,1,0,6,4.1,No,No,69,67,2,NotPlaced
7.3,1,2,1,8,4.6,No,Yes,55,72,4,NotPlaced
8.4,2,3,2,9,4.5,Yes,Yes,85,79,1,Placed
8.3,2,3,3,9,4.5,Yes,Yes,70,88,1,Placed
7.8,1,3,0,8,4.8,Yes,Yes,70,78,1,Placed
8.3,1,2,1,8,4.7,Yes,Yes,77,84,1,NotPlaced
7.5,1,1,1,6,4.1,No,No,55,75,3,NotPlaced
8.6,2,3,2,7,4.8,Yes,Yes,82,81,1,NotPlaced
7.8,2,2,2,7,4.2,Yes,No,57,69,4,NotPlaced
6.6,1,1,1,7,4.3,No,No,70,66,2,NotPlaced
7.4,0,1,1,7,4.2,No,No,61,70,2,NotPlaced
6.9,1,2,1,7,4.1,No,No,55,69,2,NotPlaced
6.6,1,1,0,7,4.5,No,No,62,70,2,NotPlaced
8.3,1,2,2,8,4.1,Yes,Yes,80,79,0,Placed
7.9,2,2,2,8,4.8,Yes,Yes,81,85,1,Placed
6.6,1,2,1,7,4.1,Yes,Yes,82,69,2,NotPlaced
8.0,2,3,2,8,4.8,Yes,Yes,62,83,1,Placed
7.5,1,2,0,8,3.8,No,No,55,68,2,NotPlaced
7.9,2,3,2,9,4.8,Yes,No,81,78,3,NotPlaced
8.3,1,3,2,7,3.9,Yes,Yes,60,61,0,Placed
7.4,1,1,0,7,3.5,No,Yes,67,62,4,NotPlaced
8.0,2,2,2,8,3.8,Yes,Yes,79,78,0,Placed
8.7,2,3,2,8,4.7,Yes,Yes,80,84,0,Placed
7.4,1,2,0,7,4.5,No,Yes,66,86,2,NotPlaced
7.9,2,3,2,9,4.8,Yes,Yes,83,88,0,Placed
7.5,1,1,1,7,4.6,No,No,59,66,2,NotPlaced
7.4,2,1,1,8,4.5,Yes,Yes,68,84,2,NotPlaced
7.7,0,1,1,6,4.8,Yes,Yes,78,65,4,NotPlaced
7.8,0,1,1,7,3.8,No,Yes,73,73,2,NotPlaced
7.5,2,3,0,8,4.6,Yes,Yes,79,83,3,NotPlaced
8.2,2,3,1,6,4.0,Yes,Yes,77,82,1,NotPlaced
7.8,1,3,2,7,4.3,Yes,Yes,77,86,4,NotPlaced
7.6,1,1,0,7,4.6,Yes,Yes,68,84,2,NotPlaced
8.5,2,3,2,9,4.8,Yes,Yes,80,79,1,Placed
6.7,0,1,1,7,4.7,No,Yes,76,70,4,NotPlaced
7.6,1,3,0,8,4.5,No,Yes,56,72,4,NotPlaced
7.6,0,2,0,8,3.7,Yes,No,85,61,4,NotPlaced
7.3,1,2,0,7,4.4,No,Yes,58,67,2,NotPlaced
8.1,1,2,1,7,3.5,No,Yes,71,70,1,NotPlaced
7.6,2,3,0,8,4.4,No,Yes,80,68,0,Placed
7.4,1,2,0,7,3.8,No,Yes,59,63,3,NotPlaced
8.4,0,2,1,8,4.3,Yes,Yes,62,81,1,Placed
6.7,1,2,1,7,4.3,No,Yes,71,66,3,NotPlaced
6.5,1,1,0,7,4.7,No,Yes,79,64,2,NotPlaced
7.4,1,2,1,6,3.4,No,Yes,57,61,3,NotPlaced
8.4,2,3,1,7,4.1,Yes,Yes,68,64,1,NotPlaced
6.5,1,1,0,6,4.3,No,Yes,55,70,3,NotPlaced
6.6,1,2,1,8,4.4,Yes,Yes,74,82,3,NotPlaced
8.1,0,2,2,8,4.4,Yes,No,82,85,1,Placed
6.5,1,1,0,7,4.2,No,No,59,65,4,NotPlaced
8.5,1,3,2,7,4.5,Yes,Yes,75,84,1,NotPlaced
8.7,2,3,2,9,4.8,Yes,Yes,83,81,0,Placed
7.5,1,2,3,8,4.8,No,Yes,60,67,2,NotPlaced
8.1,2,3,2,9,4.8,Yes,Yes,86,88,0,Placed
8.2,1,3,1,8,4.1,Yes,Yes,77,83,1,NotPlaced
8.7,2,1,0,6,4.8,Yes,No,70,59,1,NotPlaced
6.6,0,1,2,7,4.2,No,Yes,86,88,0,Placed
8.1,0,2,3,7,4.1,Yes,Yes,81,78,1,Placed
6.5,1,3,0,8,3.7,No,No,59,66,2,NotPlaced
7.4,1,1,0,8,4.5,No,Yes,76,71,1,Placed
8.2,2,3,2,8,4.8,Yes,Yes,79,84,0,Placed
6.8,2,2,2,8,4.6,No,Yes,61,69,2,NotPlaced
8.0,1,2,1,7,4.5,No,Yes,68,75,3,NotPlaced
8.5,1,3,0,8,4.4,Yes,Yes,68,88,0,Placed
6.6,1,2,1,6,4.1,No,No,56,58,3,NotPlaced
8.4,1,2,0,7,3.8,No,Yes,60,64,1,NotPlaced
7.8,1,1,1,7,3.7,No,Yes,56,59,2,NotPlaced
7.7,1,2,0,8,3.8,Yes,Yes,65,59,4,NotPlaced
6.8,1,1,0,7,3.7,No,Yes,55,65,2,NotPlaced
7.3,1,2,1,7,4.7,No,No,59,57,2,NotPlaced
6.5,2,2,2,7,4.5,Yes,Yes,83,87,0,Placed
8.3,2,1,1,8,4.5,Yes,Yes,82,86,1,NotPlaced
7.3,1,2,1,7,3.8,No,Yes,58,73,2,NotPlaced
6.8,1,2,1,6,3.9,Yes,Yes,71,85,2,Placed
8.7,1,3,2,9,4.8,Yes,Yes,69,88,0,Placed
8.3,2,3,1,9,4.8,Yes,No,55,80,1,Placed
8.2,1,2,1,7,3.8,Yes,Yes,55,70,1,NotPlaced
8.2,1,1,2,8,4.4,No,No,76,82,1,NotPlaced
8.5,0,2,0,8,3.2,No,Yes,55,63,1,NotPlaced
8.0,0,1,1,8,3.8,No,Yes,55,71,2,NotPlaced
7.9,1,1,0,7,4.7,Yes,Yes,64,60,3,NotPlaced
7.7,1,1,2,8,4.4,No,No,55,70,4,NotPlaced
7.6,0,3,3,7,4.3,Yes,Yes,82,87,1,Placed
6.7,1,3,0,7,4.1,Yes,Yes,69,67,2,NotPlaced
8.5,0,2,2,7,4.5,Yes,No,76,83,0,Placed
8.8,1,2,2,9,4.8,Yes,No,75,88,0,Placed
6.5,2,3,1,8,4.6,Yes,No,83,63,3,NotPlaced
7.5,0,1,1,8,4.2,Yes,No,84,64,4,NotPlaced
7.7,2,3,2,7,4.6,Yes,Yes,78,83,4,NotPlaced
7.7,0,1,0,7,4.8,No,Yes,58,71,4,NotPlaced
8.6,1,1,2,8,4.3,Yes,Yes,57,82,0,Placed
7.5,0,2,0,6,3.6,No,No,61,59,2,NotPlaced
6.8,1,1,0,6,4.3,No,Yes,65,69,4,NotPlaced
8.1,0,3,2,9,4.8,Yes,Yes,69,84,1,NotPlaced
8.4,2,3,3,8,4.5,Yes,No,82,85,0,Placed
7.5,1,1,0,6,3.4,No,No,65,71,4,NotPlaced
8.1,1,3,0,7,4.8,Yes,No,71,72,1,NotPlaced
7.4,1,1,1,6,4.0,No,No,55,62,3,NotPlaced
8.4,2,3,2,8,4.6,Yes,Yes,72,79,0,Placed
8.2,0,3,2,9,4.8,Yes,Yes,79,80,0,Placed
8.0,1,2,1,8,4.3,No,Yes,71,61,3,NotPlaced
7.9,0,3,2,9,4.8,Yes,Yes,68,83,0,Placed
6.8,0,1,0,7,3.3,No,No,64,69,3,NotPlaced
8.3,2,3,2,8,4.6,Yes,Yes,76,85,0,Placed
7.4,1,2,1,7,4.3,No,Yes,55,85,4,NotPlaced
7.6,1,1,0,6,4.1,No,Yes,62,73,2,NotPlaced
8.5,2,3,1,9,4.8,Yes,Yes,78,82,1,NotPlaced
8.2,2,3,2,9,4.6,Yes,Yes,77,88,1,Placed
8.2,1,3,2,9,4.3,No,Yes,77,82,0,Placed
6.5,1,1,0,7,3.6,No,Yes,55,64,3,NotPlaced
7.5,1,1,2,8,4.5,Yes,Yes,77,84,1,Placed
7.5,1,2,1,8,4.1,No,Yes,71,84,4,NotPlaced
6.6,0,1,1,6,4.3,No,Yes,56,65,3,NotPlaced
7.6,1,1,1,8,4.5,Yes,Yes,83,86,0,Placed
7.5,1,1,1,8,4.5,Yes,Yes,64,68,4,NotPlaced
7.5,0,2,1,6,4.5,No,Yes,61,71,0,Placed
8.5,2,3,1,8,4.3,Yes,Yes,88,80,0,Placed
7.9,2,1,0,7,4.8,No,Yes,56,66,2,NotPlaced
8.2,0,2,0,8,4.1,Yes,No,57,70,1,NotPlaced
7.2,1,2,0,6,4.0,No,Yes,55,61,2,NotPlaced
8.6,2,3,2,9,4.8,Yes,Yes,75,84,0,Placed
6.5,1,1,1,7,3.9,No,Yes,67,73,1,Placed
8.7,1,3,0,8,4.5,Yes,Yes,77,81,0,Placed
7.8,1,2,0,7,4.8,Yes,Yes,75,65,0,Placed
7.7,1,1,0,8,4.0,No,Yes,55,66,2,NotPlaced
6.5,0,2,0,8,4.6,Yes,Yes,62,86,2,Placed
8.5,1,2,1,7,3.8,Yes,Yes,78,69,1,NotPlaced
7.4,2,3,0,8,4.6,Yes,Yes,75,72,1,Placed
8.6,1,3,2,8,4.8,Yes,Yes,71,82,0,Placed
8.0,1,2,1,8,3.6,No,Yes,69,69,3,NotPlaced
7.8,1,3,1,8,4.6,Yes,Yes,73,79,0,Placed
8.1,1,3,2,9,4.7,Yes,No,72,87,1,Placed
7.2,1,2,0,8,4.5,No,Yes,74,69,3,NotPlaced
8.4,2,3,2,8,4.8,Yes,Yes,78,88,1,Placed
8.4,0,3,2,8,4.6,Yes,Yes,90,79,1,NotPlaced
8.3,0,3,1,8,4.7,Yes,Yes,69,80,1,NotPlaced
7.2,0,2,1,6,3.9,No,No,67,69,3,NotPlaced
8.6,2,3,2,9,4.8,Yes,Yes,77,86,0,Placed
7.9,2,1,0,7,4.2,No,No,56,71,4,NotPlaced
6.6,1,1,2,8,4.8,Yes,No,68,71,3,NotPlaced
7.1,1,1,1,6,3.6,No,Yes,58,68,2,NotPlaced
7.8,0,3,0,9,4.7,Yes,Yes,72,69,1,Placed
6.6,1,1,1,8,4.0,No,No,73,72,4,NotPlaced
6.5,2,3,0,7,3.7,Yes,Yes,68,86,4,NotPlaced
7.5,2,1,0,8,4.6,Yes,No,58,81,4,NotPlaced
7.5,1,2,0,7,3.7,No,Yes,55,66,2,NotPlaced
7.8,0,2,2,7,4.6,Yes,Yes,58,60,4,NotPlaced
6.6,1,2,0,7,4.0,No,No,55,68,2,Placed
7.4,1,2,0,7,4.3,No,Yes,55,62,2,NotPlaced
7.8,1,3,2,7,4.2,Yes,No,77,82,3,NotPlaced
8.2,2,3,2,9,4.8,Yes,Yes,89,84,0,Placed
8.9,2,3,2,8,4.6,Yes,Yes,71,83,0,Placed
8.2,1,2,1,9,4.8,Yes,Yes,78,71,1,Placed
7.5,1,3,0,7,4.2,No,Yes,60,68,3,NotPlaced
7.7,1,2,0,6,3.9,No,Yes,62,63,2,NotPlaced
8.7,1,3,2,9,4.7,Yes,Yes,81,80,0,Placed
7.5,1,1,1,6,4.4,No,Yes,55,60,4,NotPlaced
6.6,1,1,1,8,3.7,No,Yes,55,60,2,Placed
7.4,2,3,1,8,4.8,No,Yes,77,68,1,Placed
7.5,0,3,2,9,4.8,Yes,Yes,82,81,1,Placed
8.2,1,1,1,7,4.6,No,Yes,55,61,1,NotPlaced
8.7,1,2,0,8,4.4,Yes,Yes,65,88,0,Placed
8.0,2,3,1,8,4.2,Yes,Yes,75,81,1,Placed
8.4,2,2,0,7,4.4,Yes,Yes,77,73,1,Placed
8.0,2,2,2,8,4.5,No,No,69,71,4,NotPlaced
7.5,1,2,2,7,4.7,Yes,Yes,55,70,4,NotPlaced
6.5,1,3,2,9,4.0,Yes,No,85,65,0,Placed
7.8,0,3,2,7,4.6,Yes,No,82,85,3,NotPlaced
7.6,1,2,0,6,4.5,No,Yes,62,63,4,NotPlaced
8.7,0,3,0,7,3.7,Yes,Yes,62,74,1,NotPlaced
7.2,1,1,0,8,3.5,No,Yes,84,70,2,NotPlaced
8.1,1,3,2,9,4.7,Yes,Yes,70,85,0,Placed
7.4,1,2,0,7,4.1,Yes,Yes,55,77,4,NotPlaced
8.2,2,2,2,8,4.8,Yes,Yes,78,83,1,Placed
8.2,2,1,2,9,4.8,Yes,Yes,79,68,0,Placed
6.5,1,2,1,6,4.0,Yes,Yes,66,69,3,NotPlaced
7.4,0,2,1,7,3.8,No,No,58,70,2,NotPlaced
7.3,0,1,1,8,3.6,No,Yes,62,65,4,NotPlaced
8.7,0,1,1,8,4.1,No,No,72,63,1,NotPlaced
8.5,2,1,3,8,3.6,Yes,Yes,67,81,1,NotPlaced
8.5,1,3,2,7,4.1,No,Yes,76,68,0,Placed
7.9,1,2,1,7,4.1,Yes,Yes,57,66,3,NotPlaced
7.4,2,3,0,7,4.8,Yes,Yes,86,73,3,NotPlaced
6.7,1,2,0,8,4.4,No,No,76,73,2,Placed
8.3,2,3,2,8,4.8,Yes,Yes,57,73,1,Placed
7.6,1,1,0,7,4.3,No,Yes,66,69,4,NotPlaced
7.5,1,2,0,9,4.2,No,Yes,77,64,1,Placed
8.9,0,3,0,8,4.8,Yes,No,77,78,0,Placed
7.3,1,1,0,7,4.1,Yes,No,57,64,2,NotPlaced
8.6,1,2,0,8,4.8,Yes,Yes,69,77,0,Placed
8.2,2,3,2,9,4.8,Yes,Yes,81,84,1,Placed
7.7,1,1,1,7,4.6,No,No,58,72,4,NotPlaced
7.9,1,3,0,8,4.7,Yes,Yes,87,85,0,Placed
7.4,1,1,1,8,4.6,No,Yes,68,65,2,NotPlaced
6.9,0,1,0,9,4.5,Yes,Yes,81,80,2,Placed
8.0,1,3,2,9,4.8,Yes,Yes,81,86,1,Placed
7.1,1,3,0,8,4.4,Yes,Yes,78,72,2,NotPlaced
6.9,0,1,1,7,3.8,No,No,61,67,2,NotPlaced
8.5,2,3,2,9,4.8,Yes,Yes,80,84,0,Placed
6.9,0,1,2,7,4.8,Yes,No,78,82,1,Placed
7.3,1,1,1,7,4.7,Yes,Yes,57,75,3,NotPlaced
7.8,2,3,0,8,4.6,No,Yes,71,68,2,NotPlaced
8.3,2,1,0,8,4.1,Yes,Yes,76,83,1,NotPlaced
8.6,1,3,2,8,4.4,Yes,Yes,71,83,0,Placed
8.6,2,3,0,8,4.8,No,No,75,66,1,NotPlaced
8.7,2,1,0,9,4.7,Yes,Yes,74,86,0,Placed
7.5,1,3,2,9,4.2,Yes,Yes,80,72,0,Placed
7.8,0,1,1,6,4.5,No,No,61,65,3,NotPlaced
6.5,0,1,0,7,3.4,No,Yes,59,67,4,NotPlaced
7.6,1,3,1,7,4.4,No,Yes,55,62,4,NotPlaced
6.5,1,1,1,8,3.8,Yes,Yes,58,65,4,NotPlaced
8.0,1,3,0,7,4.3,No,No,57,66,4,NotPlaced
8.0,2,3,0,8,4.8,Yes,Yes,73,82,1,Placed
7.5,1,1,0,6,4.2,Yes,Yes,57,70,0,Placed
7.8,1,3,0,7,4.4,No,Yes,77,70,0,Placed
7.3,1,1,1,7,3.6,No,Yes,55,66,3,NotPlaced
7.8,1,2,0,8,4.7,Yes,Yes,77,67,4,NotPlaced
6.5,1,1,1,8,3.4,No,No,56,66,3,NotPlaced
8.1,1,3,3,9,4.8,Yes,Yes,69,82,0,Placed
7.9,0,1,0,8,4.5,Yes,No,76,81,2,NotPlaced
8.7,1,3,0,7,4.6,Yes,Yes,86,83,0,Placed
7.1,2,2,0,7,4.0,No,Yes,55,69,0,Placed
8.9,1,3,2,8,4.8,Yes,No,82,81,0,Placed
8.3,0,3,0,7,4.2,Yes,No,77,69,1,NotPlaced
8.3,1,2,0,9,4.5,Yes,Yes,82,80,0,Placed
7.9,2,3,2,8,4.7,Yes,Yes,69,82,1,Placed
8.1,2,3,2,9,4.5,Yes,Yes,78,81,1,Placed
7.7,2,1,1,6,3.7,No,Yes,77,70,2,NotPlaced
8.1,2,3,2,8,4.5,Yes,Yes,76,88,1,Placed
7.8,1,3,0,8,4.3,No,No,64,70,2,NotPlaced
7.2,1,1,1,6,3.8,No,No,59,63,3,NotPlaced
8.4,1,1,2,8,4.8,Yes,Yes,82,68,1,Placed
8.4,2,3,2,9,4.8,Yes,Yes,82,86,0,Placed
8.2,1,1,0,7,4.2,No,Yes,55,62,1,NotPlaced
6.5,0,1,0,6,4.3,Yes,No,81,63,0,Placed
6.5,1,1,0,7,4.1,No,Yes,55,66,2,NotPlaced
8.3,2,3,2,9,4.8,Yes,Yes,74,83,1,Placed
8.2,0,3,2,7,4.5,No,Yes,88,84,1,Placed
8.1,1,2,2,7,4.5,Yes,Yes,79,81,1,Placed
6.5,1,1,1,6,3.8,No,No,56,62,2,NotPlaced
8.2,0,3,1,8,4.7,Yes,No,81,87,1,NotPlaced
7.7,1,3,1,7,4.6,Yes,Yes,74,63,3,NotPlaced
7.7,0,3,2,8,4.4,Yes,Yes,82,85,1,Placed
6.5,1,1,0,8,4.3,Yes,Yes,75,68,3,NotPlaced
8.3,2,3,2,8,4.8,Yes,Yes,74,80,1,NotPlaced
8.0,1,3,0,7,4.1,No,No,82,84,0,Placed
8.6,0,2,1,9,4.6,Yes,Yes,56,87,0,Placed
7.6,0,2,0,8,4.2,No,Yes,55,70,2,NotPlaced
7.0,1,1,1,7,4.3,No,Yes,74,64,3,NotPlaced
7.9,2,3,2,9,4.8,Yes,Yes,78,86,1,Placed
7.7,1,3,2,8,4.6,Yes,Yes,80,83,0,Placed
7.4,1,3,0,7,4.4,Yes,Yes,58,71,3,NotPlaced
6.5,1,1,1,7,4.1,No,Yes,55,62,3,NotPlaced
7.4,1,2,0,7,4.3,No,Yes,65,68,2,NotPlaced
7.8,2,3,2,8,4.1,Yes,Yes,76,80,1,Placed
7.7,1,1,0,8,4.8,Yes,Yes,55,61,3,NotPlaced
7.9,0,1,0,6,3.4,No,No,64,59,2,NotPlaced
7.4,1,1,0,7,4.8,No,Yes,72,66,3,NotPlaced
8.2,2,2,1,7,4.6,Yes,Yes,66,65,1,NotPlaced
7.4,0,1,0,7,4.6,No,No,56,69,4,NotPlaced
6.7,1,1,1,6,3.6,No,No,55,67,4,NotPlaced
6.5,1,2,0,8,4.2,Yes,No,74,78,4,NotPlaced
7.8,0,1,1,7,4.8,Yes,Yes,77,88,1,Placed
7.2,1,2,1,6,4.4,No,No,55,64,3,NotPlaced
8.1,0,2,0,8,4.0,No,Yes,67,84,1,Placed
8.2,1,2,0,8,4.6,Yes,Yes,66,86,1,Placed
8.2,0,3,3,9,4.7,Yes,Yes,65,87,0,Placed
8.4,2,1,2,8,4.7,Yes,Yes,77,82,1,NotPlaced
7.8,0,3,2,7,4.2,Yes,Yes,83,76,3,NotPlaced
7.3,1,2,1,7,4.6,No,Yes,55,75,3,NotPlaced
7.5,1,1,0,6,4.6,No,No,86,62,4,NotPlaced
8.0,2,1,0,7,4.1,No,Yes,80,67,0,Placed
7.5,2,3,2,9,4.7,Yes,Yes,80,83,1,Placed
8.4,2,3,1,8,4.7,Yes,Yes,63,78,0,Placed
6.6,1,1,0,7,3.4,No,No,56,69,4,NotPlaced
7.6,1,1,0,6,3.7,Yes,Yes,65,60,3,NotPlaced
7.1,1,2,0,8,4.3,Yes,Yes,69,65,3,NotPlaced
7.6,1,2,2,6,3.3,No,Yes,64,63,3,NotPlaced
7.5,1,1,2,7,3.5,Yes,Yes,55,64,3,NotPlaced
6.5,1,1,0,7,3.9,No,No,70,67,4,NotPlaced
6.7,1,1,1,7,4.0,No,Yes,62,65,2,NotPlaced
8.3,1,3,1,8,4.8,No,Yes,80,67,1,NotPlaced
8.6,2,1,2,7,4.6,Yes,No,55,82,1,NotPlaced
6.6,1,3,0,7,4.1,Yes,No,78,63,2,Placed
8.3,1,3,0,8,4.8,Yes,Yes,71,88,1,NotPlaced
7.6,1,2,1,7,3.9,No,No,55,69,2,NotPlaced
8.3,2,3,2,7,4.4,Yes,Yes,74,80,1,Placed
8.5,1,2,1,7,4.5,Yes,Yes,74,64,0,Placed
7.7,1,2,0,8,4.3,No,Yes,77,67,4,NotPlaced
7.4,1,1,0,8,4.4,No,Yes,58,73,4,NotPlaced
8.8,1,3,2,8,4.8,Yes,Yes,79,86,0,Placed
7.0,1,2,0,7,4.6,Yes,Yes,78,67,3,NotPlaced
7.7,0,3,2,8,4.7,No,Yes,79,67,4,NotPlaced
7.5,0,2,0,7,3.4,No,No,55,62,4,NotPlaced
7.5,1,1,1,7,3.6,No,Yes,63,65,3,NotPlaced
7.8,1,1,0,8,4.2,No,Yes,75,71,3,NotPlaced
6.8,1,1,2,7,4.2,Yes,No,77,84,3,NotPlaced
7.3,0,1,0,8,3.5,No,Yes,55,61,3,NotPlaced
7.2,0,2,1,6,3.6,No,No,74,71,4,NotPlaced
6.7,2,0,0,6,3.9,No,Yes,76,71,2,NotPlaced
7.3,0,3,2,7,4.6,Yes,Yes,72,88,1,Placed
6.6,2,3,1,7,4.6,Yes,No,56,57,3,NotPlaced
6.9,2,1,0,6,4.0,Yes,No,59,61,3,NotPlaced
8.2,1,1,0,7,4.2,No,No,72,69,1,NotPlaced
6.7,1,2,1,8,4.1,No,No,63,59,3,NotPlaced
7.9,1,2,1,6,4.2,No,Yes,56,69,3,NotPlaced
8.3,2,3,2,8,4.7,Yes,Yes,80,88,1,Placed
6.8,0,2,0,8,4.5,No,Yes,67,63,3,NotPlaced
7.6,1,2,0,8,4.8,No,Yes,57,68,3,NotPlaced
7.9,2,3,2,9,4.8,Yes,Yes,80,84,2,NotPlaced
6.5,0,3,0,8,4.8,Yes,Yes,90,68,2,NotPlaced
7.3,1,1,1,6,4.2,No,No,55,65,3,NotPlaced
7.7,2,3,0,7,4.1,Yes,Yes,70,81,3,NotPlaced
7.9,1,2,2,7,4.6,Yes,Yes,71,85,3,NotPlaced
7.9,2,3,1,8,4.2,Yes,Yes,83,69,3,NotPlaced
7.5,1,1,0,7,3.7,No,Yes,55,61,2,NotPlaced
7.5,1,3,0,8,4.2,Yes,Yes,81,71,2,NotPlaced
8.2,1,1,2,8,4.4,Yes,Yes,64,80,1,Placed
8.0,0,3,3,9,4.3,Yes,Yes,75,87,0,Placed
7.5,1,3,1,8,4.2,No,Yes,72,71,3,NotPlaced
7.8,1,1,0,6,4.7,No,No,57,64,3,NotPlaced
8.1,0,2,0,8,4.5,No,Yes,69,83,1,NotPlaced
8.2,1,1,0,7,4.2,No,No,55,62,1,NotPlaced
8.1,1,3,0,8,4.3,No,No,72,85,1,NotPlaced
8.1,1,3,2,9,4.5,Yes,Yes,77,81,0,Placed
6.7,1,2,1,6,4.6,No,Yes,72,68,4,NotPlaced
7.7,2,1,0,7,4.4,Yes,No,81,82,2,NotPlaced
7.6,0,1,1,7,4.4,No,Yes,70,67,3,NotPlaced
8.6,2,3,2,8,4.8,Yes,Yes,77,82,0,Placed
7.5,1,2,0,7,4.3,No,No,55,74,4,NotPlaced
8.4,2,2,2,7,4.8,Yes,No,78,82,0,Placed
8.1,2,3,2,8,4.6,Yes,Yes,78,84,1,Placed
6.5,1,2,0,7,4.6,No,Yes,62,57,3,NotPlaced
8.9,2,3,2,9,4.8,Yes,Yes,79,87,0,Placed
7.5,2,2,0,7,4.4,Yes,Yes,86,74,0,Placed
8.7,2,3,2,9,4.8,Yes,Yes,75,88,0,Placed
7.4,2,3,2,8,4.8,Yes,Yes,82,80,3,NotPlaced
7.8,1,1,1,6,3.4,No,No,55,69,1,Placed
8.3,1,3,1,8,4.6,Yes,Yes,75,82,1,NotPlaced
8.3,1,2,2,8,4.6,Yes,Yes,72,88,1,Placed
7.6,2,3,2,9,4.5,Yes,Yes,75,82,0,Placed
6.5,1,1,1,7,4.0,No,No,56,73,2,NotPlaced
7.4,1,3,1,7,4.5,Yes,Yes,83,67,0,Placed
7.9,1,3,0,9,4.6,Yes,Yes,81,79,1,Placed
8.4,1,1,0,7,4.2,No,Yes,55,69,1,NotPlaced
7.7,2,2,1,7,4.1,No,Yes,55,63,3,NotPlaced
8.2,1,3,1,8,4.8,Yes,Yes,71,82,1,NotPlaced
7.6,0,2,0,8,4.0,No,No,60,60,4,NotPlaced
6.8,1,1,0,6,4.1,No,No,57,61,4,NotPlaced
8.2,0,3,0,7,4.7,Yes,Yes,77,66,1,NotPlaced
8.3,2,3,2,8,4.7,Yes,Yes,70,85,0,Placed
7.1,0,2,0,6,3.2,No,No,57,57,2,NotPlaced
6.5,1,2,1,6,3.5,No,No,60,65,3,NotPlaced
8.6,1,3,2,9,4.8,Yes,Yes,90,88,0,Placed
7.6,2,2,0,7,4.3,No,Yes,77,67,0,Placed
7.9,2,1,1,7,4.1,Yes,Yes,58,76,3,NotPlaced
7.7,1,3,0,8,4.2,Yes,Yes,90,88,0,Placed
7.4,1,3,2,8,4.8,Yes,Yes,82,85,1,Placed
6.5,1,3,1,6,4.0,Yes,Yes,86,71,4,NotPlaced
8.2,1,2,1,9,4.7,Yes,Yes,76,80,0,Placed
7.6,1,2,2,7,4.8,No,Yes,73,84,1,Placed
7.3,0,2,1,7,4.8,No,Yes,83,72,4,NotPlaced
8.1,2,3,2,9,4.4,Yes,Yes,70,88,1,NotPlaced
7.5,1,1,1,7,4.3,No,No,57,68,2,NotPlaced
7.4,1,3,0,8,4.7,Yes,Yes,76,84,1,Placed
7.8,0,3,2,9,4.7,Yes,Yes,81,82,1,Placed
8.2,2,3,2,9,4.8,Yes,Yes,88,82,0,Placed
8.4,0,3,2,7,4.5,Yes,Yes,75,64,1,NotPlaced
8.2,2,3,2,9,4.7,Yes,Yes,85,80,1,Placed
7.6,2,1,2,8,4.8,Yes,No,88,62,4,NotPlaced
8.6,1,1,1,8,4.0,No,Yes,80,66,0,Placed
6.5,2,3,1,8,4.7,Yes,Yes,85,83,2,Placed
6.7,0,3,2,9,4.8,No,No,55,63,2,NotPlaced
7.5,1,1,0,7,4.5,No,No,55,67,3,NotPlaced
7.5,1,2,0,6,4.0,No,Yes,56,71,3,NotPlaced
7.5,1,1,1,6,4.1,No,No,55,64,4,NotPlaced
8.7,2,3,2,9,4.8,Yes,Yes,77,86,0,Placed
7.4,1,2,1,7,4.8,No,Yes,63,69,3,NotPlaced
7.8,0,1,1,7,4.1,Yes,Yes,55,70,3,NotPlaced
8.1,2,3,2,9,4.4,Yes,Yes,81,87,1,Placed
7.3,1,1,0,8,4.4,No,No,55,65,4,NotPlaced
7.8,2,3,0,9,4.8,Yes,Yes,78,83,0,Placed
8.0,0,0,2,7,4.8,Yes,No,62,64,0,Placed
7.5,1,3,1,9,4.8,Yes,Yes,74,85,1,Placed
7.8,1,2,0,8,3.9,No,No,63,71,4,NotPlaced
6.5,0,3,0,6,4.2,Yes,No,64,62,1,Placed
7.9,0,1,0,6,4.1,No,No,72,84,4,NotPlaced
7.7,0,3,1,8,4.3,No,No,55,71,3,NotPlaced
8.0,1,3,0,8,4.3,Yes,Yes,79,67,4,NotPlaced
7.8,1,1,0,8,4.5,Yes,Yes,70,65,3,NotPlaced
8.5,2,3,2,9,4.8,Yes,Yes,80,84,0,Placed
8.4,1,3,2,9,4.6,Yes,Yes,82,88,1,Placed
7.4,2,1,1,8,4.0,Yes,No,76,66,0,Placed
7.0,1,3,0,8,4.6,No,Yes,71,72,4,NotPlaced
7.6,1,2,1,8,4.6,No,No,90,79,2,NotPlaced
6.8,1,1,1,7,3.8,No,Yes,60,67,4,NotPlaced
7.5,0,2,1,6,3.5,No,Yes,75,66,3,NotPlaced
8.5,2,3,0,8,4.8,Yes,Yes,79,80,0,Placed
6.9,1,2,1,7,4.4,Yes,Yes,55,66,4,NotPlaced
8.2,0,1,0,7,4.8,Yes,Yes,55,66,0,Placed
6.5,0,3,2,8,4.7,Yes,No,65,81,1,Placed
7.7,1,2,2,7,4.1,Yes,Yes,66,78,3,NotPlaced
7.7,1,1,1,7,4.2,Yes,Yes,66,67,4,NotPlaced
6.8,1,1,0,7,3.8,No,Yes,62,67,2,NotPlaced
8.3,1,3,0,7,4.7,Yes,Yes,76,82,1,NotPlaced
7.6,2,1,1,8,3.9,No,Yes,55,67,3,NotPlaced
7.4,0,3,0,7,4.4,Yes,Yes,70,81,0,Placed
8.1,2,3,2,9,4.8,Yes,Yes,76,84,0,Placed
7.7,0,1,1,6,4.2,Yes,No,64,64,2,NotPlaced
6.5,2,3,2,8,4.0,Yes,No,74,83,4,NotPlaced
8.0,2,3,2,9,4.8,Yes,Yes,75,88,1,Placed
6.9,1,1,1,7,4.3,No,Yes,57,57,3,NotPlaced
8.5,2,2,0,7,4.8,Yes,No,55,64,1,NotPlaced
6.5,1,1,0,8,4.5,Yes,Yes,55,84,4,NotPlaced
7.7,1,1,0,7,3.9,No,Yes,59,67,0,Placed
7.4,1,2,1,9,4.8,Yes,Yes,73,67,1,Placed
6.7,1,1,1,6,4.3,No,No,55,60,4,NotPlaced
8.3,1,2,2,8,4.4,Yes,Yes,78,86,0,Placed
7.6,0,1,1,7,4.0,No,No,69,69,3,NotPlaced
8.4,1,1,0,7,3.9,Yes,No,60,82,1,NotPlaced
7.1,1,2,1,7,4.3,No,Yes,59,69,4,NotPlaced
7.4,1,1,2,8,4.3,Yes,Yes,55,66,4,NotPlaced
7.5,1,2,1,9,4.3,Yes,Yes,59,84,1,Placed
8.3,2,3,0,9,4.8,Yes,Yes,78,83,1,Placed
8.3,2,3,2,8,4.7,Yes,Yes,76,87,0,Placed
7.6,1,2,1,7,4.6,No,Yes,74,85,1,Placed
7.5,1,2,0,8,3.6,No,No,57,69,4,NotPlaced
8.6,2,2,2,8,4.8,Yes,No,83,77,0,Placed
6.6,1,2,1,8,3.4,Yes,Yes,81,85,1,Placed
8.6,2,3,2,8,4.4,Yes,Yes,69,86,0,Placed
7.4,1,1,1,6,3.8,No,Yes,55,64,0,Placed
7.7,1,2,0,8,4.4,Yes,Yes,55,82,1,Placed
7.5,1,1,0,7,4.5,No,No,56,74,2,NotPlaced
7.4,1,2,0,6,4.3,No,Yes,56,67,4,NotPlaced
8.5,1,1,2,8,4.3,Yes,Yes,89,86,1,Placed
6.5,1,1,1,8,4.6,No,No,56,73,4,NotPlaced
7.9,1,1,1,6,4.5,No,No,74,69,2,NotPlaced
6.6,0,1,1,7,3.4,No,No,83,65,3,NotPlaced
8.3,2,3,2,9,4.8,Yes,No,69,80,0,Placed
8.5,2,3,2,8,4.6,Yes,Yes,85,84,0,Placed
7.4,1,2,1,7,4.7,Yes,Yes,59,67,4,NotPlaced
7.9,2,3,2,9,4.6,Yes,Yes,82,87,0,Placed
8.3,1,3,0,8,4.6,Yes,Yes,72,83,1,NotPlaced
7.6,1,2,0,7,4.3,Yes,Yes,79,69,1,Placed
7.6,0,1,2,7,4.6,Yes,Yes,76,67,0,Placed
8.1,1,3,0,9,4.8,Yes,Yes,83,83,1,NotPlaced
6.5,1,1,1,7,4.2,No,No,58,71,4,NotPlaced
6.8,0,3,2,8,4.8,Yes,Yes,78,69,1,Placed
7.3,1,1,0,8,4.3,No,No,61,74,3,NotPlaced
8.2,2,3,1,9,4.8,Yes,Yes,82,77,0,Placed
7.6,0,3,2,8,3.8,Yes,No,79,83,4,NotPlaced
7.4,1,3,0,8,4.2,Yes,Yes,55,74,4,NotPlaced
6.5,0,1,0,7,4.1,No,No,55,67,4,NotPlaced
8.2,1,2,3,8,4.5,Yes,Yes,69,82,1,NotPlaced
8.4,0,3,2,8,4.0,Yes,No,79,80,0,Placed
7.4,1,1,1,7,3.7,No,No,55,63,2,NotPlaced
7.3,1,1,0,9,4.6,Yes,No,76,62,2,NotPlaced
8.4,1,2,1,8,4.8,Yes,Yes,55,66,1,Placed
7.8,0,3,2,9,4.8,Yes,Yes,64,88,3,NotPlaced
8.5,0,3,1,8,4.0,Yes,Yes,59,82,1,NotPlaced
8.1,2,3,2,9,4.8,Yes,Yes,79,83,0,Placed
8.7,2,3,2,8,4.8,Yes,Yes,55,84,0,Placed
6.9,0,1,0,7,3.6,No,No,61,67,2,NotPlaced
8.3,2,3,2,9,4.8,Yes,Yes,71,84,1,Placed
7.6,1,1,0,7,4.0,No,Yes,75,70,0,Placed
7.3,1,1,1,8,4.1,No,No,55,68,4,NotPlaced
7.3,1,1,0,7,4.6,Yes,Yes,75,67,4,NotPlaced
8.8,1,3,2,8,4.8,Yes,Yes,72,84,0,Placed
6.7,1,1,0,8,3.9,No,Yes,66,66,1,Placed
8.3,2,3,2,9,4.6,Yes,Yes,80,83,0,Placed
8.2,1,3,2,8,4.8,Yes,Yes,55,82,1,NotPlaced
7.6,1,3,1,6,4.6,Yes,Yes,72,83,0,Placed
7.3,1,1,0,7,3.9,Yes,No,70,59,2,NotPlaced
8.0,2,3,2,8,4.8,Yes,Yes,75,84,1,Placed
7.6,1,3,0,6,4.3,No,Yes,73,72,0,Placed
8.2,2,1,2,7,4.2,Yes,Yes,85,85,1,NotPlaced
8.1,2,2,0,7,4.4,Yes,Yes,78,83,1,Placed
7.1,0,2,2,7,4.2,No,No,63,64,3,NotPlaced
8.6,1,2,0,8,3.7,Yes,Yes,77,65,0,Placed
7.0,1,2,0,6,4.3,No,Yes,69,69,3,NotPlaced
8.7,0,1,2,8,4.5,Yes,Yes,73,86,0,Placed
8.1,1,2,1,8,4.3,Yes,Yes,77,83,1,NotPlaced
7.5,1,2,0,8,4.6,Yes,Yes,83,81,0,Placed
8.3,1,2,1,7,3.9,No,Yes,61,79,1,NotPlaced
6.5,2,3,2,7,4.2,No,No,90,67,2,NotPlaced
8.5,2,2,2,8,4.5,Yes,Yes,81,84,1,Placed
7.5,0,2,1,6,4.5,No,No,55,65,3,NotPlaced
8.2,1,3,2,8,4.7,Yes,Yes,75,68,1,Placed
8.3,1,3,0,9,4.7,Yes,Yes,86,78,1,Placed
7.2,1,2,0,8,4.3,Yes,Yes,83,63,3,NotPlaced
7.1,2,3,2,9,4.4,Yes,Yes,77,87,1,Placed
7.6,1,2,0,7,3.4,No,Yes,55,74,2,NotPlaced
7.7,1,2,1,7,4.1,No,Yes,67,64,4,NotPlaced
8.7,2,3,3,8,4.2,Yes,Yes,87,84,0,Placed
6.7,0,1,1,6,4.4,No,No,76,68,4,NotPlaced
7.9,1,3,0,7,3.7,No,Yes,67,83,3,NotPlaced
8.4,2,1,1,8,4.8,No,Yes,75,78,1,NotPlaced
6.9,0,1,0,6,3.9,Yes,No,67,65,2,NotPlaced
7.7,1,2,0,7,3.6,No,Yes,64,81,2,NotPlaced
8.4,2,3,2,9,4.7,Yes,Yes,76,84,0,Placed
7.8,0,1,0,7,4.0,Yes,No,64,69,2,NotPlaced
8.1,2,3,0,8,4.8,Yes,Yes,72,88,1,NotPlaced
8.5,1,1,2,8,3.4,Yes,No,76,85,1,NotPlaced
7.7,2,3,2,7,4.8,Yes,No,82,69,2,NotPlaced
8.4,1,3,1,7,4.1,No,Yes,83,87,0,Placed
8.4,2,3,2,8,4.5,Yes,Yes,78,78,1,Placed
6.5,1,2,1,7,3.8,No,No,61,70,4,NotPlaced
7.5,1,1,0,8,4.6,Yes,Yes,60,67,4,NotPlaced
7.4,1,1,1,7,4.2,No,Yes,65,65,4,NotPlaced
8.7,1,3,2,9,4.8,Yes,Yes,70,88,0,Placed
6.7,1,1,1,6,3.4,No,Yes,59,68,2,NotPlaced
8.5,2,3,2,8,4.3,No,Yes,67,88,1,NotPlaced
6.9,1,1,1,7,4.4,No,No,86,63,3,NotPlaced
8.1,2,3,2,8,4.4,Yes,Yes,86,83,0,Placed
8.3,2,2,0,9,4.6,Yes,Yes,81,81,0,Placed
8.1,1,3,2,9,4.6,Yes,Yes,79,88,0,Placed
7.6,1,2,0,8,4.0,Yes,Yes,62,70,3,NotPlaced
7.9,1,2,2,9,4.3,Yes,Yes,74,88,0,Placed
6.5,1,3,2,7,4.7,Yes,No,78,62,2,NotPlaced
7.8,0,3,0,7,3.7,Yes,Yes,85,79,1,Placed
6.8,1,2,0,6,4.8,No,No,55,73,3,NotPlaced
8.3,0,1,2,8,4.7,Yes,Yes,65,64,1,Placed
8.7,1,3,2,9,4.7,Yes,Yes,74,86,0,Placed
7.4,0,2,0,7,4.0,No,Yes,55,73,0,Placed
7.9,0,2,0,6,4.2,No,No,61,66,2,NotPlaced
8.1,2,3,2,9,4.8,Yes,Yes,80,83,0,Placed
7.9,2,3,2,9,4.8,Yes,Yes,82,84,0,Placed
6.5,1,1,1,8,3.4,No,No,55,72,4,NotPlaced
6.7,1,1,1,6,4.0,No,Yes,64,61,4,NotPlaced
8.2,0,1,0,7,4.8,No,No,62,68,1,NotPlaced
8.1,2,3,2,8,4.6,Yes,Yes,85,80,0,Placed
7.0,1,1,1,7,4.8,No,No,61,63,4,NotPlaced
7.0,1,1,1,6,3.0,No,No,55,62,3,NotPlaced
7.7,1,2,0,7,3.6,Yes,Yes,55,71,1,Placed
6.5,2,1,0,7,3.6,No,No,63,65,3,NotPlaced
8.0,1,2,0,8,4.2,Yes,Yes,66,72,4,NotPlaced
7.9,2,3,2,8,4.3,Yes,Yes,78,65,0,Placed
8.3,1,3,2,8,4.8,Yes,Yes,66,88,1,Placed
6.7,1,1,0,7,3.1,No,Yes,74,58,3,NotPlaced
8.4,1,1,2,8,3.9,Yes,Yes,64,84,0,Placed
8.2,2,2,1,7,4.5,No,Yes,65,84,1,NotPlaced
7.9,1,1,1,6,4.3,No,No,57,80,3,NotPlaced
8.3,1,1,2,8,4.6,Yes,No,59,85,1,NotPlaced
8.6,2,2,2,8,4.0,Yes,Yes,72,84,1,NotPlaced
7.5,1,1,0,7,4.1,No,Yes,55,63,2,NotPlaced
8.1,1,2,3,8,4.5,Yes,Yes,88,70,1,Placed
8.2,2,3,1,7,4.8,Yes,Yes,79,86,0,Placed
8.4,2,1,2,7,4.5,Yes,Yes,71,72,1,NotPlaced
6.9,1,2,1,7,4.5,No,No,60,65,2,NotPlaced
6.8,1,1,0,6,4.3,Yes,No,84,61,4,NotPlaced
7.8,1,2,3,8,4.4,Yes,Yes,75,84,2,NotPlaced
8.1,1,3,1,8,4.7,Yes,Yes,78,85,0,Placed
7.7,0,1,1,7,3.9,No,No,58,66,2,NotPlaced
7.6,0,1,0,6,3.5,No,No,55,67,4,NotPlaced
8.6,1,2,0,7,4.4,No,No,55,66,0,Placed
7.5,1,1,0,7,3.7,No,No,55,58,2,NotPlaced
8.3,0,1,1,7,3.5,No,No,60,71,1,NotPlaced
7.7,1,1,0,7,3.9,No,Yes,55,67,4,NotPlaced
7.6,1,1,0,7,3.5,No,No,63,62,3,NotPlaced
7.5,1,3,0,8,4.0,Yes,Yes,60,62,3,NotPlaced
8.1,2,3,2,9,4.8,Yes,Yes,86,85,0,Placed
7.8,1,3,2,8,4.2,Yes,Yes,70,65,1,Placed
8.4,1,3,1,7,4.4,Yes,Yes,78,82,0,Placed
8.0,2,3,2,9,4.8,Yes,Yes,87,88,0,Placed
8.1,2,3,2,9,4.8,Yes,Yes,70,81,1,Placed
7.6,2,3,2,8,4.6,Yes,Yes,72,85,0,Placed
6.8,0,3,1,8,4.2,Yes,Yes,74,72,2,NotPlaced
7.3,1,2,2,7,4.7,Yes,Yes,75,72,3,NotPlaced
6.6,0,1,1,6,3.8,No,No,61,68,4,NotPlaced
6.6,1,1,0,7,3.9,No,Yes,60,69,3,NotPlaced
8.4,1,2,0,7,4.5,Yes,Yes,68,81,1,Placed
8.1,0,3,2,9,4.2,Yes,Yes,69,88,1,Placed
8.1,2,3,2,9,4.8,Yes,Yes,84,86,1,Placed
7.5,2,2,0,7,4.5,Yes,Yes,82,82,0,Placed
7.7,1,3,0,7,4.8,No,Yes,75,69,4,NotPlaced
8.4,0,1,0,9,4.6,Yes,Yes,84,78,1,Placed
7.5,0,2,0,8,4.8,Yes,Yes,68,64,1,Placed
7.8,0,1,1,6,4.2,No,No,57,71,2,NotPlaced
8.4,2,3,1,8,4.6,Yes,Yes,74,70,1,NotPlaced
6.6,1,1,1,6,4.6,No,No,55,79,2,NotPlaced
8.3,2,3,1,8,4.7,No,No,81,84,1,NotPlaced
7.4,1,1,1,6,4.5,No,No,55,67,2,NotPlaced
8.2,1,3,2,8,4.7,Yes,Yes,73,86,0,Placed
6.5,1,1,1,7,4.0,No,No,65,65,4,NotPlaced
7.6,1,2,1,8,4.7,No,Yes,64,65,2,NotPlaced
8.3,1,3,3,8,4.8,Yes,Yes,81,86,1,Placed
6.5,0,1,0,7,3.6,No,No,60,59,4,NotPlaced
6.5,1,1,0,7,3.9,No,Yes,57,76,2,NotPlaced
6.5,1,2,0,7,4.6,No,Yes,64,70,4,NotPlaced
8.4,1,3,2,6,3.6,Yes,Yes,72,61,1,Placed
8.6,1,3,0,8,4.8,Yes,Yes,79,71,0,Placed
8.3,1,3,2,8,4.6,Yes,No,80,81,1,NotPlaced
8.4,1,2,2,7,4.1,Yes,Yes,55,73,1,NotPlaced
7.6,0,1,0,6,4.1,No,No,55,68,2,NotPlaced
8.3,2,3,2,9,4.8,Yes,Yes,77,85,1,Placed
7.7,0,1,2,7,4.6,No,Yes,84,63,4,NotPlaced
6.5,0,1,1,7,4.4,Yes,Yes,55,75,2,NotPlaced
7.6,1,1,0,7,4.0,No,Yes,55,57,3,NotPlaced
7.7,1,1,0,7,3.9,No,Yes,55,72,2,NotPlaced
8.2,1,3,2,7,4.8,Yes,Yes,73,70,1,NotPlaced
7.6,1,2,1,8,4.5,No,No,60,64,3,NotPlaced
7.3,1,3,2,8,4.7,Yes,Yes,70,84,1,Placed
8.3,2,2,1,8,4.3,Yes,Yes,73,72,1,NotPlaced
8.4,1,3,2,9,4.7,Yes,Yes,79,88,1,Placed
7.5,1,1,1,8,3.8,No,No,58,67,2,NotPlaced
7.7,1,2,0,7,4.4,Yes,Yes,80,83,2,NotPlaced
7.6,1,1,0,7,3.9,No,No,57,62,2,NotPlaced
7.1,1,2,0,7,4.0,No,No,57,72,2,NotPlaced
7.9,1,1,1,8,4.3,No,Yes,55,70,4,NotPlaced
6.6,0,1,1,7,4.1,No,Yes,64,70,3,NotPlaced
8.2,2,2,1,9,4.8,No,Yes,72,62,0,Placed
7.4,1,2,2,8,3.5,Yes,Yes,57,68,1,Placed
8.4,1,3,2,7,4.8,Yes,No,85,81,1,NotPlaced
6.8,0,3,2,7,3.9,Yes,Yes,85,73,2,NotPlaced
7.7,1,2,2,9,4.8,No,No,62,86,3,NotPlaced
7.9,1,2,1,8,4.5,Yes,Yes,67,63,3,NotPlaced
8.1,1,3,1,8,4.4,No,Yes,77,87,0,Placed
8.4,2,3,2,9,4.5,Yes,Yes,85,86,1,Placed
7.3,0,2,1,7,3.7,No,No,58,68,4,NotPlaced
8.2,2,3,2,8,4.8,Yes,Yes,75,72,0,Placed
7.6,1,1,1,6,4.2,No,No,56,67,3,NotPlaced
6.7,1,3,1,8,4.3,Yes,No,87,67,2,NotPlaced
7.1,0,2,0,8,3.8,No,Yes,57,70,2,NotPlaced
8.3,1,3,3,9,4.8,Yes,Yes,80,81,1,Placed
7.4,0,1,1,6,3.5,No,No,69,63,2,NotPlaced
8.6,0,3,2,8,4.8,Yes,Yes,85,83,0,Placed
6.7,1,2,1,6,4.1,No,No,55,70,3,NotPlaced
8.0,1,2,0,8,4.4,Yes,Yes,87,82,1,Placed
6.5,1,1,1,6,4.3,No,No,55,67,4,NotPlaced
7.1,0,1,1,7,4.0,No,Yes,56,64,3,NotPlaced
6.7,0,1,0,8,4.4,No,No,62,68,3,NotPlaced
6.5,0,1,1,6,3.7,No,No,58,66,4,NotPlaced
7.7,1,1,2,8,4.7,Yes,Yes,80,82,3,NotPlaced
6.5,1,2,0,6,3.4,No,No,56,71,2,NotPlaced
6.5,1,2,0,6,4.4,No,No,72,68,4,NotPlaced
7.7,0,1,1,6,4.0,No,No,57,66,2,NotPlaced
8.0,2,3,2,9,4.7,Yes,Yes,70,87,1,Placed
6.5,1,1,0,7,4.8,Yes,Yes,79,62,1,Placed
7.1,1,1,1,7,4.3,No,Yes,55,65,4,NotPlaced
7.4,0,2,0,8,3.6,No,No,75,68,3,NotPlaced
8.0,1,1,2,8,4.5,Yes,Yes,63,69,0,Placed
6.5,1,1,1,7,3.9,No,No,58,66,4,NotPlaced
7.5,2,1,2,7,3.9,Yes,Yes,68,82,2,NotPlaced
8.9,1,2,0,7,4.5,Yes,Yes,71,86,1,NotPlaced
8.3,2,1,0,8,4.8,Yes,No,74,86,1,NotPlaced
8.4,1,3,2,9,4.8,Yes,Yes,70,84,1,NotPlaced
6.6,0,2,1,7,3.2,No,Yes,62,58,2,NotPlaced
6.6,1,1,1,7,3.6,No,No,61,72,1,Placed
8.1,2,3,1,7,3.7,Yes,Yes,86,66,0,Placed
6.5,2,3,2,8,3.5,Yes,No,82,68,0,Placed
7.6,0,1,1,8,4.1,No,Yes,56,68,1,Placed
6.5,1,2,0,7,4.6,Yes,No,71,75,1,Placed
6.5,0,3,2,9,4.8,Yes,Yes,82,86,0,Placed
8.6,2,3,2,9,4.8,Yes,Yes,79,82,0,Placed
6.5,1,2,0,8,4.3,No,Yes,80,69,3,NotPlaced
8.0,1,1,0,8,3.9,Yes,No,55,66,2,NotPlaced
7.6,0,1,1,8,4.3,No,No,55,68,2,NotPlaced
7.4,0,1,1,6,4.7,No,No,55,58,2,NotPlaced
8.4,2,3,0,7,4.8,No,No,64,81,1,Placed
8.4,1,3,0,7,4.7,Yes,Yes,79,84,0,Placed
7.5,1,2,1,6,3.8,No,Yes,57,69,3,NotPlaced
6.5,1,1,0,7,4.7,No,Yes,56,69,2,Placed
8.2,2,3,1,7,3.8,No,No,73,65,1,NotPlaced
7.4,1,2,1,6,4.2,No,Yes,58,64,3,NotPlaced
8.4,1,3,2,8,4.8,Yes,Yes,80,85,0,Placed
7.2,1,1,1,6,4.3,No,No,58,62,3,NotPlaced
7.5,1,1,0,7,4.2,No,No,62,68,4,NotPlaced
6.5,1,2,0,7,4.3,No,Yes,55,70,4,NotPlaced
8.6,2,3,2,9,4.8,Yes,Yes,84,85,0,Placed
6.5,1,1,2,7,4.1,Yes,Yes,64,85,3,NotPlaced
7.7,1,1,1,7,4.3,Yes,No,57,71,3,NotPlaced
8.7,1,3,2,9,4.8,Yes,Yes,76,85,0,Placed
6.5,0,1,0,6,3.5,No,Yes,55,71,3,NotPlaced
8.1,1,3,1,9,4.8,Yes,Yes,74,80,0,Placed
7.6,1,2,1,6,4.5,No,Yes,80,66,3,NotPlaced
8.7,2,3,1,7,4.3,Yes,Yes,72,67,1,NotPlaced
7.7,0,1,1,7,4.0,No,No,55,62,2,NotPlaced
8.7,1,3,2,8,4.8,Yes,Yes,83,86,0,Placed
7.1,1,2,0,7,3.7,Yes,Yes,71,69,0,Placed
6.6,1,2,1,7,3.7,No,No,55,66,3,NotPlaced
6.5,0,2,0,7,4.5,No,Yes,55,68,1,Placed
7.6,1,2,0,6,3.9,No,No,55,63,2,NotPlaced
7.4,1,1,1,8,3.8,No,Yes,55,84,2,NotPlaced
8.0,1,1,0,8,4.7,No,Yes,60,87,1,Placed
7.6,1,3,1,8,4.8,No,No,82,68,1,Placed
8.3,2,3,2,9,4.7,Yes,Yes,76,88,0,Placed
7.0,0,1,0,8,4.4,Yes,No,55,73,2,NotPlaced
7.9,1,1,2,7,4.8,Yes,No,80,79,4,NotPlaced
6.5,0,3,1,6,3.5,Yes,Yes,86,72,0,Placed
7.6,1,1,0,7,4.0,No,Yes,60,68,2,NotPlaced
7.4,1,1,1,6,4.7,No,Yes,55,66,4,NotPlaced
7.1,1,2,0,8,4.6,No,Yes,71,61,1,Placed
6.5,1,1,0,6,4.1,No,Yes,55,64,2,NotPlaced
8.5,1,3,1,7,4.7,Yes,Yes,65,85,1,NotPlaced
8.4,0,3,2,8,4.1,Yes,Yes,70,84,1,Placed
8.6,2,3,3,8,4.7,Yes,Yes,70,86,0,Placed
8.0,1,2,1,8,4.4,Yes,Yes,83,84,1,Placed
8.0,1,1,1,7,3.7,Yes,Yes,73,69,4,NotPlaced
8.5,2,2,0,8,4.3,Yes,Yes,80,86,0,Placed
8.2,0,3,0,7,4.7,Yes,Yes,76,88,1,Placed
7.6,0,1,1,8,4.3,Yes,No,74,67,2,NotPlaced
8.3,2,3,0,7,4.5,Yes,No,59,85,1,NotPlaced
6.8,1,2,2,8,3.9,Yes,Yes,61,66,2,Placed
7.8,2,3,1,8,4.4,Yes,Yes,76,80,4,NotPlaced
8.6,1,3,1,8,4.6,Yes,Yes,77,74,0,Placed
7.8,2,3,0,8,4.3,Yes,Yes,72,88,0,Placed
8.2,1,3,2,7,4.5,Yes,Yes,80,63,1,NotPlaced
8.3,0,3,2,8,4.3,No,No,81,82,1,NotPlaced
7.6,1,3,0,8,4.3,Yes,Yes,84,67,2,NotPlaced
7.6,1,1,0,8,4.5,No,No,62,67,2,NotPlaced
6.5,1,1,0,7,3.5,No,Yes,58,73,4,NotPlaced
6.5,1,1,1,6,4.0,No,Yes,55,66,4,NotPlaced
7.5,2,2,0,8,4.8,Yes,Yes,72,79,0,Placed
7.4,2,1,0,7,4.3,No,No,66,74,1,Placed
7.8,0,3,0,6,4.2,Yes,Yes,73,71,0,Placed
7.7,1,2,1,6,3.4,No,Yes,60,80,4,NotPlaced
7.7,2,1,1,9,4.5,Yes,Yes,56,73,1,Placed
8.2,1,1,0,7,4.7,Yes,Yes,75,84,1,NotPlaced
7.2,1,1,0,7,4.2,No,No,65,74,4,NotPlaced
7.5,0,1,2,8,4.0,No,Yes,66,63,2,NotPlaced
7.5,0,1,0,6,3.5,No,No,60,73,3,NotPlaced
7.3,0,1,1,7,4.1,No,No,64,72,3,NotPlaced
7.1,1,2,0,8,4.2,Yes,Yes,73,84,1,Placed
8.0,2,3,3,8,4.8,Yes,Yes,78,86,3,NotPlaced
7.7,0,1,0,6,3.9,No,Yes,56,62,2,NotPlaced
7.5,2,3,1,8,4.4,Yes,Yes,71,80,1,Placed
7.7,0,1,0,7,3.4,No,No,55,65,2,NotPlaced
7.5,1,1,0,7,4.3,No,Yes,55,71,4,NotPlaced
7.9,1,3,2,8,4.8,No,Yes,74,80,1,Placed
6.6,1,1,1,7,4.6,No,Yes,55,66,2,Placed
6.5,0,1,0,7,4.1,No,Yes,83,67,4,NotPlaced
8.4,2,3,3,8,4.8,No,Yes,72,70,1,Placed
8.4,2,3,2,9,4.8,Yes,Yes,71,87,1,NotPlaced
7.3,1,1,0,6,4.0,No,Yes,63,70,2,NotPlaced
7.6,1,2,0,6,3.8,Yes,No,55,68,3,NotPlaced
8.2,1,3,2,9,4.6,Yes,Yes,86,85,1,Placed
8.3,1,3,0,7,3.9,Yes,Yes,76,81,0,Placed
6.5,2,3,0,8,4.3,No,Yes,56,70,3,NotPlaced
8.3,1,2,2,7,4.5,Yes,Yes,56,67,1,Placed
7.2,0,2,2,9,4.8,Yes,Yes,82,75,1,Placed
7.7,0,1,0,6,3.5,No,No,55,61,3,NotPlaced
7.8,0,2,1,6,3.6,No,Yes,85,66,2,NotPlaced
8.4,2,3,2,9,4.8,No,Yes,70,85,1,Placed
8.1,1,2,0,8,4.6,Yes,Yes,82,86,1,Placed
8.0,0,3,0,8,4.6,Yes,Yes,84,70,1,Placed
8.3,1,1,1,6,4.1,No,No,55,71,1,NotPlaced
6.7,1,2,1,7,4.4,No,No,60,88,2,NotPlaced
6.6,1,2,0,7,3.8,Yes,Yes,56,86,2,NotPlaced
7.6,0,1,1,6,4.1,No,No,55,62,3,NotPlaced
7.5,1,1,0,7,3.9,No,No,56,75,3,NotPlaced
6.5,1,1,0,8,3.9,No,Yes,55,60,3,NotPlaced
8.3,1,2,2,8,4.6,Yes,Yes,83,87,1,Placed
6.5,0,2,1,6,4.7,Yes,Yes,72,72,3,NotPlaced
7.9,2,3,2,8,4.5,No,Yes,74,67,2,NotPlaced
6.6,1,3,0,8,4.4,No,Yes,76,65,4,NotPlaced
8.1,2,3,2,9,4.7,Yes,Yes,78,82,0,Placed
7.3,1,1,1,8,3.9,Yes,No,67,70,2,NotPlaced
6.6,0,1,1,6,4.5,No,No,65,71,4,NotPlaced
7.6,1,1,0,8,3.8,No,Yes,59,60,3,NotPlaced
6.5,1,1,1,6,3.4,No,Yes,69,70,4,NotPlaced
7.5,0,1,0,7,4.1,No,No,60,72,4,NotPlaced
7.4,1,1,1,6,4.2,No,Yes,55,68,2,NotPlaced
6.5,1,2,0,6,4.0,No,No,57,71,3,NotPlaced
7.6,1,2,0,7,4.0,Yes,Yes,75,64,3,NotPlaced
6.8,1,1,1,7,4.1,No,No,73,72,4,NotPlaced
8.8,2,3,2,9,4.8,Yes,Yes,80,80,0,Placed
6.7,1,2,0,7,4.4,No,Yes,58,65,3,NotPlaced
7.3,1,1,2,6,4.6,No,Yes,55,70,1,Placed
7.6,1,2,1,8,4.0,No,Yes,55,61,4,NotPlaced
7.7,1,2,1,6,4.1,No,Yes,78,63,4,NotPlaced
8.0,2,2,2,8,4.5,Yes,Yes,72,88,3,NotPlaced
7.9,0,1,2,8,4.3,No,Yes,61,63,0,Placed
8.4,1,3,0,7,4.6,Yes,Yes,86,83,1,NotPlaced
7.5,1,1,0,6,4.3,No,No,62,62,3,NotPlaced
6.6,1,2,0,8,4.0,No,No,78,67,4,NotPlaced
8.3,2,3,2,9,4.8,Yes,Yes,80,88,1,Placed
7.4,2,3,2,7,4.8,Yes,Yes,85,75,0,Placed
6.8,1,2,0,7,3.4,No,Yes,76,63,3,NotPlaced
8.4,1,3,2,9,4.8,Yes,Yes,80,78,0,Placed
8.3,1,1,2,8,4.1,Yes,No,70,80,0,Placed
7.9,2,1,2,8,4.8,Yes,No,78,77,4,NotPlaced
7.5,1,1,0,6,3.8,No,No,58,63,3,NotPlaced
8.2,2,1,1,6,4.5,Yes,No,83,79,1,NotPlaced
6.9,1,2,0,8,4.8,Yes,Yes,73,87,0,Placed
6.7,0,1,0,7,4.3,No,No,67,60,4,NotPlaced
7.6,0,3,2,8,3.7,Yes,Yes,80,83,4,NotPlaced
7.9,1,2,2,7,4.5,Yes,Yes,55,58,2,NotPlaced
7.8,1,1,2,8,4.3,Yes,Yes,59,65,1,Placed
8.1,2,3,2,7,4.5,No,Yes,57,68,0,Placed
8.6,2,3,0,8,4.8,Yes,Yes,83,85,0,Placed
7.7,1,2,1,7,4.7,Yes,Yes,73,88,3,NotPlaced
8.2,2,3,2,9,4.8,Yes,Yes,87,88,1,Placed
8.0,1,2,2,8,4.5,Yes,Yes,81,81,1,Placed
7.4,1,2,0,7,4.6,No,No,78,65,4,NotPlaced
7.6,1,2,0,6,4.1,No,Yes,57,65,4,NotPlaced
7.8,0,2,0,7,4.3,No,No,55,68,4,NotPlaced
7.6,1,2,1,7,4.3,No,Yes,60,71,4,NotPlaced
8.1,2,2,1,8,4.8,Yes,Yes,88,67,1,NotPlaced
8.1,0,1,0,8,4.5,Yes,Yes,79,82,0,Placed
8.6,1,1,2,7,4.5,Yes,Yes,68,82,1,NotPlaced
7.8,1,2,2,7,4.0,No,Yes,73,58,2,NotPlaced
8.3,0,3,2,7,3.8,Yes,Yes,83,85,0,Placed
7.3,1,1,1,7,4.1,No,Yes,80,68,3,NotPlaced
7.1,0,1,0,6,3.6,No,Yes,73,72,0,Placed
8.2,2,3,2,9,4.6,Yes,No,72,85,1,NotPlaced
7.5,1,1,0,8,4.5,No,Yes,58,76,0,Placed
8.4,1,1,1,7,4.8,Yes,No,67,84,1,NotPlaced
6.8,1,2,1,8,4.0,Yes,Yes,56,82,3,NotPlaced
8.7,2,3,2,9,4.8,Yes,Yes,76,85,0,Placed
8.0,2,2,2,8,3.3,Yes,Yes,65,69,2,NotPlaced
8.6,1,3,1,8,4.7,Yes,Yes,81,87,0,Placed
8.1,2,3,3,7,4.5,Yes,Yes,69,67,1,NotPlaced
6.5,1,1,0,7,4.2,No,No,55,59,4,NotPlaced
8.4,0,3,0,8,4.8,Yes,Yes,77,84,0,Placed
8.3,0,3,2,7,4.3,Yes,No,77,87,1,NotPlaced
7.8,2,2,2,8,4.8,Yes,Yes,74,88,0,Placed
7.5,1,2,1,7,4.6,No,Yes,65,71,4,NotPlaced
8.3,2,3,2,9,4.8,Yes,Yes,81,87,0,Placed
7.4,1,1,0,6,4.7,Yes,Yes,55,72,2,NotPlaced
8.1,1,1,1,7,4.6,Yes,No,61,63,1,NotPlaced
7.9,2,3,2,8,4.7,Yes,Yes,85,84,1,Placed
7.8,1,3,2,8,4.3,Yes,Yes,73,72,0,Placed
7.0,1,1,2,8,4.8,Yes,No,72,82,3,NotPlaced
8.3,1,1,0,8,4.4,No,No,71,62,1,NotPlaced
6.9,1,1,0,7,4.6,Yes,Yes,65,82,0,Placed
8.2,1,2,0,8,4.8,Yes,No,65,71,0,Placed
7.9,1,1,0,8,4.6,Yes,No,61,68,1,Placed
7.8,2,3,1,7,4.3,Yes,Yes,82,82,1,Placed
7.7,1,2,1,8,4.6,Yes,Yes,76,83,1,Placed
8.5,2,2,2,8,4.8,Yes,Yes,75,88,0,Placed
7.7,1,2,0,7,4.5,Yes,Yes,71,68,2,NotPlaced
8.3,2,3,2,8,4.8,Yes,Yes,82,84,1,Placed
8.4,1,3,2,8,4.2,Yes,Yes,76,83,1,Placed
7.5,1,1,1,7,4.0,No,Yes,55,60,4,NotPlaced
7.4,1,2,3,7,4.8,Yes,Yes,85,71,4,NotPlaced
8.2,2,1,0,7,4.5,Yes,Yes,77,67,1,NotPlaced
7.9,1,2,2,8,4.8,Yes,Yes,70,84,1,Placed
8.3,2,3,2,9,4.8,Yes,Yes,72,84,1,NotPlaced
6.5,0,1,0,7,4.5,No,No,58,84,3,NotPlaced
7.6,1,2,0,7,3.8,Yes,Yes,55,73,1,Placed
8.1,2,3,3,9,4.7,Yes,Yes,64,83,0,Placed
7.7,2,3,0,8,4.4,Yes,Yes,78,82,4,NotPlaced
8.3,1,1,1,7,4.8,Yes,Yes,78,83,1,NotPlaced
7.7,1,1,1,7,4.2,No,Yes,55,72,2,NotPlaced
8.5,1,3,2,8,4.2,Yes,Yes,87,88,1,Placed
8.0,2,3,2,9,4.8,Yes,Yes,78,87,1,Placed
7.5,1,1,1,6,3.3,No,No,68,58,3,NotPlaced
8.7,0,1,2,9,4.5,Yes,Yes,76,87,0,Placed
8.3,1,2,1,7,3.9,No,No,55,66,1,NotPlaced
8.0,2,3,2,9,4.3,Yes,Yes,72,84,1,Placed
7.7,0,2,0,7,4.2,Yes,Yes,82,87,0,Placed
7.8,1,1,1,7,4.3,No,Yes,62,70,4,NotPlaced
8.5,2,3,2,8,4.8,Yes,Yes,74,83,0,Placed
7.5,1,1,0,7,3.9,No,Yes,55,69,4,NotPlaced
8.2,1,2,3,8,4.6,Yes,Yes,74,83,1,NotPlaced
8.7,2,3,2,9,4.8,Yes,Yes,79,85,0,Placed
7.5,1,1,2,7,3.5,No,Yes,69,67,3,NotPlaced
7.6,0,2,2,6,4.0,No,Yes,76,67,3,NotPlaced
6.5,1,1,0,8,3.8,No,No,61,65,2,Placed
7.7,1,1,1,7,4.1,Yes,Yes,74,61,2,NotPlaced
8.6,0,3,2,7,4.2,Yes,No,73,85,0,Placed
6.5,0,1,1,8,4.5,No,No,55,71,2,NotPlaced
7.6,2,2,2,6,4.7,Yes,No,57,66,3,NotPlaced
7.5,2,1,2,8,4.0,No,No,76,75,2,NotPlaced
6.5,1,1,1,7,3.8,No,No,55,62,4,NotPlaced
7.6,1,2,0,8,4.0,No,No,59,68,3,NotPlaced
7.9,0,3,1,8,4.6,Yes,No,77,80,0,Placed
6.5,1,1,1,7,3.9,No,Yes,55,70,4,NotPlaced
8.3,2,3,2,9,4.7,Yes,Yes,82,83,1,NotPlaced
8.1,2,3,2,9,4.8,Yes,Yes,80,88,0,Placed
7.5,1,2,2,7,4.1,No,Yes,72,83,0,Placed
6.8,1,1,0,8,4.3,No,Yes,77,75,2,NotPlaced
7.4,1,1,0,7,3.9,No,No,55,80,4,NotPlaced
6.6,1,2,0,7,4.1,No,Yes,55,72,4,NotPlaced
8.4,1,2,2,7,4.5,No,Yes,55,85,1,NotPlaced
8.8,1,1,2,8,4.4,Yes,Yes,78,81,0,Placed
7.8,0,1,0,7,4.1,No,Yes,58,65,1,Placed
7.4,0,2,0,8,3.8,No,Yes,78,71,4,NotPlaced
7.4,0,1,1,7,4.4,No,No,55,57,2,NotPlaced
7.6,1,1,3,7,4.8,No,Yes,70,66,3,NotPlaced
8.3,1,3,2,9,4.8,Yes,Yes,86,84,1,Placed
8.4,0,3,0,7,4.6,Yes,Yes,73,83,0,Placed
7.2,0,1,0,6,3.8,No,No,55,63,2,NotPlaced
8.2,2,3,2,8,4.7,Yes,Yes,85,88,0,Placed
8.5,2,3,2,9,4.8,Yes,Yes,73,88,1,Placed
7.7,1,1,0,7,4.3,No,Yes,78,72,3,NotPlaced
8.7,1,2,2,7,4.3,Yes,Yes,79,88,0,Placed
8.8,1,3,2,8,4.8,Yes,Yes,77,84,1,NotPlaced
8.7,1,2,0,7,4.4,Yes,Yes,71,80,0,Placed
8.8,2,3,2,9,4.8,Yes,Yes,72,88,0,Placed
8.4,1,3,3,9,4.7,Yes,Yes,78,72,0,Placed
8.1,2,3,2,9,4.6,Yes,Yes,82,88,0,Placed
7.6,1,2,0,8,4.5,No,Yes,76,84,4,NotPlaced
7.4,1,1,0,7,3.8,No,Yes,55,70,3,NotPlaced
8.1,0,3,2,9,4.7,Yes,Yes,82,86,1,Placed
7.8,1,1,2,8,4.8,Yes,Yes,79,65,1,Placed
7.5,0,2,0,7,4.4,No,Yes,62,65,2,NotPlaced
8.1,0,2,3,7,4.2,Yes,No,82,74,1,NotPlaced
7.4,1,1,1,8,4.5,No,Yes,57,77,4,NotPlaced
7.5,0,1,1,6,3.6,No,No,63,72,3,NotPlaced
7.7,1,3,2,9,4.7,Yes,Yes,80,84,0,Placed
7.6,1,2,2,7,4.4,Yes,Yes,82,74,3,NotPlaced
6.5,0,1,0,7,3.9,No,No,64,67,3,NotPlaced
7.3,1,1,2,8,4.2,Yes,Yes,72,74,4,NotPlaced
8.3,2,3,2,8,4.4,Yes,Yes,66,84,1,Placed
7.5,1,1,0,7,3.4,No,No,55,61,3,NotPlaced
8.7,2,1,3,7,4.6,Yes,Yes,79,79,0,Placed
7.4,1,3,1,8,3.6,No,No,57,61,4,NotPlaced
7.8,2,1,0,8,4.2,Yes,Yes,71,65,1,Placed
8.0,1,3,2,8,4.8,Yes,Yes,70,81,3,NotPlaced
7.3,1,1,1,7,3.7,No,Yes,55,74,3,NotPlaced
8.3,0,1,0,7,3.5,No,Yes,70,70,0,Placed
7.8,1,1,1,7,4.5,No,Yes,78,66,3,NotPlaced
8.2,1,3,2,9,4.8,Yes,Yes,72,85,0,Placed
8.4,2,2,2,8,4.7,Yes,Yes,56,85,1,NotPlaced
8.5,1,1,0,7,4.5,Yes,Yes,84,68,1,NotPlaced
7.4,0,2,1,8,4.5,Yes,Yes,55,68,1,Placed
7.2,1,1,1,8,4.4,No,No,59,68,4,NotPlaced
6.9,1,2,1,7,4.1,No,No,60,64,3,NotPlaced
8.5,0,3,3,8,4.7,Yes,Yes,73,85,1,NotPlaced
7.8,2,3,2,9,4.3,Yes,Yes,80,85,1,Placed
7.5,0,3,1,8,4.2,No,Yes,56,68,4,NotPlaced
6.5,1,1,0,6,4.5,No,No,59,64,4,NotPlaced
6.7,0,1,0,6,3.9,No,Yes,55,58,2,NotPlaced
7.3,1,2,2,7,4.6,No,No,55,68,0,Placed
7.4,1,2,1,6,3.6,Yes,Yes,57,61,2,NotPlaced
8.6,2,3,2,9,4.8,Yes,Yes,73,80,0,Placed
6.5,1,2,0,8,4.2,No,No,79,65,2,NotPlaced
7.7,1,2,0,8,4.3,No,Yes,69,74,4,NotPlaced
6.7,1,1,1,6,3.7,No,No,56,64,4,NotPlaced
7.4,0,1,1,6,4.1,No,Yes,55,74,4,NotPlaced
7.7,1,2,0,8,4.8,Yes,Yes,70,85,1,Placed
8.7,2,3,0,8,4.8,Yes,Yes,70,80,0,Placed
7.8,2,3,2,9,4.7,Yes,Yes,80,86,1,Placed
8.0,2,3,2,9,4.8,Yes,Yes,73,88,4,NotPlaced
7.7,2,1,1,7,4.6,Yes,Yes,89,87,1,Placed
8.3,1,3,2,8,4.6,Yes,Yes,80,81,1,NotPlaced
7.5,1,3,0,8,4.4,Yes,Yes,73,83,1,Placed
8.3,2,3,2,8,4.8,Yes,Yes,70,85,0,Placed
8.1,1,1,1,7,4.7,Yes,Yes,56,68,1,NotPlaced
8.5,0,3,2,9,4.8,Yes,Yes,87,85,1,Placed
8.6,2,3,0,8,4.8,Yes,Yes,89,83,0,Placed
7.9,1,1,2,9,4.8,Yes,Yes,73,84,4,NotPlaced
8.1,1,2,0,8,4.3,Yes,Yes,78,74,0,Placed
6.9,1,1,0,7,4.5,No,Yes,55,63,2,NotPlaced
6.8,2,3,3,8,4.0,Yes,Yes,78,82,2,NotPlaced
7.7,1,1,0,8,4.7,Yes,Yes,71,63,1,Placed
6.7,1,3,0,8,4.1,No,No,65,69,3,NotPlaced
6.5,1,2,1,7,4.5,Yes,Yes,55,74,2,NotPlaced
8.1,2,3,2,8,4.6,Yes,Yes,80,84,0,Placed
7.5,0,1,1,7,3.9,No,Yes,55,75,3,NotPlaced
8.4,2,3,0,8,4.2,Yes,Yes,60,86,1,NotPlaced
6.8,1,1,0,7,4.5,No,No,55,65,2,Placed
7.9,1,3,1,8,3.9,Yes,Yes,77,85,2,NotPlaced
6.5,1,1,0,7,4.1,No,No,55,66,2,NotPlaced
7.8,1,3,0,8,4.8,Yes,Yes,77,87,1,Placed
6.5,0,2,1,6,3.5,No,No,55,73,3,NotPlaced
7.8,0,1,1,7,4.8,No,Yes,73,67,3,NotPlaced
7.8,0,1,0,6,4.0,No,No,56,68,3,NotPlaced
6.5,1,1,0,6,3.8,No,Yes,55,71,3,NotPlaced
8.3,1,3,2,7,4.8,Yes,Yes,71,87,1,Placed
8.3,0,3,1,7,3.4,Yes,Yes,77,71,1,NotPlaced
7.6,1,3,1,7,4.5,Yes,Yes,57,68,4,NotPlaced
8.0,1,3,2,9,4.8,Yes,Yes,77,83,3,NotPlaced
7.5,0,1,0,7,4.1,No,No,55,68,2,NotPlaced
6.5,0,1,0,7,4.0,Yes,Yes,68,67,3,NotPlaced
8.5,1,3,1,8,4.7,Yes,Yes,55,84,0,Placed
7.6,1,1,2,7,4.2,No,No,78,60,4,NotPlaced
7.7,2,3,1,8,4.2,Yes,No,83,84,1,Placed
7.5,1,1,3,6,3.6,No,No,58,72,2,NotPlaced
8.0,2,1,0,8,4.4,No,Yes,75,73,0,Placed
8.2,0,1,2,8,4.6,Yes,No,75,58,0,Placed
7.3,1,2,1,7,4.8,Yes,Yes,63,64,2,NotPlaced
8.8,2,1,2,8,4.8,Yes,Yes,72,84,0,Placed
8.1,1,3,2,9,4.8,Yes,Yes,81,83,0,Placed
8.1,2,2,2,8,4.7,Yes,Yes,69,82,1,NotPlaced
6.5,1,1,0,8,4.3,No,Yes,55,63,2,NotPlaced
7.7,1,3,2,7,4.4,Yes,Yes,55,85,2,NotPlaced
7.9,2,3,1,9,4.0,Yes,Yes,82,75,1,Placed
6.9,0,2,1,7,3.7,No,No,55,64,4,NotPlaced
6.8,1,1,3,7,4.3,No,Yes,75,74,3,NotPlaced
7.6,1,1,0,7,3.8,No,No,55,70,4,NotPlaced
7.7,1,1,0,8,4.7,No,Yes,55,61,2,NotPlaced
8.6,2,3,2,9,4.3,Yes,No,78,79,0,Placed
8.0,1,3,2,8,4.6,Yes,Yes,87,81,0,Placed
6.5,2,3,0,8,4.0,No,No,55,73,2,NotPlaced
7.8,1,2,1,7,4.1,No,Yes,55,63,4,NotPlaced
7.6,1,1,1,7,4.5,No,No,82,64,3,NotPlaced
7.6,1,1,2,7,3.6,No,Yes,62,72,3,NotPlaced
8.1,2,3,2,9,4.8,Yes,Yes,84,88,1,Placed
6.9,2,1,0,7,4.8,No,Yes,71,83,4,NotPlaced
6.8,1,1,0,7,3.7,No,Yes,61,65,2,Placed
7.2,1,1,0,6,4.0,No,No,55,67,4,NotPlaced
8.4,0,1,0,7,4.4,No,No,61,58,1,NotPlaced
8.2,0,3,2,8,4.8,Yes,Yes,73,87,0,Placed
6.7,1,1,2,9,4.2,Yes,No,79,88,2,NotPlaced
6.9,1,1,2,8,4.5,Yes,Yes,81,68,0,Placed
7.5,1,1,1,7,4.5,Yes,Yes,72,86,0,Placed
7.7,1,2,1,7,3.8,No,No,55,64,4,NotPlaced
7.4,0,2,0,7,4.4,No,Yes,78,69,4,NotPlaced
7.2,1,2,1,6,3.1,No,Yes,67,65,3,NotPlaced
7.5,1,1,1,6,3.7,No,Yes,69,70,3,NotPlaced
8.1,1,1,2,7,4.8,Yes,Yes,73,87,1,Placed
7.5,1,2,1,7,4.4,Yes,Yes,64,74,2,NotPlaced
8.3,2,3,0,8,4.6,Yes,Yes,86,83,1,Placed
7.9,1,2,0,8,4.8,No,Yes,77,66,2,NotPlaced
8.1,1,2,1,7,4.2,No,Yes,71,85,1,NotPlaced
8.2,1,3,2,9,4.8,Yes,Yes,85,86,0,Placed
7.4,0,1,0,7,3.8,No,No,79,62,3,NotPlaced
7.7,1,2,0,7,4.3,No,Yes,55,70,3,NotPlaced
6.9,1,3,2,8,3.5,Yes,Yes,59,60,2,Placed
7.6,2,2,0,8,3.8,Yes,No,81,65,3,NotPlaced
7.5,1,2,0,7,3.7,Yes,Yes,67,70,3,NotPlaced
8.7,0,1,3,7,4.8,Yes,Yes,85,68,0,Placed
7.7,2,1,1,6,4.2,No,Yes,55,78,4,NotPlaced
8.3,1,2,0,7,4.7,Yes,Yes,88,65,1,Placed
7.5,1,1,1,7,3.9,No,No,55,66,2,NotPlaced
6.9,1,3,2,8,4.4,Yes,Yes,79,70,0,Placed
8.0,1,2,0,7,4.4,No,No,84,77,2,NotPlaced
8.3,2,3,0,9,4.6,Yes,Yes,78,70,1,Placed
7.6,1,1,1,7,3.6,Yes,Yes,55,74,0,Placed
8.9,2,1,2,9,3.7,Yes,Yes,62,69,0,Placed
7.5,1,3,0,8,4.5,Yes,Yes,74,80,1,Placed
8.3,1,2,0,7,4.3,No,Yes,79,84,0,Placed
6.7,1,2,0,7,3.8,Yes,Yes,73,74,4,NotPlaced
6.5,1,1,0,7,4.5,No,No,59,66,2,NotPlaced
7.7,0,3,2,9,4.8,Yes,Yes,76,84,1,Placed
7.0,0,1,2,7,4.0,Yes,Yes,56,62,4,NotPlaced
8.6,2,3,2,9,4.8,Yes,No,74,81,0,Placed
7.6,1,2,1,8,4.7,Yes,Yes,86,65,2,NotPlaced
8.5,1,1,1,8,4.7,Yes,Yes,77,59,1,Placed
8.4,0,3,2,7,4.5,Yes,Yes,81,68,0,Placed
8.8,1,3,2,7,4.3,Yes,Yes,71,79,0,Placed
8.4,1,3,2,8,4.8,No,Yes,77,84,0,Placed
7.4,1,1,0,7,4.5,Yes,Yes,70,78,1,Placed
8.2,1,3,2,9,4.4,Yes,Yes,85,84,0,Placed
7.1,1,1,0,7,3.9,No,No,57,70,2,NotPlaced
8.3,0,1,2,9,4.8,Yes,Yes,81,82,1,Placed
8.4,0,2,1,8,4.7,Yes,Yes,57,75,1,NotPlaced
6.5,0,2,0,7,4.3,Yes,Yes,55,69,2,NotPlaced
7.2,1,1,1,9,4.5,No,Yes,81,71,3,NotPlaced
8.4,2,2,2,7,4.7,Yes,Yes,76,80,0,Placed
7.7,1,3,2,9,4.8,Yes,Yes,79,88,0,Placed
7.3,0,2,0,6,3.8,No,Yes,55,63,2,NotPlaced
6.5,1,1,1,6,4.1,No,Yes,60,64,4,NotPlaced
8.3,1,1,0,7,4.0,No,No,55,68,1,NotPlaced
7.2,0,1,0,7,3.8,No,Yes,81,70,3,NotPlaced
8.2,2,3,2,9,4.8,Yes,Yes,81,88,1,Placed
7.4,1,1,1,8,4.3,No,No,84,67,4,NotPlaced
8.4,1,3,2,9,4.8,Yes,Yes,80,87,1,Placed
7.6,1,3,0,8,4.3,Yes,Yes,81,81,1,Placed
7.6,1,1,1,7,4.1,No,Yes,64,70,4,NotPlaced
7.5,2,2,3,7,4.2,Yes,Yes,71,67,1,Placed
8.1,2,3,2,8,4.8,Yes,Yes,75,86,0,Placed
7.6,1,2,1,7,4.3,Yes,Yes,74,82,1,Placed
8.3,2,3,2,8,4.7,Yes,No,89,85,0,Placed
7.7,2,3,2,9,4.8,Yes,Yes,70,86,2,NotPlaced
7.4,1,2,2,8,4.4,Yes,Yes,56,64,0,Placed
8.5,1,2,2,7,4.8,Yes,Yes,57,70,1,NotPlaced
8.4,1,1,1,6,4.1,Yes,Yes,63,60,1,NotPlaced
8.6,1,3,1,9,4.8,Yes,Yes,72,83,1,NotPlaced
7.9,0,2,2,8,4.0,Yes,Yes,85,88,0,Placed
7.6,1,1,1,8,4.5,No,Yes,58,77,2,NotPlaced
7.5,1,2,0,8,4.0,Yes,Yes,58,82,2,NotPlaced
8.0,2,3,1,8,4.8,Yes,Yes,72,82,4,NotPlaced
8.2,0,1,2,8,4.4,Yes,No,79,72,1,Placed
7.5,1,1,0,6,4.1,Yes,Yes,55,67,2,NotPlaced
8.6,0,3,2,8,4.6,No,Yes,55,78,0,Placed
8.1,1,1,2,7,4.1,Yes,No,64,65,1,NotPlaced
8.1,2,3,2,9,4.8,Yes,Yes,78,83,1,Placed
8.5,2,3,0,9,4.8,Yes,Yes,73,88,0,Placed
8.6,2,2,2,9,4.8,Yes,Yes,72,88,0,Placed
6.5,1,3,2,8,4.6,No,Yes,81,71,3,NotPlaced
6.5,0,1,0,6,3.7,No,No,67,71,4,NotPlaced
7.7,0,1,0,6,4.0,Yes,No,67,63,0,Placed
8.2,1,1,1,8,4.3,No,No,75,64,1,NotPlaced
7.7,1,3,0,8,4.1,Yes,Yes,77,68,1,Placed
8.2,0,1,1,8,4.8,Yes,Yes,55,85,0,Placed
8.5,2,3,2,9,4.1,Yes,Yes,74,81,0,Placed
8.6,0,3,2,8,4.3,Yes,Yes,83,68,0,Placed
7.4,1,2,1,7,3.8,No,Yes,55,73,4,NotPlaced
8.5,2,3,0,9,4.7,Yes,Yes,84,88,1,Placed
8.2,1,2,0,8,3.9,Yes,Yes,75,86,1,NotPlaced
7.8,2,3,0,8,4.6,Yes,Yes,79,69,0,Placed
7.0,0,2,1,6,3.8,Yes,No,75,67,3,NotPlaced
7.4,1,2,2,8,4.2,Yes,Yes,73,66,0,Placed
7.5,1,3,0,7,4.5,Yes,No,82,64,4,NotPlaced
8.0,0,3,2,9,4.8,Yes,Yes,81,83,1,Placed
8.2,0,3,2,8,4.7,No,Yes,81,82,0,Placed
7.6,1,1,1,6,4.5,No,Yes,55,68,2,NotPlaced
6.5,2,1,0,6,3.7,No,No,55,67,4,NotPlaced
6.8,2,2,2,7,4.3,Yes,Yes,78,86,2,Placed
7.6,0,2,0,8,4.0,Yes,Yes,57,83,2,NotPlaced
7.5,1,1,0,7,4.0,No,No,55,71,3,NotPlaced
7.3,1,2,0,7,4.6,No,Yes,55,72,2,NotPlaced
8.3,2,3,2,8,4.2,Yes,Yes,76,87,0,Placed
7.3,1,2,1,6,4.5,No,Yes,55,84,3,NotPlaced
8.5,1,3,2,8,4.8,Yes,Yes,72,83,1,Placed
8.6,1,3,2,9,4.6,Yes,Yes,85,84,0,Placed
8.6,1,3,2,7,4.5,Yes,Yes,68,82,0,Placed
8.2,1,3,2,9,4.8,Yes,Yes,64,87,1,NotPlaced
8.1,1,2,2,8,4.4,Yes,Yes,81,86,1,Placed
7.0,1,1,2,7,4.8,Yes,Yes,70,88,2,NotPlaced
8.2,2,2,0,8,4.1,No,Yes,84,84,1,Placed
6.6,0,1,2,7,4.1,No,Yes,84,70,3,NotPlaced
6.6,1,1,0,7,3.9,No,No,63,62,2,NotPlaced
8.6,2,3,2,8,4.8,Yes,Yes,73,87,0,Placed
7.7,1,2,1,6,3.8,No,Yes,75,60,4,NotPlaced
7.6,0,3,1,9,4.6,Yes,Yes,80,72,0,Placed
7.4,1,2,0,9,4.7,Yes,Yes,77,84,1,Placed
7.3,0,1,0,7,4.2,Yes,Yes,60,66,4,NotPlaced
6.5,1,2,0,7,4.4,No,No,55,59,3,NotPlaced
7.2,0,2,0,7,4.6,No,No,61,71,3,NotPlaced
7.5,0,1,0,7,4.3,Yes,Yes,60,61,3,NotPlaced
7.9,1,3,0,8,4.5,Yes,Yes,59,84,0,Placed
8.7,1,3,2,9,4.8,Yes,Yes,79,88,1,NotPlaced
7.9,2,3,2,8,4.6,Yes,No,77,69,3,NotPlaced
6.8,0,1,1,6,3.5,Yes,Yes,57,62,4,NotPlaced
8.2,0,3,3,9,4.6,Yes,Yes,75,84,1,Placed
8.5,1,1,2,8,4.7,Yes,Yes,80,77,1,Placed
6.6,1,1,1,7,4.5,No,No,65,63,1,Placed
6.6,1,1,0,7,3.3,No,Yes,60,68,3,NotPlaced
6.5,1,1,1,6,3.6,No,No,58,67,4,NotPlaced
7.6,1,2,1,8,4.8,Yes,Yes,55,68,3,NotPlaced
7.6,2,2,2,7,3.8,Yes,Yes,75,84,3,NotPlaced
7.5,0,1,0,6,3.7,No,No,55,67,3,NotPlaced
8.0,1,3,2,9,4.8,Yes,Yes,75,82,0,Placed
8.8,2,3,2,9,4.8,Yes,Yes,77,85,0,Placed
7.5,0,1,0,8,4.5,No,No,58,67,2,NotPlaced
7.3,2,1,1,8,4.6,No,Yes,74,75,4,NotPlaced
8.0,2,3,1,9,4.3,Yes,Yes,79,73,1,Placed
7.6,1,1,0,7,4.6,Yes,Yes,76,64,2,NotPlaced
7.5,2,3,1,9,4.4,No,Yes,81,81,4,NotPlaced
6.5,1,1,0,6,4.6,No,Yes,55,74,4,NotPlaced
7.6,0,1,0,7,4.3,No,Yes,71,64,3,NotPlaced
8.2,0,1,0,9,4.7,No,Yes,67,86,1,NotPlaced
7.4,0,3,2,8,4.4,Yes,Yes,79,67,3,NotPlaced
8.4,1,3,2,9,4.1,Yes,Yes,77,82,0,Placed
8.7,2,2,2,9,4.8,Yes,Yes,80,85,0,Placed
8.2,2,3,2,9,4.8,Yes,Yes,82,88,1,Placed
8.3,1,3,0,9,4.1,Yes,Yes,82,81,1,Placed
7.8,1,2,1,7,4.4,No,Yes,70,78,2,NotPlaced
8.1,0,2,0,7,4.5,No,Yes,55,67,1,NotPlaced
6.6,2,2,0,8,3.7,Yes,Yes,58,72,0,Placed
7.6,2,2,0,8,4.0,Yes,Yes,55,67,1,Placed
8.6,0,3,2,9,4.8,Yes,Yes,81,82,0,Placed
8.4,2,3,2,8,4.5,No,Yes,86,81,1,Placed
8.1,2,3,2,8,4.6,Yes,No,79,88,0,Placed
8.1,1,3,1,8,4.8,Yes,Yes,82,82,1,Placed
7.7,0,1,0,7,4.3,Yes,No,55,68,2,NotPlaced
6.9,1,1,0,6,4.7,Yes,Yes,60,63,2,NotPlaced
7.8,1,1,2,7,4.7,No,No,55,65,3,NotPlaced
7.6,1,1,1,7,3.9,No,Yes,62,70,4,NotPlaced
8.4,1,3,2,9,4.8,Yes,Yes,69,82,0,Placed
6.7,1,1,1,6,3.5,No,No,63,72,3,NotPlaced
7.3,1,2,0,7,4.5,No,Yes,60,68,2,NotPlaced
8.8,0,2,1,7,4.8,Yes,No,81,83,1,NotPlaced
7.6,1,2,0,7,4.4,No,No,80,79,4,NotPlaced
8.3,2,3,2,8,4.7,Yes,Yes,72,85,1,NotPlaced
8.4,1,1,2,8,4.8,Yes,Yes,63,67,0,Placed
6.7,2,0,0,7,4.0,Yes,Yes,55,69,1,Placed
7.6,1,2,0,7,4.1,No,Yes,55,72,4,NotPlaced
7.5,1,2,2,7,4.1,No,Yes,66,83,0,Placed
7.9,2,3,2,7,3.9,Yes,Yes,75,68,0,Placed
7.9,2,3,2,8,4.4,Yes,Yes,77,82,1,Placed
8.1,2,3,2,8,4.4,Yes,Yes,90,81,0,Placed
8.1,0,3,0,9,4.7,Yes,No,83,84,0,Placed
7.5,2,1,1,6,3.2,No,Yes,55,67,4,NotPlaced
8.2,0,1,1,7,4.3,Yes,Yes,57,68,1,NotPlaced
7.5,1,2,2,8,3.6,No,No,74,86,0,Placed
6.7,1,2,3,6,4.6,Yes,No,72,69,3,NotPlaced
6.8,1,2,0,7,4.3,No,Yes,55,67,4,NotPlaced
7.8,0,2,0,7,4.7,Yes,Yes,77,81,1,Placed
8.5,1,1,2,8,4.8,Yes,Yes,73,84,0,Placed
7.5,1,1,1,8,4.3,No,Yes,55,67,4,NotPlaced
8.3,2,3,2,9,4.8,Yes,Yes,78,66,0,Placed
8.7,1,2,2,9,4.8,Yes,Yes,73,87,0,Placed
8.4,1,1,0,8,3.7,Yes,Yes,55,81,1,NotPlaced
8.4,2,3,0,7,3.6,Yes,Yes,64,69,1,NotPlaced
8.3,1,2,0,7,3.6,No,Yes,57,71,1,NotPlaced
7.5,0,1,1,8,3.9,No,No,61,66,4,NotPlaced
7.9,1,1,0,6,4.4,Yes,Yes,55,67,3,NotPlaced
8.0,2,2,2,9,4.8,Yes,Yes,90,84,1,Placed
7.8,1,3,2,8,4.6,Yes,Yes,72,81,1,Placed
6.5,0,1,1,6,4.1,No,Yes,55,68,3,NotPlaced
7.9,0,3,0,7,3.6,Yes,Yes,62,70,1,Placed
7.7,0,1,0,7,4.2,No,No,60,71,2,NotPlaced
7.9,1,3,0,8,4.8,Yes,Yes,69,82,0,Placed
7.6,1,2,0,7,4.8,No,No,61,69,3,NotPlaced
6.7,1,1,0,7,3.8,No,Yes,55,64,2,NotPlaced
8.0,1,3,1,8,4.5,Yes,Yes,82,83,0,Placed
8.3,0,3,2,8,4.5,Yes,Yes,85,84,0,Placed
7.6,1,1,2,6,4.0,No,Yes,57,61,4,NotPlaced
6.5,1,2,1,8,3.9,No,Yes,75,82,2,NotPlaced
8.2,1,1,3,7,3.6,Yes,Yes,58,72,0,Placed
8.4,2,3,2,9,4.8,Yes,Yes,79,85,1,Placed
8.4,1,2,2,8,4.5,Yes,Yes,86,79,1,Placed
7.6,1,2,0,8,4.6,No,No,70,68,3,NotPlaced
7.4,1,2,1,7,3.7,No,Yes,55,65,2,NotPlaced
7.6,1,1,0,8,4.1,No,No,55,86,2,NotPlaced
7.5,0,1,0,6,4.3,No,No,69,69,4,NotPlaced
7.4,1,1,0,6,4.1,No,No,55,58,3,NotPlaced
6.5,2,1,1,6,3.8,No,No,61,60,4,NotPlaced
7.8,1,3,1,8,4.5,Yes,Yes,69,82,1,Placed
8.0,1,3,1,7,4.5,Yes,Yes,73,71,0,Placed
7.9,1,3,0,8,4.6,Yes,Yes,76,82,1,Placed
7.0,1,1,1,7,4.0,No,Yes,56,65,3,NotPlaced
7.4,1,1,3,6,4.0,No,No,55,70,3,NotPlaced
7.7,1,1,0,8,4.3,No,Yes,77,68,0,Placed
8.4,2,3,2,9,4.7,Yes,Yes,75,87,1,Placed
8.2,1,2,0,7,4.5,Yes,Yes,69,73,1,NotPlaced
7.5,1,1,3,7,4.1,No,Yes,83,69,3,NotPlaced
7.6,0,1,0,7,3.9,No,No,55,63,2,NotPlaced
8.8,2,3,0,8,4.5,Yes,Yes,70,83,1,NotPlaced
6.9,0,1,0,6,3.4,No,No,55,66,3,NotPlaced
7.7,1,1,0,6,4.0,Yes,No,64,61,2,NotPlaced
8.1,2,2,3,7,4.1,Yes,Yes,55,88,1,NotPlaced
6.5,0,1,0,6,3.4,No,No,55,66,4,NotPlaced
8.3,0,3,1,8,4.8,Yes,Yes,55,88,0,Placed
8.0,1,3,2,9,4.8,Yes,Yes,86,85,1,Placed
7.5,1,2,1,8,4.6,No,Yes,62,69,3,NotPlaced
7.0,1,2,1,7,4.3,Yes,Yes,69,61,7,Placed
8.2,1,3,2,9,4.5,Yes,Yes,75,85,1,Placed
7.4,1,2,1,7,4.4,No,Yes,55,70,2,NotPlaced
7.5,1,3,0,8,4.7,Yes,Yes,72,88,2,NotPlaced
7.8,1,1,1,8,3.7,Yes,No,74,62,4,NotPlaced
6.9,1,3,1,7,4.7,Yes,Yes,75,74,0,Placed
8.6,1,3,0,8,4.8,Yes,Yes,89,82,1,NotPlaced
7.8,1,1,1,8,4.8,Yes,Yes,62,64,1,Placed
8.5,1,3,0,7,4.0,Yes,Yes,80,58,1,NotPlaced
7.1,1,2,0,7,4.8,Yes,No,61,61,2,NotPlaced
7.0,1,1,0,6,3.7,No,No,61,69,2,NotPlaced
8.8,2,3,2,9,4.8,Yes,Yes,83,67,0,Placed
7.6,0,2,0,7,4.3,No,No,55,63,0,Placed
7.5,0,2,2,7,4.0,No,Yes,64,75,2,NotPlaced
8.0,2,3,2,9,4.8,Yes,Yes,83,87,0,Placed
6.6,1,2,0,8,4.8,Yes,Yes,70,85,3,NotPlaced
7.3,2,3,2,9,4.6,Yes,Yes,80,87,0,Placed
6.6,1,1,1,6,4.0,No,No,69,62,3,NotPlaced
8.1,1,3,2,9,4.8,Yes,Yes,77,87,1,Placed
8.1,2,3,1,6,4.4,Yes,Yes,59,82,1,NotPlaced
7.7,1,1,0,7,4.3,Yes,Yes,82,64,2,NotPlaced
7.6,1,1,0,6,4.3,No,Yes,66,68,4,NotPlaced
8.2,0,3,1,7,4.2,No,No,76,78,1,NotPlaced
7.3,1,2,3,9,4.4,No,Yes,64,83,1,Placed
6.9,0,3,0,8,4.2,No,Yes,83,85,0,Placed
7.5,1,2,0,8,4.1,Yes,Yes,55,82,0,Placed
8.2,2,3,1,9,4.8,Yes,Yes,73,68,1,Placed
7.0,1,2,1,7,4.7,Yes,Yes,55,70,4,NotPlaced
8.3,1,3,1,8,4.3,Yes,Yes,65,84,0,Placed
7.4,2,1,0,7,4.8,No,Yes,60,68,4,NotPlaced
8.3,1,1,1,7,4.8,Yes,Yes,64,86,1,NotPlaced
8.2,2,3,2,9,4.5,Yes,Yes,83,82,0,Placed
7.5,1,1,0,6,3.5,No,Yes,55,73,3,NotPlaced
8.7,2,3,2,9,4.8,Yes,Yes,88,87,0,Placed
7.1,2,2,0,8,4.4,Yes,Yes,64,64,0,Placed
6.5,1,1,1,8,4.1,No,Yes,81,66,1,Placed
8.2,2,3,2,9,4.8,Yes,Yes,75,85,1,NotPlaced
7.5,1,2,1,7,4.3,No,Yes,62,74,4,NotPlaced
7.6,1,1,0,7,3.9,Yes,Yes,80,75,3,NotPlaced
8.4,1,3,0,8,4.4,Yes,Yes,81,69,0,Placed
7.2,0,2,1,7,4.6,Yes,Yes,55,63,2,NotPlaced
6.6,1,1,1,7,4.2,Yes,Yes,55,71,4,NotPlaced
8.5,0,3,2,8,4.1,Yes,Yes,84,84,1,NotPlaced
6.8,1,2,1,7,3.8,No,Yes,59,69,2,NotPlaced
8.4,0,1,0,8,4.5,No,No,77,72,1,Placed
8.2,1,2,1,8,4.7,No,Yes,71,72,1,Placed
8.5,2,2,0,8,4.8,Yes,No,82,77,1,NotPlaced
8.4,2,3,2,9,4.8,Yes,Yes,71,85,1,NotPlaced
7.8,2,3,2,9,4.8,Yes,Yes,84,86,0,Placed
7.6,1,3,0,8,4.3,No,Yes,73,87,2,NotPlaced
8.2,1,3,2,9,4.5,Yes,Yes,73,87,0,Placed
7.4,1,2,0,7,4.2,Yes,Yes,75,65,3,NotPlaced
6.5,1,2,0,7,3.8,No,Yes,59,66,3,NotPlaced
7.6,0,1,0,6,3.4,No,No,59,72,4,NotPlaced
7.5,0,2,0,7,3.5,No,Yes,83,60,4,NotPlaced
8.0,2,3,2,9,4.8,Yes,Yes,79,78,0,Placed
8.2,0,1,1,7,4.5,Yes,No,58,65,1,Placed
8.3,1,3,2,9,4.8,Yes,Yes,70,82,1,Placed
7.0,0,3,0,8,3.9,No,Yes,59,64,5,Placed
7.9,0,2,0,8,4.0,No,Yes,62,69,2,NotPlaced
8.5,1,3,2,9,4.8,Yes,Yes,76,85,0,Placed
7.9,2,1,1,8,4.8,Yes,No,55,63,1,Placed
8.3,0,3,0,7,3.9,No,No,57,61,1,NotPlaced
7.6,1,2,0,7,4.2,Yes,Yes,55,81,3,NotPlaced
7.1,1,2,1,8,4.7,No,Yes,57,74,0,Placed
7.8,1,2,0,7,4.4,Yes,Yes,80,63,2,NotPlaced
7.5,1,3,1,7,4.5,Yes,Yes,79,83,1,Placed
7.6,2,3,3,7,4.0,Yes,No,74,77,3,NotPlaced
6.5,1,1,1,7,3.9,No,No,55,62,3,NotPlaced
8.0,2,1,2,8,4.0,Yes,Yes,80,87,4,NotPlaced
6.5,0,2,0,7,4.1,No,Yes,55,86,4,NotPlaced
6.7,1,1,1,6,3.8,No,No,55,62,4,NotPlaced
9.0,1,3,2,9,4.8,Yes,No,80,88,1,NotPlaced
7.6,0,3,0,7,4.8,Yes,Yes,73,74,0,Placed
7.4,2,2,2,9,4.1,Yes,No,81,85,0,Placed
7.9,0,1,0,7,3.7,No,Yes,62,65,3,NotPlaced
8.3,1,3,2,8,4.8,Yes,Yes,67,81,1,NotPlaced
7.3,0,1,1,8,4.1,No,No,55,70,3,NotPlaced
7.9,1,3,2,8,4.6,Yes,Yes,71,88,0,Placed
6.9,0,3,0,7,3.8,No,Yes,81,73,3,NotPlaced
6.5,0,1,0,7,3.7,No,Yes,63,67,2,NotPlaced
7.7,2,1,0,7,4.3,Yes,Yes,75,68,4,NotPlaced
7.6,2,1,1,6,3.4,No,No,56,74,2,NotPlaced
8.2,1,3,1,8,4.0,No,Yes,58,63,1,NotPlaced
7.8,1,1,0,7,4.5,Yes,No,82,69,0,Placed
7.5,1,2,1,7,4.4,Yes,Yes,83,71,0,Placed
8.6,0,3,1,7,4.8,Yes,Yes,82,83,1,NotPlaced
8.3,2,3,2,9,4.8,Yes,Yes,82,86,1,Placed
7.5,1,1,0,6,3.8,No,Yes,55,74,4,NotPlaced
7.6,1,1,1,7,4.2,Yes,Yes,57,67,4,NotPlaced
8.9,1,1,0,7,4.7,Yes,Yes,76,82,1,NotPlaced
7.8,1,3,0,8,3.7,Yes,No,75,63,3,NotPlaced
8.0,2,3,2,9,4.8,Yes,Yes,90,87,0,Placed
7.8,1,1,0,7,4.1,No,No,60,61,4,NotPlaced
7.9,1,1,0,8,3.7,No,No,55,72,2,NotPlaced
7.4,1,1,1,7,4.1,No,Yes,55,66,3,NotPlaced
7.7,1,2,1,7,4.6,No,Yes,55,60,2,NotPlaced
7.4,1,1,0,7,4.3,No,No,55,61,2,NotPlaced
8.2,0,1,2,9,4.7,No,Yes,73,68,1,Placed
8.7,1,1,2,8,4.1,Yes,Yes,72,68,1,NotPlaced
7.8,2,3,2,9,4.8,Yes,Yes,90,78,0,Placed
7.5,1,2,0,7,4.7,Yes,Yes,55,70,0,Placed
8.3,1,3,2,8,4.1,Yes,Yes,76,83,1,Placed
8.3,1,3,0,8,4.7,Yes,Yes,83,82,1,NotPlaced
7.5,1,1,1,7,4.0,No,No,55,70,2,NotPlaced
7.6,1,2,2,8,3.8,Yes,No,84,86,1,Placed
8.0,2,3,2,9,4.1,Yes,No,88,79,4,NotPlaced
7.2,2,1,0,7,4.4,Yes,Yes,61,61,1,Placed
8.1,1,1,0,6,3.8,No,No,56,62,1,NotPlaced
8.2,2,3,1,7,4.4,Yes,Yes,67,85,1,NotPlaced
7.7,2,3,2,8,4.8,Yes,Yes,80,83,1,Placed
7.8,2,2,0,6,3.7,No,No,70,67,2,NotPlaced
6.7,0,1,0,6,3.7,No,Yes,55,66,0,Placed
7.5,1,2,1,7,4.8,No,Yes,55,62,4,NotPlaced
6.5,0,1,0,7,3.5,No,Yes,55,67,4,NotPlaced
7.6,1,1,2,8,4.2,Yes,Yes,86,81,4,NotPlaced
6.7,1,1,0,7,4.1,No,Yes,55,68,2,NotPlaced
8.1,2,3,0,8,4.8,Yes,Yes,71,88,1,Placed
8.1,1,3,1,7,4.6,Yes,No,82,85,1,NotPlaced
7.8,2,3,2,9,4.8,Yes,No,82,79,0,Placed
7.3,1,1,1,8,3.9,No,No,55,62,4,NotPlaced
8.1,2,3,1,9,4.5,Yes,Yes,81,86,0,Placed
8.3,1,1,1,9,4.8,Yes,Yes,84,88,1,Placed
8.6,1,3,2,8,4.5,Yes,Yes,79,88,0,Placed
7.5,2,3,2,8,4.8,Yes,Yes,72,81,3,NotPlaced
7.7,1,2,2,8,4.0,No,Yes,57,67,1,Placed
6.5,1,1,1,6,3.7,No,Yes,55,66,3,NotPlaced
8.2,2,3,2,8,4.8,Yes,No,80,79,1,Placed
7.6,2,2,1,7,4.1,No,No,69,75,2,NotPlaced
7.8,2,3,1,7,4.6,No,No,55,68,4,NotPlaced
7.4,0,2,1,7,4.1,No,No,60,69,3,NotPlaced
6.7,1,1,1,6,4.3,No,No,59,63,2,NotPlaced
8.3,1,3,2,8,4.4,Yes,Yes,79,85,0,Placed
8.3,2,3,0,9,4.7,Yes,Yes,65,69,0,Placed
7.5,1,1,1,7,3.9,Yes,Yes,58,71,3,NotPlaced
7.6,1,2,1,8,3.8,Yes,Yes,61,85,4,NotPlaced
7.5,1,1,1,8,4.2,No,Yes,56,67,3,NotPlaced
7.5,1,1,1,6,3.5,No,Yes,58,66,3,NotPlaced
7.4,1,2,0,8,4.6,Yes,Yes,70,88,3,NotPlaced
7.6,1,1,0,7,4.6,Yes,Yes,55,61,4,NotPlaced
7.7,1,1,1,7,4.4,No,No,57,65,3,NotPlaced
8.1,1,1,0,8,4.5,No,No,79,72,1,NotPlaced
7.7,1,3,0,8,4.8,Yes,Yes,80,68,1,Placed
8.4,2,3,2,9,4.8,Yes,Yes,79,88,0,Placed
7.4,1,1,0,8,4.0,No,Yes,57,64,3,NotPlaced
8.9,2,3,2,9,4.8,Yes,Yes,72,86,0,Placed
8.5,1,2,1,7,4.2,Yes,Yes,76,88,1,NotPlaced
8.2,2,3,2,9,4.8,Yes,No,69,73,0,Placed
7.5,2,3,2,7,4.1,Yes,Yes,75,70,0,Placed
7.6,1,3,2,8,4.4,Yes,Yes,82,85,1,Placed
7.6,1,1,1,6,4.2,No,No,80,65,3,NotPlaced
8.1,0,3,0,9,4.8,Yes,Yes,84,88,1,Placed
8.8,0,3,0,9,4.1,Yes,Yes,73,85,0,Placed
6.6,1,3,1,7,3.9,Yes,Yes,71,70,4,NotPlaced
7.5,1,1,1,7,4.2,No,Yes,59,72,2,NotPlaced
8.4,1,1,2,8,4.8,Yes,No,84,80,0,Placed
7.5,2,3,0,6,3.9,Yes,Yes,76,86,3,NotPlaced
8.5,1,3,2,9,4.7,Yes,Yes,86,87,0,Placed
7.5,0,3,0,8,3.9,Yes,Yes,63,71,4,NotPlaced
8.2,1,2,0,8,4.0,Yes,Yes,57,68,1,NotPlaced
7.7,1,1,0,7,4.0,Yes,Yes,79,87,1,Placed
6.6,1,1,0,6,3.3,No,No,62,67,2,NotPlaced
7.7,1,1,1,6,4.2,No,No,55,63,3,NotPlaced
7.6,1,3,0,8,4.1,Yes,Yes,57,67,2,NotPlaced
8.2,1,3,0,8,4.6,Yes,Yes,86,81,1,Placed
7.7,1,2,0,7,4.8,No,Yes,59,65,3,NotPlaced
9.0,1,3,2,7,4.8,Yes,Yes,79,85,0,Placed
7.5,0,3,0,7,4.2,No,Yes,79,69,0,Placed
7.9,1,3,2,8,4.8,Yes,No,71,84,1,Placed
7.4,2,3,3,8,4.2,Yes,Yes,60,75,2,NotPlaced
7.3,1,2,1,6,4.3,Yes,No,55,72,3,NotPlaced
7.0,1,1,0,6,3.3,No,Yes,55,66,4,NotPlaced
8.4,2,3,2,9,4.5,Yes,Yes,81,85,1,Placed
6.8,1,1,1,6,4.4,No,Yes,62,66,3,NotPlaced
8.2,1,3,0,8,4.8,No,Yes,77,88,1,Placed
6.6,0,2,0,7,4.2,Yes,Yes,62,84,2,NotPlaced
7.5,1,3,0,8,4.5,Yes,No,77,80,2,NotPlaced
6.5,2,1,1,7,3.7,Yes,No,56,70,3,NotPlaced
7.9,2,3,2,9,4.8,Yes,Yes,75,87,1,Placed
8.2,0,2,0,8,4.1,No,Yes,55,82,1,NotPlaced
7.4,1,2,0,6,3.3,No,No,56,60,2,NotPlaced
8.1,1,3,1,7,4.1,Yes,Yes,85,77,1,NotPlaced
6.5,1,1,1,7,4.0,No,No,55,66,2,NotPlaced
7.6,1,1,1,6,4.1,No,No,55,71,3,NotPlaced
7.0,1,2,0,7,4.7,No,Yes,73,64,3,NotPlaced
8.3,2,2,2,6,4.8,Yes,Yes,61,84,0,Placed
7.7,2,3,2,8,4.4,Yes,Yes,71,74,0,Placed
7.5,1,1,0,7,3.5,No,Yes,75,66,2,NotPlaced
7.5,1,1,0,7,4.1,No,No,55,67,3,NotPlaced
8.6,2,3,3,8,4.8,No,Yes,73,85,0,Placed
6.6,1,2,0,6,3.9,No,No,55,61,4,NotPlaced
8.1,2,1,3,8,4.7,Yes,No,78,83,1,Placed
8.9,0,3,2,8,4.6,No,Yes,77,72,1,NotPlaced
7.7,1,1,0,8,4.5,No,No,55,74,4,NotPlaced
6.5,0,1,1,7,3.6,No,No,57,68,3,NotPlaced
8.3,2,3,2,7,4.7,Yes,Yes,72,69,1,Placed
7.8,1,2,1,7,4.5,Yes,Yes,74,87,1,Placed
7.4,1,3,3,8,4.6,Yes,Yes,84,76,0,Placed
7.8,1,2,1,8,3.5,No,Yes,66,72,2,NotPlaced
6.6,1,1,1,6,4.3,No,No,58,61,2,NotPlaced
7.5,1,2,1,7,4.7,Yes,Yes,78,66,3,NotPlaced
7.6,0,1,1,6,4.3,No,No,60,68,3,NotPlaced
8.0,1,1,0,7,4.3,Yes,Yes,75,85,0,Placed
6.8,0,2,1,7,4.4,No,No,62,62,2,NotPlaced
7.7,1,2,0,8,4.4,No,Yes,57,69,0,Placed
6.5,0,1,0,6,4.0,No,No,61,65,2,NotPlaced
6.5,1,2,0,8,4.1,Yes,Yes,70,66,3,NotPlaced
6.5,1,2,0,7,4.3,No,No,55,67,3,NotPlaced
8.1,2,3,2,9,4.7,Yes,Yes,81,83,1,Placed
7.7,1,2,0,7,4.6,Yes,Yes,56,66,2,NotPlaced
8.2,1,3,1,8,4.8,No,Yes,70,86,1,NotPlaced
6.5,1,2,0,7,4.5,No,No,61,57,2,NotPlaced
7.6,1,2,1,6,3.9,No,No,55,63,3,NotPlaced
9.0,0,2,2,8,4.5,Yes,Yes,78,86,0,Placed
7.5,1,1,0,8,3.8,Yes,Yes,60,64,4,NotPlaced
7.5,1,2,0,7,4.5,Yes,Yes,69,83,0,Placed
6.7,1,1,1,8,4.5,No,Yes,55,68,2,NotPlaced
8.4,2,3,0,8,4.8,Yes,Yes,71,81,1,NotPlaced
6.8,0,3,0,8,4.3,Yes,Yes,61,66,2,Placed
8.2,2,3,2,9,4.6,Yes,Yes,76,87,1,Placed
8.5,0,3,2,9,4.3,Yes,Yes,80,85,0,Placed
7.3,1,1,1,7,4.1,No,Yes,61,70,3,NotPlaced
8.5,2,3,2,9,4.5,Yes,Yes,82,85,1,Placed
8.0,0,3,2,8,4.7,Yes,Yes,83,86,0,Placed
8.2,2,3,2,9,4.1,Yes,Yes,71,86,1,Placed
7.4,0,3,0,8,3.5,No,Yes,68,84,1,Placed
7.6,2,3,2,9,4.8,Yes,No,76,85,0,Placed
8.2,1,2,1,8,4.3,Yes,Yes,82,86,0,Placed
8.1,1,3,2,8,4.8,No,Yes,79,82,1,NotPlaced
6.5,1,1,1,7,3.9,No,No,67,70,4,NotPlaced
8.2,1,2,2,7,4.8,Yes,Yes,74,70,1,Placed
8.1,2,3,1,7,4.8,Yes,Yes,59,72,1,NotPlaced
8.5,0,1,0,8,4.5,Yes,Yes,64,63,1,NotPlaced
7.8,1,2,0,7,4.1,No,Yes,61,71,2,NotPlaced
8.0,1,2,0,7,3.8,Yes,No,79,71,2,NotPlaced
8.6,1,3,2,9,4.5,Yes,Yes,84,88,1,NotPlaced
8.0,1,3,2,9,4.5,No,Yes,77,76,1,Placed
6.5,1,1,1,7,3.5,No,Yes,62,72,4,NotPlaced
8.5,0,2,2,8,4.2,Yes,Yes,82,88,1,Placed
8.6,1,2,0,8,4.8,Yes,Yes,74,76,0,Placed
7.3,1,1,2,7,3.5,No,Yes,75,61,4,NotPlaced
8.0,0,3,0,8,4.4,Yes,No,79,85,1,Placed
8.3,1,3,0,8,4.4,Yes,Yes,75,79,0,Placed
6.7,1,1,1,7,4.3,No,Yes,65,67,2,NotPlaced
8.2,1,3,2,8,4.4,Yes,Yes,76,65,1,Placed
8.4,1,2,0,8,3.3,No,No,55,63,1,NotPlaced
6.6,0,1,1,7,3.5,No,No,55,60,4,NotPlaced
6.5,0,1,0,8,4.1,Yes,Yes,55,80,4,NotPlaced
6.6,1,2,1,7,4.6,Yes,Yes,76,84,2,NotPlaced
7.5,1,2,1,7,4.7,No,Yes,55,60,0,Placed
6.6,1,3,0,8,4.4,No,No,60,65,4,NotPlaced
7.0,1,1,0,8,4.6,Yes,No,71,79,2,NotPlaced
8.4,0,2,0,8,4.6,Yes,Yes,77,80,1,NotPlaced
7.6,0,2,1,7,4.5,No,No,55,67,4,NotPlaced
7.5,1,3,1,7,4.6,Yes,Yes,75,63,1,Placed
8.3,1,2,1,8,4.4,Yes,Yes,76,85,0,Placed
7.6,1,1,0,7,3.7,No,Yes,55,64,2,NotPlaced
7.7,1,1,0,7,4.2,No,Yes,70,71,2,NotPlaced
6.5,0,1,0,6,3.9,No,No,62,68,3,NotPlaced
8.3,1,2,1,8,4.4,No,Yes,62,82,1,NotPlaced
8.1,1,1,0,8,4.6,No,No,59,58,1,NotPlaced
7.4,1,2,0,8,4.8,Yes,No,55,69,2,NotPlaced
6.7,1,1,1,7,4.5,No,No,55,67,4,NotPlaced
6.5,0,1,1,8,4.2,No,No,55,76,1,Placed
8.2,2,3,2,9,4.8,Yes,No,75,80,1,Placed
7.7,1,2,0,7,3.6,No,Yes,55,62,4,NotPlaced
7.8,2,3,0,9,4.7,Yes,Yes,80,78,1,Placed
7.5,2,1,0,7,4.2,Yes,Yes,55,66,3,NotPlaced
7.5,1,1,1,8,4.6,No,No,63,70,3,NotPlaced
8.4,1,3,0,8,3.9,Yes,Yes,77,73,1,Placed
7.6,1,2,2,7,4.3,Yes,Yes,70,82,0,Placed
7.5,0,2,2,7,4.6,Yes,Yes,90,67,1,Placed
6.5,0,1,0,6,4.3,Yes,Yes,64,63,3,NotPlaced
7.4,1,2,0,7,4.7,Yes,Yes,86,83,2,NotPlaced
7.5,1,1,2,8,4.7,Yes,Yes,66,83,2,NotPlaced
8.4,2,3,2,8,4.3,Yes,Yes,75,79,1,Placed
8.2,2,3,2,8,4.8,Yes,Yes,65,83,1,Placed
7.0,1,1,1,6,3.5,No,No,55,67,3,NotPlaced
8.7,2,3,0,8,4.1,Yes,Yes,71,78,0,Placed
6.6,2,1,1,7,3.4,No,No,66,66,2,NotPlaced
8.1,1,3,2,9,4.8,Yes,Yes,81,88,1,Placed
8.5,0,3,2,8,4.8,Yes,Yes,80,88,1,Placed
6.5,1,2,0,6,4.3,No,No,82,82,4,NotPlaced
8.1,2,3,2,9,4.7,Yes,Yes,66,85,1,Placed
8.3,0,3,2,8,4.4,Yes,Yes,75,82,1,NotPlaced
7.6,1,2,1,8,4.6,Yes,Yes,86,64,3,NotPlaced
6.9,0,1,0,7,4.2,No,No,55,59,4,NotPlaced
7.5,0,2,1,7,4.2,No,Yes,61,67,4,NotPlaced
8.1,2,3,2,8,4.5,Yes,No,81,83,1,NotPlaced
7.7,2,1,0,7,4.5,Yes,Yes,70,70,4,NotPlaced
8.0,0,3,2,8,4.7,Yes,Yes,78,85,0,Placed
6.7,1,1,1,6,4.2,No,Yes,69,68,2,NotPlaced
8.5,2,3,2,8,4.8,Yes,Yes,83,85,1,Placed
7.7,1,2,0,7,4.7,No,Yes,55,74,1,Placed
7.6,1,2,1,7,4.4,Yes,Yes,73,72,1,Placed
8.2,0,1,1,7,3.9,No,Yes,62,63,1,NotPlaced
8.5,2,3,2,8,4.8,Yes,Yes,74,78,0,Placed
8.8,1,3,0,7,4.1,Yes,Yes,74,74,0,Placed
8.2,1,3,2,8,4.5,Yes,Yes,83,81,1,Placed
8.1,1,3,2,9,4.8,Yes,Yes,73,83,1,Placed
8.5,2,3,2,9,4.8,Yes,Yes,78,84,1,Placed
6.5,1,1,0,7,4.5,No,No,61,65,2,NotPlaced
8.2,2,3,2,8,4.7,Yes,No,90,66,0,Placed
7.9,2,3,2,9,4.8,Yes,Yes,74,88,1,Placed
6.9,1,1,1,7,3.5,No,No,57,64,3,NotPlaced
6.6,1,1,1,6,4.0,No,No,55,64,4,NotPlaced
7.6,0,2,2,8,4.7,Yes,No,80,71,0,Placed
7.6,1,3,2,9,4.4,Yes,No,73,81,1,Placed
7.7,0,1,1,6,4.8,No,No,56,66,3,NotPlaced
7.8,1,1,2,8,3.9,No,Yes,62,72,2,NotPlaced
8.5,2,3,2,9,4.8,Yes,Yes,72,83,0,Placed
8.4,0,1,0,8,4.3,Yes,Yes,57,67,0,Placed
6.9,1,3,1,7,4.5,Yes,Yes,59,70,2,Placed
7.8,2,3,2,7,4.6,Yes,No,73,62,2,NotPlaced
7.5,1,2,0,8,4.4,Yes,Yes,69,82,2,NotPlaced
8.2,0,3,0,8,4.3,Yes,No,78,72,1,Placed
8.3,0,1,0,8,3.9,Yes,Yes,79,68,1,NotPlaced
7.7,1,3,0,7,4.7,Yes,Yes,88,79,1,Placed
7.5,1,1,0,7,3.8,No,Yes,55,76,4,NotPlaced
8.5,0,3,0,8,4.8,Yes,Yes,88,82,1,Placed
7.4,2,2,1,7,3.5,No,No,73,69,4,NotPlaced
6.5,1,1,0,6,4.5,No,Yes,55,68,4,NotPlaced
7.5,1,1,1,6,4.2,Yes,No,64,64,2,NotPlaced
6.5,2,1,0,7,4.3,Yes,Yes,69,73,4,NotPlaced
7.8,1,1,0,7,3.9,No,Yes,55,67,1,Placed
7.2,0,1,1,7,4.1,No,Yes,83,67,1,Placed
8.3,0,3,2,9,4.8,Yes,Yes,75,83,0,Placed
8.1,2,3,2,9,4.6,Yes,Yes,81,88,1,Placed
6.5,1,1,2,7,3.7,Yes,No,75,66,2,NotPlaced
8.1,2,3,0,8,4.5,Yes,No,76,85,0,Placed
7.8,2,3,2,9,4.8,Yes,Yes,74,88,0,Placed
7.5,1,1,0,8,4.4,No,Yes,55,70,3,NotPlaced
7.9,1,1,1,7,4.1,No,Yes,68,72,2,NotPlaced
8.1,2,3,2,8,4.5,Yes,Yes,79,87,1,NotPlaced
7.4,1,2,1,6,4.1,No,Yes,58,70,3,NotPlaced
7.5,1,1,1,7,3.8,No,Yes,63,73,3,NotPlaced
8.1,0,3,0,8,4.5,No,Yes,77,67,0,Placed
8.5,2,3,2,9,4.8,Yes,Yes,79,81,1,Placed
8.3,2,3,2,9,4.5,Yes,Yes,74,88,0,Placed
7.5,1,2,0,6,4.7,No,Yes,63,69,4,NotPlaced
7.6,1,2,0,7,4.3,Yes,Yes,66,83,3,NotPlaced
8.3,2,3,2,9,4.8,Yes,Yes,83,85,1,Placed
8.6,2,3,1,8,4.8,Yes,No,77,85,0,Placed
7.8,0,2,0,7,4.1,No,Yes,57,63,3,NotPlaced
8.4,1,2,3,7,3.8,Yes,Yes,66,71,1,NotPlaced
8.4,0,3,2,9,4.3,Yes,Yes,76,88,1,Placed
7.4,2,1,1,6,3.2,No,Yes,55,62,3,NotPlaced
8.5,1,3,1,7,4.5,Yes,Yes,57,84,1,NotPlaced
7.4,0,1,0,7,3.8,No,No,56,66,2,NotPlaced
8.3,2,3,2,9,4.8,Yes,Yes,76,87,1,Placed
8.3,0,2,0,7,4.3,No,No,75,65,0,Placed
8.2,1,3,0,7,3.4,No,Yes,55,84,1,NotPlaced
7.6,0,1,0,7,4.0,No,No,67,68,3,NotPlaced
8.1,1,1,1,7,4.2,No,No,55,61,1,NotPlaced
7.7,1,2,2,8,4.6,Yes,Yes,77,72,0,Placed
8.4,2,3,2,8,4.5,Yes,Yes,57,64,0,Placed
6.5,1,1,1,7,3.8,No,No,55,64,4,NotPlaced
8.6,2,3,2,9,4.6,Yes,Yes,69,86,1,NotPlaced
7.4,1,1,0,7,4.3,No,Yes,56,69,2,NotPlaced
8.3,1,1,0,8,3.9,No,Yes,62,73,0,Placed
7.5,1,3,0,8,4.8,Yes,No,82,85,1,Placed
8.2,1,3,2,8,4.6,Yes,Yes,86,78,1,Placed
6.7,2,1,2,7,4.5,No,Yes,77,69,4,NotPlaced
7.7,2,1,0,8,3.8,No,Yes,55,64,1,Placed
8.2,1,2,0,7,4.8,Yes,No,78,66,0,Placed
7.5,1,1,1,7,4.5,Yes,No,59,59,3,NotPlaced
7.6,1,1,0,6,4.2,No,No,62,67,3,NotPlaced
8.5,2,3,2,9,4.8,Yes,Yes,83,82,0,Placed
7.4,1,2,1,7,4.3,No,Yes,77,71,2,NotPlaced
8.3,0,2,2,8,4.4,No,Yes,81,67,1,NotPlaced
7.2,1,1,1,6,4.0,No,No,58,66,4,NotPlaced
8.3,2,3,2,8,4.6,Yes,Yes,76,74,1,NotPlaced
7.5,1,2,1,6,4.7,No,No,60,65,2,NotPlaced
6.7,0,2,0,6,3.9,No,No,58,68,2,NotPlaced
8.3,1,2,0,7,4.2,No,Yes,61,63,1,NotPlaced
7.4,0,2,0,7,3.8,No,Yes,66,70,2,NotPlaced
8.7,2,3,2,8,4.8,Yes,Yes,79,83,1,NotPlaced
6.5,1,2,0,8,4.7,No,Yes,61,68,4,NotPlaced
7.6,1,1,2,6,4.0,No,Yes,58,65,3,NotPlaced
8.1,1,2,0,7,4.5,Yes,Yes,73,70,1,Placed
8.2,0,3,2,9,4.8,Yes,Yes,79,81,0,Placed
8.4,1,3,2,9,4.8,Yes,Yes,72,85,1,Placed
7.7,0,1,2,7,4.6,No,Yes,55,85,0,Placed
7.7,1,1,1,6,3.7,No,Yes,55,61,4,NotPlaced
8.4,1,3,2,8,4.8,Yes,Yes,75,88,1,Placed
8.3,1,1,2,7,4.5,Yes,Yes,78,88,0,Placed
8.6,1,2,1,7,3.9,Yes,Yes,77,69,1,NotPlaced
8.0,2,1,1,8,4.5,No,No,66,63,1,Placed
8.6,2,3,0,8,4.7,Yes,Yes,77,78,0,Placed
7.4,1,2,1,7,4.0,No,Yes,76,63,1,Placed
8.4,2,3,2,9,4.8,Yes,Yes,76,83,0,Placed
7.9,1,3,0,8,4.6,Yes,Yes,87,83,4,NotPlaced
8.2,2,2,0,8,4.6,Yes,Yes,75,69,1,NotPlaced
7.8,2,1,1,7,3.8,No,No,65,64,3,NotPlaced
8.5,2,3,2,9,4.5,Yes,Yes,75,82,1,Placed
8.4,2,3,2,8,4.4,Yes,Yes,75,88,0,Placed
8.1,1,3,2,7,4.6,No,Yes,64,80,1,Placed
7.8,0,1,0,7,4.0,No,No,56,72,2,NotPlaced
7.8,0,3,1,8,4.6,Yes,Yes,65,83,0,Placed
6.5,0,1,0,8,4.6,Yes,No,62,77,4,NotPlaced
6.7,1,1,0,7,4.5,No,Yes,60,79,1,Placed
7.5,1,1,1,6,4.0,No,Yes,61,69,3,NotPlaced
8.1,2,3,2,7,4.2,Yes,Yes,61,82,1,Placed
6.5,1,2,1,8,4.0,Yes,Yes,71,82,0,Placed
8.2,2,3,2,9,4.8,Yes,Yes,86,86,0,Placed
7.6,1,1,1,7,3.7,No,No,55,63,2,NotPlaced
8.5,2,3,2,9,4.8,Yes,Yes,81,85,0,Placed
7.6,0,2,0,7,3.7,Yes,Yes,72,80,1,Placed
7.9,1,2,0,7,4.3,No,Yes,58,65,2,NotPlaced
7.2,1,1,0,7,3.5,No,Yes,57,65,4,NotPlaced
7.9,1,1,0,7,4.2,Yes,Yes,70,60,3,NotPlaced
7.5,1,2,1,7,4.3,No,Yes,57,67,3,NotPlaced
7.6,1,2,0,6,4.8,No,Yes,62,73,0,Placed
6.9,1,2,0,7,4.2,No,No,55,57,2,NotPlaced
7.7,1,1,0,6,3.8,No,No,57,65,4,NotPlaced
7.3,0,1,1,7,3.8,No,Yes,60,65,3,NotPlaced
7.9,1,2,0,8,4.1,No,Yes,58,75,1,Placed
8.8,2,3,3,9,4.8,Yes,Yes,72,76,0,Placed
6.7,1,1,2,7,4.3,No,No,65,68,4,NotPlaced
8.4,2,3,0,7,4.6,Yes,No,57,65,1,NotPlaced
8.2,2,3,0,9,4.8,Yes,Yes,76,83,1,Placed
7.8,2,3,1,9,4.6,Yes,No,87,84,0,Placed
6.5,1,1,0,6,3.6,No,No,58,67,2,NotPlaced
7.6,1,1,0,7,4.6,No,No,73,62,2,NotPlaced
7.8,1,1,0,8,4.0,Yes,Yes,60,76,0,Placed
7.4,1,3,2,7,4.7,Yes,Yes,74,86,4,NotPlaced
7.6,1,2,0,6,4.4,No,Yes,60,68,3,NotPlaced
6.7,1,2,1,7,4.1,Yes,Yes,56,67,1,Placed
7.3,1,2,2,8,4.4,Yes,Yes,76,81,1,Placed
7.4,1,2,0,7,4.5,Yes,Yes,70,64,0,Placed
6.5,1,1,0,7,4.7,Yes,Yes,55,66,1,Placed
6.5,2,3,0,9,4.6,Yes,Yes,75,67,2,Placed
7.7,1,1,1,7,4.3,No,No,65,63,2,NotPlaced
6.6,1,2,0,7,4.4,No,No,59,70,3,NotPlaced
8.1,1,3,0,9,4.6,No,Yes,71,81,1,Placed
7.4,1,1,1,6,4.2,No,Yes,59,65,3,NotPlaced
7.9,0,1,1,7,4.4,No,No,59,65,4,NotPlaced
6.6,1,1,0,6,4.6,No,No,57,72,2,NotPlaced
8.4,2,3,2,9,4.8,Yes,No,82,81,0,Placed
6.7,0,2,0,8,4.0,No,Yes,55,66,2,NotPlaced
7.7,1,1,0,6,3.0,No,No,55,74,4,NotPlaced
6.7,1,1,0,8,3.5,No,No,57,62,4,NotPlaced
7.4,1,1,1,7,3.7,No,No,61,68,4,NotPlaced
8.7,2,3,2,9,4.6,Yes,Yes,75,86,0,Placed
8.0,2,3,0,7,4.8,Yes,Yes,77,85,4,NotPlaced
7.6,1,2,1,6,4.1,No,No,58,70,4,NotPlaced
6.9,1,3,1,7,4.4,Yes,Yes,79,78,3,NotPlaced
8.2,2,3,2,9,4.8,Yes,Yes,89,87,1,Placed
6.5,0,3,2,8,4.6,Yes,Yes,76,83,4,NotPlaced
7.7,2,1,1,8,4.7,Yes,Yes,56,85,0,Placed
7.8,1,2,0,7,3.8,Yes,Yes,59,69,3,NotPlaced
7.4,0,1,1,8,3.5,Yes,Yes,71,65,2,NotPlaced
6.8,2,1,2,8,4.7,Yes,No,79,61,4,NotPlaced
8.3,2,1,2,7,4.0,Yes,Yes,76,70,1,NotPlaced
7.2,0,1,0,7,3.7,No,No,55,62,2,NotPlaced
7.9,0,2,0,8,4.4,Yes,Yes,74,70,1,Placed
7.7,1,1,1,7,3.3,No,No,55,74,3,NotPlaced
7.4,1,1,0,6,4.4,No,No,57,66,2,NotPlaced
8.2,2,3,2,9,4.8,Yes,No,85,78,1,Placed
7.7,1,2,0,8,3.7,No,Yes,56,72,4,NotPlaced
7.4,1,2,0,8,4.2,Yes,Yes,83,80,1,Placed
8.1,2,3,2,9,4.8,Yes,Yes,84,86,1,Placed
7.3,0,2,0,8,4.2,No,Yes,56,71,4,NotPlaced
6.5,1,1,0,7,4.0,No,Yes,84,71,2,NotPlaced
8.3,0,1,3,7,4.0,No,Yes,55,67,1,NotPlaced
7.7,1,2,2,7,4.7,Yes,Yes,79,80,2,NotPlaced
8.1,0,1,0,8,4.2,Yes,Yes,71,83,1,NotPlaced
8.2,1,1,1,7,3.5,No,No,56,65,1,NotPlaced
7.5,0,1,0,6,4.3,No,No,60,68,4,NotPlaced
8.6,2,1,0,8,4.4,Yes,Yes,55,83,0,Placed
7.5,1,3,2,7,4.5,Yes,Yes,80,63,1,Placed
8.2,1,1,0,7,3.8,No,No,67,62,1,NotPlaced
6.9,1,3,1,8,4.4,Yes,Yes,73,88,2,Placed
6.5,0,1,0,7,4.3,No,No,59,66,4,NotPlaced
8.4,1,1,0,8,4.8,Yes,Yes,71,82,1,NotPlaced
8.2,1,3,1,7,3.9,No,Yes,61,73,1,NotPlaced
7.7,0,1,1,7,4.1,No,No,58,75,3,NotPlaced
8.4,2,3,2,9,4.8,Yes,Yes,79,86,1,Placed
8.4,1,3,2,9,4.6,Yes,Yes,73,84,1,Placed
7.7,2,3,2,8,4.8,Yes,Yes,82,87,1,Placed
7.7,1,3,1,8,4.7,Yes,No,59,65,3,NotPlaced
7.6,1,1,1,7,3.3,No,Yes,58,61,4,NotPlaced
6.7,1,2,0,7,4.8,Yes,Yes,55,67,2,Placed
6.5,1,2,1,7,4.4,Yes,Yes,71,73,1,Placed
7.5,1,1,0,6,3.4,No,No,56,66,3,NotPlaced
7.1,1,3,0,8,4.2,Yes,Yes,62,88,1,Placed
7.8,0,3,0,8,3.8,Yes,Yes,59,71,2,NotPlaced
6.5,1,1,3,8,4.2,Yes,Yes,80,82,0,Placed
7.5,0,3,1,7,4.4,Yes,Yes,81,83,1,Placed
8.3,2,3,2,8,4.6,Yes,Yes,78,82,0,Placed
8.1,1,1,2,9,4.8,Yes,Yes,83,72,0,Placed
7.5,2,3,2,7,4.4,Yes,Yes,70,80,1,Placed
7.4,2,1,3,6,3.9,No,No,61,57,4,NotPlaced
8.2,0,3,2,9,4.8,Yes,Yes,70,84,1,Placed
8.1,0,3,0,6,4.1,Yes,No,67,59,1,NotPlaced
8.6,1,3,0,8,4.8,Yes,Yes,87,68,1,NotPlaced
6.5,1,2,1,7,4.4,Yes,Yes,77,73,4,NotPlaced
6.5,1,2,0,7,3.7,Yes,Yes,61,69,2,NotPlaced
7.4,1,1,1,7,4.3,No,Yes,55,66,4,NotPlaced
6.9,1,2,1,7,4.5,No,Yes,68,64,2,Placed
7.7,2,2,2,8,3.9,No,Yes,86,87,0,Placed
8.1,2,3,2,9,4.8,Yes,Yes,81,85,1,Placed
7.9,2,1,2,8,3.6,No,No,73,66,4,NotPlaced
8.3,2,3,2,9,4.8,Yes,Yes,83,87,0,Placed
8.4,2,3,2,9,4.8,Yes,Yes,72,82,1,Placed
6.9,1,3,2,9,4.8,Yes,Yes,76,85,1,Placed
8.2,0,1,0,7,4.4,Yes,Yes,56,81,1,NotPlaced
8.5,1,3,0,8,4.7,Yes,Yes,58,85,0,Placed
8.4,2,3,2,9,4.8,Yes,Yes,80,84,0,Placed
7.2,2,2,2,7,4.4,Yes,Yes,83,82,1,Placed
8.6,2,3,2,8,4.8,Yes,No,79,78,0,Placed
7.6,2,2,1,9,4.7,Yes,Yes,70,70,2,NotPlaced
7.6,0,1,0,6,4.3,Yes,Yes,59,69,3,NotPlaced
7.5,0,2,0,6,3.7,No,No,58,65,2,NotPlaced
7.6,1,1,0,6,4.1,No,Yes,58,69,4,NotPlaced
6.6,1,3,2,9,4.8,Yes,Yes,67,83,3,NotPlaced
7.6,0,1,0,8,3.9,Yes,Yes,61,83,1,Placed
8.3,1,3,2,8,4.1,Yes,Yes,76,86,0,Placed
6.5,0,1,1,8,4.0,No,Yes,55,67,4,NotPlaced
8.4,2,3,2,8,4.8,Yes,Yes,73,81,1,NotPlaced
6.5,1,1,1,6,4.0,No,No,55,74,2,NotPlaced
8.1,2,3,0,9,4.8,Yes,Yes,83,88,1,Placed
7.3,0,1,0,8,4.4,No,No,57,68,4,NotPlaced
7.7,1,1,1,7,4.3,No,No,56,65,3,NotPlaced
7.5,1,1,0,7,4.2,Yes,Yes,82,74,2,NotPlaced
8.0,1,1,2,8,4.7,Yes,Yes,80,79,4,NotPlaced
7.8,0,2,0,8,4.1,Yes,Yes,85,84,3,NotPlaced
8.5,2,3,2,9,4.8,Yes,Yes,81,85,1,Placed
6.5,0,2,1,7,4.1,Yes,No,55,68,4,NotPlaced
7.8,1,1,1,8,4.2,Yes,Yes,59,86,1,Placed
7.7,1,1,0,7,4.3,No,Yes,71,85,1,Placed
7.7,0,1,0,7,3.6,No,No,55,65,2,NotPlaced
7.5,1,1,0,7,3.3,No,No,64,61,3,NotPlaced
6.5,2,1,2,8,4.7,Yes,No,65,82,2,Placed
8.3,2,3,0,7,4.1,Yes,Yes,84,64,1,NotPlaced
7.8,1,2,0,9,4.0,Yes,Yes,81,79,2,NotPlaced
8.4,2,3,2,9,4.8,Yes,Yes,79,84,0,Placed
7.6,1,2,0,7,3.9,No,Yes,55,60,4,NotPlaced
6.8,0,2,0,7,4.3,Yes,Yes,64,63,1,Placed
6.8,0,1,0,7,3.3,No,No,55,70,3,NotPlaced
6.6,1,1,1,7,4.0,No,No,58,63,3,NotPlaced
6.5,0,1,0,8,3.9,No,No,72,70,3,NotPlaced
6.5,0,1,0,7,4.2,Yes,Yes,83,74,2,Placed
7.8,1,1,0,6,4.6,No,No,57,67,3,NotPlaced
7.6,0,1,2,8,4.8,Yes,Yes,78,81,1,Placed
7.7,1,2,2,7,4.6,Yes,No,68,73,1,Placed
8.2,1,1,0,7,4.1,Yes,No,65,70,1,NotPlaced
6.5,1,1,0,8,3.7,No,No,60,74,3,NotPlaced
6.5,1,1,1,6,4.0,No,No,55,71,4,NotPlaced
8.2,2,3,2,9,4.8,Yes,Yes,84,85,1,Placed
8.1,0,3,2,8,4.6,Yes,No,68,83,0,Placed
7.9,1,2,0,9,4.8,Yes,Yes,76,80,1,Placed
7.3,1,1,1,7,3.8,No,No,56,71,3,NotPlaced
8.3,2,3,0,8,4.8,Yes,Yes,82,72,1,NotPlaced
8.4,1,3,2,8,4.5,Yes,Yes,73,82,1,Placed
7.3,1,3,0,8,3.8,No,No,79,71,4,NotPlaced
7.7,1,2,1,6,4.1,Yes,No,57,63,3,NotPlaced
8.3,1,1,0,8,4.7,No,No,75,69,1,NotPlaced
7.6,2,1,1,7,3.5,No,Yes,58,81,3,NotPlaced
8.0,1,1,2,7,3.6,Yes,Yes,55,64,4,NotPlaced
7.7,2,2,1,7,4.4,No,Yes,55,66,4,NotPlaced
7.5,0,2,1,6,4.4,No,Yes,55,68,2,NotPlaced
8.4,2,3,1,8,4.4,Yes,Yes,78,83,0,Placed
6.6,0,2,1,7,4.5,No,No,69,68,2,NotPlaced
6.6,1,1,1,8,4.0,No,Yes,57,62,1,Placed
6.5,1,1,1,6,3.7,No,Yes,55,61,2,NotPlaced
7.0,0,2,0,6,4.3,No,Yes,79,63,6,Placed
7.6,2,1,0,7,4.2,No,Yes,72,68,1,Placed
7.7,0,1,0,6,4.3,No,Yes,55,64,3,NotPlaced
6.5,0,3,0,7,4.6,Yes,Yes,75,74,0,Placed
7.7,1,2,0,7,4.1,Yes,Yes,66,72,3,NotPlaced
8.1,2,3,0,8,4.4,Yes,Yes,86,88,1,Placed
7.5,1,1,1,7,4.7,Yes,No,61,67,2,NotPlaced
8.0,2,3,2,9,4.7,Yes,Yes,82,86,0,Placed
7.7,2,1,0,6,3.8,Yes,No,88,79,3,NotPlaced
8.1,1,2,0,8,4.6,Yes,Yes,75,75,1,NotPlaced
8.2,1,2,2,7,4.4,Yes,Yes,72,81,0,Placed
7.3,1,2,2,7,4.6,Yes,Yes,77,74,1,Placed
6.7,1,2,0,7,4.8,Yes,Yes,59,66,0,Placed
8.0,1,3,3,9,4.6,Yes,Yes,72,88,0,Placed
7.3,1,1,0,6,3.9,Yes,Yes,58,60,4,NotPlaced
8.2,1,3,2,7,4.0,Yes,Yes,73,67,1,NotPlaced
8.5,2,3,0,7,4.8,Yes,Yes,85,88,0,Placed
8.1,2,3,2,9,3.7,Yes,Yes,78,77,0,Placed
7.2,0,1,1,7,3.4,No,Yes,73,70,2,NotPlaced
8.1,1,3,2,9,4.8,Yes,Yes,78,88,1,Placed
6.9,0,2,1,8,4.2,Yes,Yes,73,86,1,Placed
7.9,1,2,0,7,3.8,Yes,No,57,66,2,NotPlaced
6.5,1,2,1,6,4.4,No,Yes,60,66,4,NotPlaced
7.7,0,3,2,8,4.8,Yes,Yes,75,86,1,Placed
7.6,1,2,0,6,4.3,Yes,Yes,84,63,4,NotPlaced
8.9,2,3,2,9,4.8,Yes,Yes,82,88,0,Placed
8.0,0,3,2,9,4.7,Yes,Yes,71,88,0,Placed
7.4,1,3,2,9,4.8,Yes,Yes,79,83,0,Placed
7.4,1,1,1,7,3.2,No,Yes,58,67,2,NotPlaced
6.9,1,1,2,7,4.6,Yes,Yes,65,82,3,NotPlaced
8.1,2,1,0,8,4.4,No,No,55,73,1,NotPlaced
8.3,2,3,0,9,4.8,Yes,Yes,68,83,0,Placed
6.5,1,2,0,8,3.4,No,Yes,57,71,2,NotPlaced
7.7,2,3,1,8,4.3,No,Yes,56,83,4,NotPlaced
7.3,1,1,0,7,3.7,Yes,Yes,61,67,2,NotPlaced
7.4,0,3,2,7,4.3,Yes,Yes,88,84,1,Placed
8.2,2,3,2,8,4.8,Yes,Yes,74,87,1,Placed
7.6,1,1,0,7,4.1,No,Yes,55,64,4,NotPlaced
6.8,1,1,0,6,4.2,No,Yes,63,67,2,NotPlaced
8.4,1,3,0,8,4.1,Yes,No,55,84,1,NotPlaced
8.3,2,3,2,8,4.6,Yes,Yes,77,88,1,Placed
6.9,1,1,1,6,4.5,No,Yes,55,71,4,NotPlaced
8.2,1,2,2,8,4.2,Yes,Yes,73,73,1,NotPlaced
6.5,0,1,1,7,3.5,No,No,85,64,4,NotPlaced
7.7,1,1,1,8,4.6,Yes,Yes,66,82,3,NotPlaced
7.8,0,3,1,7,3.8,No,Yes,55,69,4,NotPlaced
8.3,1,3,1,9,4.8,Yes,Yes,83,87,1,Placed
7.5,1,3,1,7,3.8,Yes,Yes,62,63,0,Placed
7.9,1,2,0,6,3.7,No,No,55,59,2,NotPlaced
7.8,1,1,1,6,4.1,No,No,55,64,3,NotPlaced
7.6,0,1,0,6,4.4,No,Yes,61,71,1,Placed
7.4,1,3,1,6,4.8,No,No,58,73,4,NotPlaced
7.8,0,2,0,8,3.9,Yes,Yes,70,74,3,NotPlaced
7.5,0,1,1,7,4.3,No,No,64,66,2,NotPlaced
6.6,1,1,0,7,4.1,No,No,55,67,2,NotPlaced
7.6,0,1,0,6,3.8,No,Yes,55,61,2,NotPlaced
8.6,2,3,1,9,4.8,Yes,Yes,75,88,0,Placed
7.5,0,2,1,7,3.8,No,Yes,82,68,3,NotPlaced
8.1,0,3,0,8,3.3,No,No,86,65,1,NotPlaced
7.6,0,1,1,7,4.2,No,Yes,55,63,2,NotPlaced
7.7,1,1,1,6,3.6,No,No,59,58,4,NotPlaced
8.0,2,3,2,8,4.6,Yes,Yes,72,85,1,Placed
8.3,2,3,2,9,4.8,Yes,Yes,78,87,1,Placed
7.8,0,1,0,6,3.9,No,No,64,61,4,NotPlaced
8.0,1,3,0,7,3.8,No,Yes,77,68,4,NotPlaced
8.4,2,3,2,9,4.8,Yes,Yes,74,88,1,Placed
8.7,2,3,2,9,4.8,Yes,Yes,80,86,0,Placed
8.4,0,3,2,8,4.8,Yes,No,82,75,1,Placed
7.1,1,1,0,7,3.8,No,No,55,61,4,NotPlaced
8.1,1,2,0,7,4.2,Yes,Yes,84,82,0,Placed
8.4,1,3,2,9,4.7,Yes,Yes,85,88,1,Placed
8.8,0,3,2,8,4.5,Yes,Yes,77,87,0,Placed
7.5,2,2,1,7,4.2,Yes,Yes,65,86,3,NotPlaced
7.7,1,2,1,6,4.5,No,Yes,55,61,4,NotPlaced
7.5,0,2,1,8,4.1,Yes,No,56,66,3,NotPlaced
7.9,0,3,1,7,4.7,Yes,No,81,63,3,NotPlaced
7.5,1,3,0,8,4.8,Yes,Yes,73,87,0,Placed
8.6,1,3,0,8,4.7,Yes,Yes,81,88,0,Placed
8.3,0,3,2,9,4.7,Yes,Yes,76,85,0,Placed
7.6,0,2,1,6,4.8,No,No,80,71,2,NotPlaced
6.7,1,1,0,8,4.6,Yes,Yes,57,70,1,Placed
7.6,0,1,0,7,4.7,No,No,80,57,2,NotPlaced
6.5,0,1,0,8,4.1,No,Yes,64,65,3,NotPlaced
7.9,2,3,2,9,4.5,Yes,No,84,82,1,Placed
8.4,0,3,2,9,4.7,Yes,Yes,82,87,0,Placed
6.9,1,1,0,7,4.5,No,No,58,58,1,Placed
7.8,2,3,2,8,4.6,Yes,No,84,76,4,NotPlaced
7.3,1,1,0,7,4.5,No,No,67,65,2,NotPlaced
6.8,0,2,1,7,4.0,No,Yes,55,65,2,NotPlaced
7.6,0,2,0,8,4.5,Yes,Yes,69,86,0,Placed
7.4,1,1,1,8,4.3,No,Yes,86,69,4,NotPlaced
8.7,1,2,2,8,4.3,No,No,78,87,1,NotPlaced
8.0,2,1,0,7,4.6,Yes,Yes,78,79,1,Placed
7.9,0,3,2,8,4.5,No,No,63,59,0,Placed
7.8,2,3,2,9,4.8,Yes,Yes,79,87,0,Placed
7.8,1,2,0,7,4.2,No,Yes,79,70,1,Placed
6.8,1,1,1,7,4.0,No,No,65,58,4,NotPlaced
8.7,1,1,2,8,3.8,Yes,Yes,60,75,1,NotPlaced
7.7,1,2,2,8,4.8,Yes,Yes,73,86,1,Placed
7.6,1,1,1,7,4.0,No,Yes,55,74,0,Placed
7.7,1,2,0,8,4.5,No,Yes,55,69,2,NotPlaced
6.7,2,3,2,8,4.0,No,No,79,68,1,Placed
7.7,1,1,0,8,4.3,No,Yes,60,63,2,NotPlaced
8.2,0,2,2,8,4.8,Yes,Yes,78,82,0,Placed
8.2,2,2,2,8,4.7,Yes,No,75,68,1,Placed
6.9,2,3,0,8,4.4,Yes,Yes,74,67,4,NotPlaced
8.1,1,3,2,9,4.3,Yes,Yes,74,80,1,NotPlaced
8.1,1,3,3,8,4.8,Yes,Yes,66,86,1,Placed
6.7,1,2,0,7,4.0,No,Yes,56,66,2,NotPlaced
8.4,1,2,2,7,4.1,No,No,65,72,1,NotPlaced
7.9,0,2,2,8,4.2,Yes,No,74,82,4,NotPlaced
6.5,1,2,0,7,3.5,No,Yes,57,68,1,Placed
7.5,0,1,1,7,4.4,No,Yes,76,71,3,NotPlaced
8.1,2,3,2,8,4.8,Yes,Yes,80,79,0,Placed
7.3,0,1,1,6,4.7,No,No,59,66,3,NotPlaced
8.7,2,3,2,9,4.8,Yes,Yes,82,84,0,Placed
7.5,1,1,0,7,4.4,No,Yes,70,64,4,NotPlaced
8.1,1,1,0,6,3.7,Yes,No,77,66,1,NotPlaced
8.7,2,3,2,9,4.8,Yes,Yes,87,88,0,Placed
7.5,1,3,0,8,4.1,Yes,Yes,82,82,2,NotPlaced
8.7,0,3,1,8,4.8,Yes,No,77,82,0,Placed
8.0,2,3,2,9,4.5,Yes,Yes,77,88,1,Placed
8.3,0,1,1,7,3.8,Yes,Yes,78,84,1,NotPlaced
6.6,0,1,1,7,4.4,Yes,Yes,64,85,2,NotPlaced
8.3,1,3,2,9,4.8,Yes,Yes,87,88,0,Placed
7.8,0,1,0,8,4.2,No,No,63,58,3,NotPlaced
8.0,1,1,2,8,4.6,Yes,No,76,84,1,Placed
6.5,0,2,1,7,3.9,No,Yes,56,63,3,NotPlaced
7.5,1,2,0,6,4.4,Yes,No,66,84,2,NotPlaced
7.7,2,3,1,6,4.2,Yes,Yes,64,80,4,NotPlaced
8.1,2,2,0,9,4.8,Yes,Yes,76,88,1,NotPlaced
6.5,1,1,0,6,3.8,No,No,56,64,4,NotPlaced
7.1,1,1,0,7,4.1,Yes,Yes,56,65,2,NotPlaced
7.7,1,3,0,8,4.8,Yes,Yes,79,84,1,Placed
8.7,2,3,2,9,4.8,Yes,Yes,73,82,0,Placed
7.6,1,2,1,8,3.9,Yes,Yes,70,69,1,Placed
8.6,1,2,0,7,4.7,No,Yes,55,68,0,Placed
7.9,0,3,2,9,4.4,Yes,Yes,88,83,1,Placed
8.1,0,2,0,7,4.8,Yes,Yes,78,86,0,Placed
8.1,1,2,1,6,4.0,Yes,Yes,86,73,1,Placed
8.1,1,1,0,6,3.0,No,No,55,67,1,NotPlaced
8.2,2,3,2,9,4.8,Yes,No,83,82,1,Placed
8.1,2,2,2,7,4.6,Yes,Yes,79,85,1,NotPlaced
7.7,0,2,2,8,4.5,Yes,Yes,63,82,0,Placed
6.5,1,2,1,7,4.6,Yes,Yes,82,71,4,NotPlaced
8.0,2,2,2,9,4.8,Yes,Yes,75,85,0,Placed
8.4,1,3,0,8,4.8,Yes,Yes,77,85,0,Placed
6.5,1,0,0,8,4.7,Yes,Yes,74,67,0,Placed
7.3,1,1,1,6,4.1,No,No,59,65,3,NotPlaced
7.7,1,2,0,7,3.8,No,Yes,66,66,3,NotPlaced
8.5,1,3,2,8,4.8,Yes,Yes,83,85,0,Placed
6.6,1,2,2,7,3.3,Yes,Yes,64,83,0,Placed
8.5,0,3,2,8,4.7,Yes,Yes,58,76,0,Placed
6.5,1,1,0,7,3.8,No,No,55,70,3,NotPlaced
8.5,2,3,1,9,4.7,Yes,Yes,75,88,0,Placed
7.0,1,3,1,8,4.8,Yes,Yes,85,82,3,Placed
8.2,1,3,0,7,4.5,Yes,Yes,75,88,0,Placed
6.5,1,1,0,7,4.3,No,No,66,60,4,NotPlaced
7.5,1,1,1,8,4.8,No,Yes,56,66,1,Placed
7.6,1,2,2,8,4.8,Yes,Yes,90,76,2,NotPlaced
6.5,1,1,1,6,4.0,No,No,70,71,2,NotPlaced
6.6,1,2,1,6,3.6,No,Yes,55,70,2,NotPlaced
7.8,1,2,0,8,4.0,No,Yes,70,60,3,NotPlaced
8.4,2,3,2,9,4.8,Yes,No,72,85,0,Placed
7.4,1,2,2,7,4.4,Yes,Yes,84,72,4,NotPlaced
7.8,2,2,1,6,4.8,No,Yes,55,73,1,Placed
7.9,0,2,1,7,4.8,Yes,Yes,61,66,4,NotPlaced
7.4,1,1,1,6,4.5,No,No,69,68,3,NotPlaced
8.4,0,3,2,9,4.8,Yes,Yes,88,83,0,Placed
7.4,1,2,0,6,4.7,Yes,Yes,63,65,2,NotPlaced
7.8,0,1,0,6,3.8,No,No,60,71,3,NotPlaced
6.5,1,1,0,6,3.8,No,No,59,65,4,NotPlaced
7.6,1,2,0,7,4.1,No,Yes,60,64,2,NotPlaced
6.8,2,3,3,9,4.8,Yes,Yes,81,83,2,Placed
8.0,1,2,2,8,4.7,Yes,No,72,80,3,NotPlaced
7.9,0,1,2,8,4.7,Yes,Yes,89,85,3,NotPlaced
8.7,0,3,2,9,4.8,Yes,Yes,79,85,0,Placed
8.2,1,0,0,8,4.8,Yes,Yes,74,82,1,Placed
8.5,1,3,2,8,4.8,Yes,Yes,76,87,0,Placed
7.1,2,1,0,7,4.3,No,Yes,56,63,2,NotPlaced
7.8,1,2,0,7,3.7,Yes,Yes,82,64,1,Placed
8.3,0,2,2,8,4.8,Yes,Yes,87,86,1,Placed
7.6,2,1,1,8,3.9,Yes,No,71,71,2,NotPlaced
6.5,1,1,0,7,3.7,No,Yes,63,69,4,NotPlaced
7.8,1,2,2,6,4.4,No,No,55,68,2,NotPlaced
8.3,2,3,2,9,4.8,Yes,Yes,81,88,1,Placed
8.4,2,3,2,9,4.8,Yes,Yes,88,80,0,Placed
6.5,1,1,1,6,3.1,No,No,68,74,3,NotPlaced
7.5,1,2,0,8,4.5,No,No,57,72,3,NotPlaced
8.3,2,3,2,9,4.7,Yes,No,83,80,0,Placed
7.7,2,3,2,9,4.7,Yes,Yes,79,88,1,Placed
7.2,1,1,1,7,4.7,Yes,Yes,62,69,0,Placed
8.0,1,3,1,8,4.7,Yes,Yes,77,83,3,NotPlaced
6.9,1,1,0,7,4.3,No,Yes,60,64,2,NotPlaced
7.8,2,1,1,7,3.6,Yes,Yes,57,72,3,NotPlaced
8.6,1,2,2,8,3.7,Yes,Yes,81,83,1,NotPlaced
7.9,1,3,0,7,4.6,Yes,Yes,78,85,0,Placed
8.3,0,2,0,7,4.1,No,Yes,55,72,1,NotPlaced
7.8,1,2,1,7,4.8,No,Yes,55,69,3,NotPlaced
7.6,2,3,2,8,4.0,Yes,Yes,67,69,0,Placed
7.3,0,1,0,6,3.6,No,No,55,58,2,NotPlaced
7.8,1,1,0,7,4.0,No,Yes,55,70,2,NotPlaced
7.4,1,1,0,7,4.4,Yes,Yes,71,81,0,Placed
8.3,1,3,2,7,4.4,Yes,Yes,78,83,1,Placed
8.0,1,2,2,7,4.1,No,Yes,70,84,1,Placed
7.6,0,2,2,7,4.4,Yes,Yes,80,71,2,NotPlaced
8.3,0,3,0,8,4.5,Yes,Yes,73,81,1,Placed
8.5,2,3,0,9,4.8,Yes,No,74,88,1,Placed
8.1,1,1,0,9,4.7,No,Yes,70,82,1,NotPlaced
8.5,1,3,0,7,4.5,Yes,Yes,73,88,1,NotPlaced
6.8,0,1,1,7,4.2,Yes,Yes,60,82,4,NotPlaced
6.5,0,2,1,6,3.1,No,No,65,71,3,NotPlaced
8.3,0,3,1,7,4.5,Yes,No,81,67,1,NotPlaced
6.5,0,1,0,6,4.0,No,Yes,58,66,2,NotPlaced
8.0,2,3,3,9,4.6,Yes,Yes,84,81,0,Placed
7.8,1,1,0,8,4.7,Yes,Yes,79,69,4,NotPlaced
8.9,2,3,2,8,4.7,Yes,Yes,71,88,0,Placed
8.3,1,3,2,8,4.8,Yes,Yes,71,70,0,Placed
8.5,2,3,2,9,4.7,Yes,Yes,84,86,0,Placed
8.5,0,1,1,9,4.8,Yes,No,61,75,1,NotPlaced
6.5,1,1,1,6,4.1,No,Yes,63,67,2,NotPlaced
8.1,0,1,2,8,4.1,Yes,Yes,74,66,1,Placed
6.5,0,1,1,6,4.2,No,Yes,58,70,2,NotPlaced
7.7,2,3,2,8,4.8,Yes,Yes,86,79,1,Placed
8.2,1,2,0,6,4.2,No,No,57,64,1,NotPlaced
6.7,1,1,1,7,4.5,No,Yes,75,72,3,NotPlaced
7.5,0,1,1,7,3.4,No,No,66,74,2,NotPlaced
8.3,2,3,2,8,4.8,Yes,Yes,79,81,1,Placed
6.5,1,2,3,7,4.4,Yes,No,64,80,3,NotPlaced
6.5,0,2,0,7,3.4,No,Yes,55,73,2,NotPlaced
7.4,1,2,0,6,3.9,No,No,74,66,3,NotPlaced
6.5,1,2,1,7,4.3,No,No,69,62,2,Placed
7.4,0,3,2,9,4.7,Yes,Yes,83,88,1,Placed
7.7,0,1,1,6,3.4,No,No,67,64,3,NotPlaced
8.4,1,3,2,8,4.3,No,Yes,74,66,1,Placed
7.8,1,3,0,8,4.5,Yes,Yes,79,72,0,Placed
8.0,1,3,2,9,4.7,Yes,Yes,72,84,3,NotPlaced
8.3,2,3,2,9,4.8,Yes,Yes,75,80,0,Placed
8.0,1,3,0,8,4.8,No,Yes,75,83,3,NotPlaced
8.4,1,3,1,7,4.4,No,No,69,73,1,NotPlaced
8.3,2,3,2,9,4.8,Yes,Yes,88,87,1,Placed
8.4,2,3,2,8,4.8,No,Yes,73,71,1,Placed
8.5,1,3,2,8,4.6,Yes,Yes,64,83,1,Placed
8.3,1,2,2,9,4.8,Yes,Yes,90,84,0,Placed
8.5,1,2,3,9,4.8,No,Yes,70,72,1,NotPlaced
6.8,0,2,1,8,3.9,No,Yes,63,61,1,Placed
7.5,1,2,0,8,4.4,No,Yes,57,61,1,Placed
7.4,1,2,1,6,3.5,No,No,62,69,2,NotPlaced
7.8,1,1,0,7,3.2,No,Yes,57,69,2,NotPlaced
7.5,1,1,0,6,4.1,No,Yes,82,67,3,NotPlaced
6.5,2,3,0,8,4.4,Yes,Yes,77,73,2,Placed
7.5,1,2,0,7,3.8,No,No,64,70,4,NotPlaced
7.4,0,1,1,6,4.0,No,Yes,60,71,3,NotPlaced
8.0,1,2,1,8,4.0,Yes,Yes,75,68,1,Placed
8.5,2,2,2,6,4.4,No,Yes,76,81,1,NotPlaced
7.8,1,3,0,8,4.1,Yes,Yes,66,63,4,NotPlaced
6.6,0,2,0,6,4.2,No,No,55,85,2,NotPlaced
8.5,1,2,1,7,3.8,No,Yes,58,70,1,NotPlaced
6.5,1,2,1,6,4.2,No,No,55,72,3,NotPlaced
7.6,1,3,3,7,4.7,Yes,No,86,74,0,Placed
7.7,1,1,1,7,4.6,No,Yes,72,75,3,NotPlaced
8.0,2,3,0,9,4.4,Yes,Yes,72,85,1,Placed
8.0,1,3,2,8,4.8,Yes,No,84,85,0,Placed
6.8,1,2,0,7,4.5,Yes,Yes,76,80,4,NotPlaced
8.2,1,3,2,7,4.1,Yes,Yes,78,65,0,Placed
8.1,2,3,2,8,4.5,Yes,Yes,84,81,0,Placed
8.3,1,2,0,8,4.6,Yes,Yes,85,86,1,Placed
8.2,2,3,2,9,4.8,Yes,Yes,80,86,1,Placed
7.6,1,2,0,8,4.6,No,Yes,78,73,4,NotPlaced
6.5,1,2,0,7,4.2,No,Yes,55,65,4,NotPlaced
8.3,1,2,1,8,4.7,Yes,Yes,59,69,1,NotPlaced
7.4,0,1,0,8,3.9,No,Yes,68,63,2,NotPlaced
7.6,1,2,0,7,4.1,No,Yes,68,72,1,Placed
8.4,2,3,1,8,4.6,Yes,Yes,79,83,0,Placed
7.4,1,1,0,7,4.1,No,Yes,56,62,4,NotPlaced
8.0,1,1,0,7,3.9,Yes,Yes,72,68,1,Placed
8.2,0,3,2,8,4.8,Yes,Yes,80,83,1,Placed
8.2,1,2,2,8,4.3,Yes,Yes,76,83,0,Placed
8.0,0,2,2,8,4.6,Yes,Yes,82,78,2,NotPlaced
7.8,2,3,0,7,4.5,Yes,Yes,72,81,0,Placed
8.0,1,2,1,8,3.4,Yes,Yes,76,82,3,NotPlaced
6.5,2,2,2,7,4.4,No,No,80,71,2,Placed
6.5,1,1,0,6,4.0,No,No,61,74,3,NotPlaced
7.9,1,1,1,7,4.2,No,No,55,69,4,NotPlaced
6.5,0,1,0,7,3.7,No,No,72,67,2,NotPlaced
7.8,1,3,2,9,4.8,Yes,Yes,79,83,0,Placed
7.8,1,2,0,7,4.5,No,Yes,55,69,3,NotPlaced
8.0,2,3,2,8,4.5,Yes,Yes,71,85,0,Placed
8.3,0,3,2,7,4.1,Yes,Yes,70,84,1,NotPlaced
6.6,1,1,0,6,3.9,Yes,Yes,55,67,2,Placed
7.5,1,3,1,7,4.0,No,No,83,73,4,NotPlaced
7.6,1,1,1,7,4.5,No,No,62,71,4,NotPlaced
7.7,0,1,0,6,3.9,No,No,74,69,3,NotPlaced
7.4,1,2,0,8,4.3,No,Yes,65,67,4,NotPlaced
8.5,1,1,0,7,4.2,Yes,Yes,58,71,1,NotPlaced
7.5,1,2,1,6,3.3,No,Yes,55,67,4,NotPlaced
7.6,1,3,0,8,4.8,Yes,Yes,69,84,1,Placed
8.0,1,2,1,8,4.2,Yes,No,77,69,3,NotPlaced
8.7,1,3,2,8,4.7,Yes,Yes,76,82,0,Placed
6.5,0,2,0,7,3.6,No,Yes,55,66,4,NotPlaced
8.2,1,3,2,7,4.4,Yes,Yes,66,86,1,NotPlaced
6.5,1,1,0,8,4.4,No,Yes,59,69,3,NotPlaced
8.4,2,3,2,9,4.5,Yes,No,75,86,1,Placed
7.9,2,1,2,8,4.8,Yes,No,82,82,1,Placed
7.6,1,2,0,7,4.1,No,No,56,63,3,NotPlaced
7.5,1,1,1,7,4.2,Yes,Yes,64,72,3,NotPlaced
7.5,1,1,1,6,4.3,No,No,60,61,4,NotPlaced
8.4,0,1,1,6,4.1,No,No,78,58,1,Placed
8.8,0,3,0,8,4.8,Yes,Yes,63,78,0,Placed
8.0,1,3,3,9,4.8,Yes,Yes,82,84,1,Placed
8.6,2,3,2,9,4.5,Yes,Yes,84,82,0,Placed
8.4,2,3,2,9,4.8,Yes,Yes,77,77,1,NotPlaced
8.2,1,3,2,9,3.6,Yes,Yes,75,80,0,Placed
7.3,1,1,1,6,4.1,No,No,59,60,2,NotPlaced
6.5,1,2,2,7,4.1,Yes,Yes,66,70,1,Placed
7.4,1,1,1,6,3.6,No,No,65,65,3,NotPlaced
8.0,2,1,0,7,4.5,No,Yes,59,65,2,NotPlaced
7.9,1,2,0,8,4.5,No,Yes,59,66,2,NotPlaced
8.3,0,3,0,8,4.7,Yes,Yes,70,80,1,NotPlaced
7.0,1,3,1,9,4.7,Yes,Yes,74,60,3,NotPlaced
6.5,1,2,0,8,4.4,No,Yes,59,68,4,NotPlaced
8.2,1,3,0,7,4.3,No,No,55,73,1,NotPlaced
8.7,1,2,1,9,4.6,No,No,74,68,1,NotPlaced
7.5,1,1,0,7,4.5,Yes,Yes,79,88,0,Placed
7.6,1,1,0,6,4.0,No,No,56,64,2,NotPlaced
7.6,1,3,0,8,4.1,No,No,57,73,2,NotPlaced
8.3,1,3,2,8,4.7,Yes,Yes,72,80,1,NotPlaced
7.4,0,1,1,9,4.8,Yes,Yes,71,69,3,NotPlaced
7.6,1,2,0,7,4.1,No,Yes,71,62,4,NotPlaced
7.4,1,2,1,6,4.5,Yes,Yes,60,66,4,NotPlaced
7.5,0,1,1,7,4.4,Yes,Yes,79,74,3,NotPlaced
7.7,1,1,0,7,3.6,No,Yes,59,71,4,NotPlaced
6.5,2,2,1,8,4.8,No,No,61,69,4,NotPlaced
7.4,2,3,1,7,4.4,No,Yes,75,73,3,NotPlaced
7.5,1,1,0,6,4.3,No,No,61,69,2,NotPlaced
7.8,1,3,0,9,4.6,No,Yes,64,83,3,NotPlaced
8.1,1,1,0,7,4.0,No,No,85,62,1,NotPlaced
8.0,1,3,0,8,4.1,Yes,Yes,82,83,1,Placed
7.4,2,2,1,7,4.3,Yes,No,68,69,4,NotPlaced
8.6,2,3,2,8,4.1,Yes,Yes,75,85,0,Placed
7.6,1,3,1,7,3.9,Yes,No,72,73,1,Placed
8.0,0,3,2,9,4.8,Yes,Yes,79,83,0,Placed
7.6,1,3,2,9,4.3,Yes,Yes,55,86,1,Placed
7.3,1,1,1,7,4.0,No,Yes,55,67,4,NotPlaced
7.5,1,2,1,9,3.4,No,Yes,59,72,2,NotPlaced
8.0,1,3,2,8,4.7,Yes,Yes,90,86,0,Placed
8.5,0,3,3,8,4.6,No,Yes,86,70,1,NotPlaced
8.6,1,3,1,8,4.8,Yes,Yes,71,80,1,NotPlaced
6.6,1,1,0,6,4.2,Yes,Yes,55,69,3,NotPlaced
7.7,1,1,1,7,3.9,No,Yes,55,61,2,NotPlaced
8.7,2,2,1,7,4.6,Yes,Yes,77,77,1,NotPlaced
7.5,1,2,0,6,3.5,No,No,55,63,3,NotPlaced
6.7,1,1,1,7,4.6,No,No,62,68,2,NotPlaced
7.2,1,3,2,8,4.8,No,Yes,83,84,0,Placed
6.9,1,1,1,7,4.8,Yes,Yes,58,66,3,NotPlaced
8.2,2,3,2,8,4.7,Yes,Yes,84,88,1,Placed
8.5,2,3,2,8,4.6,Yes,Yes,74,83,1,Placed
8.2,0,3,0,9,4.3,Yes,Yes,79,86,1,NotPlaced
7.3,1,1,1,7,4.1,No,No,58,74,2,NotPlaced
7.6,1,2,1,7,4.1,No,Yes,61,66,2,NotPlaced
6.5,1,3,2,8,3.7,Yes,Yes,79,86,0,Placed
7.4,1,3,0,8,3.8,No,Yes,69,85,4,NotPlaced
8.0,2,3,2,9,4.8,Yes,Yes,88,83,0,Placed
8.2,2,1,2,7,4.8,Yes,Yes,60,79,1,NotPlaced
7.5,1,1,0,6,4.1,No,No,63,60,4,NotPlaced
8.1,2,2,1,9,4.7,Yes,Yes,68,88,1,Placed
6.5,1,3,0,8,4.8,No,No,65,86,2,NotPlaced
8.8,1,3,0,8,4.4,Yes,Yes,63,72,1,NotPlaced
7.4,1,2,1,7,4.5,No,No,56,69,2,NotPlaced
8.2,2,3,2,9,4.7,Yes,Yes,72,84,1,Placed
7.7,1,2,0,7,3.8,Yes,Yes,58,63,2,NotPlaced
8.5,2,3,2,8,4.8,Yes,Yes,78,87,1,Placed
8.6,1,3,1,8,4.7,Yes,Yes,78,81,0,Placed
8.6,1,2,0,8,4.1,Yes,Yes,55,82,1,NotPlaced
7.7,1,3,2,8,4.5,No,Yes,65,88,4,NotPlaced
8.2,2,3,2,9,4.2,Yes,Yes,83,77,1,Placed
6.5,1,2,1,8,4.3,Yes,Yes,84,88,2,Placed
9.0,2,3,2,8,4.8,No,Yes,72,84,0,Placed
7.5,0,2,1,7,3.6,No,No,56,71,3,NotPlaced
7.8,0,2,0,7,4.2,No,Yes,55,68,4,NotPlaced
8.3,0,3,0,8,3.4,Yes,Yes,76,87,0,Placed
6.5,2,1,1,7,4.2,Yes,Yes,58,64,3,NotPlaced
6.5,0,2,3,8,4.5,Yes,Yes,55,71,0,Placed
7.4,1,1,0,7,3.6,No,No,55,65,2,NotPlaced
8.2,2,3,2,9,4.8,Yes,Yes,76,85,1,Placed
8.5,2,3,2,9,4.8,Yes,Yes,82,88,1,Placed
8.6,2,3,2,9,4.8,Yes,Yes,65,82,0,Placed
8.5,1,1,2,7,4.0,Yes,Yes,80,82,0,Placed
7.8,1,3,2,8,4.2,Yes,Yes,78,80,3,NotPlaced
8.4,2,3,2,8,4.8,Yes,Yes,77,86,0,Placed
8.5,2,1,1,7,4.5,Yes,No,64,79,1,NotPlaced
7.7,1,1,1,7,4.3,Yes,Yes,75,70,2,NotPlaced
7.5,1,2,0,8,4.8,Yes,Yes,55,79,4,NotPlaced
6.5,1,3,1,9,4.5,No,No,74,62,2,NotPlaced
7.8,1,2,0,8,4.8,Yes,Yes,78,80,0,Placed
7.6,1,1,1,7,4.2,Yes,Yes,67,65,0,Placed
7.6,1,1,1,8,4.1,No,Yes,85,70,3,NotPlaced
6.5,0,1,0,9,4.5,Yes,Yes,56,82,4,NotPlaced
8.0,2,2,1,8,3.9,Yes,Yes,63,68,2,NotPlaced
7.5,2,1,1,6,4.0,No,Yes,56,62,4,NotPlaced
7.8,1,1,0,6,4.4,No,Yes,55,68,3,NotPlaced
6.9,0,3,2,8,4.8,Yes,Yes,85,79,2,Placed
8.6,1,3,2,8,4.6,No,Yes,72,83,0,Placed
7.0,0,3,1,6,3.6,Yes,Yes,57,82,3,NotPlaced
8.8,2,1,2,8,4.8,Yes,Yes,84,87,0,Placed
7.4,1,2,0,8,3.5,No,Yes,61,67,3,NotPlaced
6.7,1,1,1,6,4.0,No,No,55,67,2,NotPlaced
7.7,1,1,0,7,4.2,No,No,55,63,2,NotPlaced
7.4,1,1,2,6,4.3,No,Yes,61,60,2,NotPlaced
8.3,1,2,0,7,4.2,No,No,63,74,1,NotPlaced
8.2,2,3,0,8,4.7,Yes,Yes,83,88,0,Placed
8.0,1,3,1,7,4.5,Yes,Yes,71,85,2,NotPlaced
7.8,1,1,0,8,4.5,Yes,Yes,55,63,2,NotPlaced
7.6,1,1,2,7,3.9,No,Yes,55,71,3,NotPlaced
7.6,0,1,0,8,3.2,No,No,55,65,2,NotPlaced
7.4,1,3,2,8,4.5,Yes,No,84,79,0,Placed
6.5,1,1,1,7,4.1,No,No,61,67,0,Placed
7.9,1,1,1,7,4.4,Yes,Yes,65,85,3,NotPlaced
8.4,0,3,0,8,4.3,Yes,Yes,82,83,1,NotPlaced
8.7,1,2,2,7,4.1,Yes,Yes,75,87,0,Placed
8.5,2,2,2,8,4.6,Yes,Yes,55,84,1,Placed
8.0,2,3,2,9,4.8,Yes,Yes,76,86,1,Placed
7.4,1,3,0,7,4.6,Yes,Yes,74,82,2,NotPlaced
8.2,2,3,2,8,4.8,Yes,Yes,87,88,0,Placed
7.3,1,2,0,6,3.7,No,Yes,55,68,3,NotPlaced
7.5,0,3,0,7,4.7,No,No,55,70,2,NotPlaced
7.5,1,2,0,7,3.9,Yes,Yes,87,76,3,NotPlaced
7.6,0,2,0,6,3.9,No,Yes,64,61,3,NotPlaced
7.9,2,3,3,9,4.7,Yes,No,77,61,1,Placed
7.5,1,1,0,6,4.2,No,No,57,60,3,NotPlaced
7.6,1,2,2,7,4.2,No,Yes,81,68,3,NotPlaced
8.0,1,2,2,8,4.8,Yes,Yes,90,68,0,Placed
7.6,1,1,1,6,4.0,No,Yes,61,68,4,NotPlaced
8.0,2,3,2,8,4.1,Yes,Yes,75,85,0,Placed
6.5,0,1,1,8,3.6,No,No,61,63,2,NotPlaced
8.2,1,1,1,8,4.7,Yes,Yes,55,81,1,NotPlaced
7.3,1,1,0,8,3.9,No,Yes,55,69,3,NotPlaced
8.4,2,3,2,9,4.8,Yes,Yes,82,87,1,Placed
7.9,2,3,2,9,4.6,Yes,Yes,82,81,1,Placed
7.4,1,1,1,6,3.9,Yes,Yes,63,66,2,NotPlaced
6.5,0,1,1,7,4.7,Yes,No,82,64,4,NotPlaced
7.7,1,1,0,7,3.9,Yes,Yes,71,82,3,NotPlaced
8.4,0,3,2,9,4.8,Yes,Yes,83,83,0,Placed
8.0,1,2,0,6,3.6,Yes,No,59,64,3,NotPlaced
7.7,0,1,1,9,4.3,Yes,Yes,75,75,1,Placed
7.6,1,2,0,7,4.7,No,Yes,60,64,0,Placed
7.4,0,2,0,7,4.5,No,Yes,72,85,3,NotPlaced
6.8,1,2,0,7,4.2,No,Yes,77,57,3,NotPlaced
8.0,0,3,2,7,4.7,Yes,Yes,77,82,0,Placed
8.4,2,3,2,9,4.5,Yes,Yes,83,86,1,Placed
7.4,2,2,0,6,4.1,No,No,59,75,3,NotPlaced
7.8,1,3,1,7,4.4,Yes,Yes,59,72,4,NotPlaced
6.5,1,1,2,6,3.5,No,No,76,61,3,NotPlaced
8.7,0,3,2,8,4.5,Yes,Yes,80,66,0,Placed
8.4,2,1,1,8,4.8,Yes,Yes,85,84,1,NotPlaced
7.8,0,1,0,6,4.1,Yes,No,59,69,4,NotPlaced
6.7,1,1,0,6,4.6,No,No,67,66,2,NotPlaced
8.6,2,3,2,9,4.8,Yes,Yes,82,87,0,Placed
8.0,1,3,2,8,4.8,No,Yes,61,87,0,Placed
7.8,2,1,0,8,4.3,No,Yes,78,80,1,Placed
7.6,0,1,1,7,3.6,No,Yes,59,62,3,NotPlaced
8.0,1,2,3,7,4.0,Yes,Yes,78,83,0,Placed
7.2,1,1,0,8,4.0,No,Yes,82,74,0,Placed
7.9,1,3,0,8,4.8,No,No,76,82,4,NotPlaced
7.8,2,3,2,9,3.9,Yes,Yes,60,87,4,NotPlaced
8.1,0,2,3,7,3.2,Yes,Yes,73,83,0,Placed
8.4,2,3,3,8,4.7,Yes,No,69,83,1,NotPlaced
7.6,1,2,0,7,4.8,No,Yes,58,67,4,NotPlaced
8.4,2,2,0,8,4.8,Yes,No,71,66,0,Placed
7.6,1,1,0,7,4.1,No,No,61,63,3,NotPlaced
7.9,0,1,0,6,4.1,Yes,Yes,63,67,2,NotPlaced
7.6,1,2,1,8,4.4,Yes,Yes,90,79,4,NotPlaced
7.5,0,2,0,9,4.8,No,Yes,55,79,3,NotPlaced
7.6,1,1,1,8,4.1,No,No,55,66,4,NotPlaced
7.5,1,2,0,7,4.3,No,Yes,58,67,2,NotPlaced
7.9,1,1,1,8,4.0,No,Yes,81,70,4,NotPlaced
7.9,2,3,3,7,4.5,Yes,Yes,71,87,0,Placed
7.6,1,3,0,6,4.2,Yes,Yes,88,82,2,NotPlaced
8.1,1,1,0,7,4.3,Yes,No,68,61,1,NotPlaced
7.6,2,1,0,7,4.6,Yes,Yes,78,73,2,NotPlaced
7.9,2,1,2,7,3.9,Yes,No,77,80,4,NotPlaced
8.5,2,3,2,8,4.8,Yes,Yes,77,85,1,NotPlaced
7.5,2,3,0,8,4.6,Yes,Yes,72,86,4,NotPlaced
7.7,1,2,0,7,3.8,No,Yes,55,74,4,NotPlaced
7.6,1,1,2,6,3.8,No,Yes,57,70,0,Placed
8.3,2,3,2,8,4.5,Yes,Yes,87,80,1,Placed
7.4,1,2,1,7,3.3,Yes,Yes,81,69,1,Placed
8.2,1,1,1,8,3.9,Yes,Yes,61,60,1,Placed
6.6,1,1,1,7,3.0,No,No,57,68,2,NotPlaced
8.6,1,3,2,9,4.8,Yes,Yes,80,80,0,Placed
7.6,1,2,2,7,4.5,Yes,Yes,76,81,4,NotPlaced
8.6,1,3,0,8,4.8,Yes,Yes,81,86,0,Placed
7.7,1,0,0,7,4.1,Yes,Yes,71,61,1,Placed
8.0,1,2,0,7,4.8,Yes,No,87,67,3,NotPlaced
8.1,1,3,2,8,4.7,Yes,Yes,68,88,0,Placed
6.5,1,2,1,8,4.0,No,Yes,55,62,2,NotPlaced
7.7,1,3,0,8,4.1,Yes,Yes,77,58,3,NotPlaced
8.2,1,1,2,7,4.4,No,No,83,68,1,NotPlaced
7.7,2,2,2,9,4.8,Yes,Yes,79,83,0,Placed
8.6,1,2,2,9,4.6,Yes,Yes,81,87,0,Placed
8.0,0,1,0,7,3.6,No,No,56,63,2,NotPlaced
7.5,1,2,0,7,4.0,Yes,No,55,66,2,NotPlaced
7.9,1,3,2,9,4.6,Yes,Yes,81,88,1,Placed
7.4,1,1,1,6,4.0,No,Yes,55,67,3,NotPlaced
8.0,0,3,1,8,4.6,Yes,Yes,86,84,1,Placed
8.4,1,2,0,8,4.4,Yes,Yes,71,83,1,NotPlaced
7.6,1,1,0,8,4.3,No,Yes,57,71,3,NotPlaced
8.5,0,1,0,8,4.2,Yes,Yes,74,65,0,Placed
8.0,1,2,0,9,4.3,Yes,Yes,75,70,2,NotPlaced
7.8,0,2,0,8,4.1,No,Yes,60,83,0,Placed
7.7,1,1,0,6,4.0,No,No,55,69,3,NotPlaced
7.8,2,3,2,8,4.7,Yes,Yes,81,86,0,Placed
7.5,1,2,2,7,3.9,Yes,Yes,55,71,3,NotPlaced
8.3,1,3,2,9,4.8,Yes,Yes,85,86,0,Placed
8.3,1,0,0,7,4.6,Yes,Yes,70,85,1,Placed
6.9,0,2,0,7,4.1,No,Yes,63,64,2,NotPlaced
6.8,1,1,1,7,4.3,No,Yes,65,60,0,Placed
7.3,1,1,1,6,3.6,No,Yes,55,65,4,NotPlaced
8.2,2,3,2,8,4.8,Yes,Yes,77,86,0,Placed
8.1,0,2,0,8,4.8,No,Yes,88,82,1,NotPlaced
6.8,1,1,1,7,4.1,Yes,No,78,86,2,NotPlaced
7.7,1,2,0,6,3.7,No,Yes,74,71,3,NotPlaced
7.4,2,1,0,7,4.5,Yes,Yes,67,68,3,NotPlaced
8.2,2,3,2,9,4.5,Yes,Yes,90,67,1,Placed
8.0,1,3,0,8,4.5,Yes,Yes,79,78,0,Placed
6.7,2,3,2,8,4.2,Yes,Yes,64,64,3,NotPlaced
6.8,0,1,1,6,3.5,No,No,55,63,4,NotPlaced
7.7,0,2,0,8,4.2,No,Yes,75,60,4,NotPlaced
7.6,1,1,0,6,3.9,No,No,59,64,2,NotPlaced
8.1,1,1,2,7,4.0,No,Yes,71,71,1,NotPlaced
7.5,1,2,0,7,3.9,No,No,56,66,4,NotPlaced
8.4,1,3,2,8,4.8,Yes,Yes,76,82,1,Placed
7.8,0,2,1,7,4.5,No,Yes,74,81,1,Placed
6.9,0,1,1,7,3.5,No,Yes,69,63,3,NotPlaced
8.2,0,2,1,6,4.3,Yes,Yes,62,68,1,Placed
7.0,0,1,1,7,4.0,No,Yes,58,73,3,NotPlaced
6.8,1,2,2,7,3.7,Yes,Yes,55,63,4,NotPlaced
8.3,0,3,0,9,4.8,Yes,Yes,74,85,0,Placed
8.5,2,3,2,8,4.4,Yes,Yes,77,71,1,Placed
7.3,1,1,2,7,4.3,No,No,55,70,0,Placed
7.5,1,3,0,8,4.7,Yes,Yes,59,87,0,Placed
6.5,1,2,1,7,4.5,No,No,57,66,2,NotPlaced
7.2,1,1,1,7,3.6,No,No,56,65,0,Placed
8.1,1,3,2,9,4.8,Yes,Yes,86,80,1,Placed
7.4,1,1,0,9,4.4,No,Yes,58,63,2,NotPlaced
7.4,0,2,2,7,3.8,No,Yes,80,70,3,NotPlaced
8.4,2,3,2,9,4.8,Yes,Yes,69,63,1,Placed
7.5,1,3,1,8,4.8,Yes,Yes,72,67,0,Placed
6.8,0,2,2,8,4.5,No,No,67,70,4,NotPlaced
8.4,1,2,2,7,4.6,Yes,Yes,70,67,1,NotPlaced
8.4,1,3,2,9,4.8,Yes,Yes,85,88,0,Placed
7.6,1,2,0,9,4.8,Yes,Yes,77,86,0,Placed
8.2,0,1,1,8,4.7,Yes,No,81,66,1,NotPlaced
8.3,1,3,1,7,4.3,Yes,Yes,55,67,1,NotPlaced
6.9,1,2,1,6,4.8,Yes,Yes,69,69,2,NotPlaced
8.7,1,3,0,8,4.8,Yes,Yes,65,82,1,NotPlaced
7.5,1,1,1,7,4.4,No,Yes,60,69,3,NotPlaced
7.6,1,2,0,8,4.2,No,Yes,58,65,4,NotPlaced
7.6,2,3,0,7,3.7,Yes,Yes,72,84,0,Placed
8.5,2,1,1,8,3.6,Yes,No,83,68,1,NotPlaced
6.9,2,3,3,8,4.8,Yes,No,82,86,0,Placed
8.0,1,3,2,9,4.8,No,Yes,85,88,0,Placed
8.2,2,3,2,9,4.1,Yes,Yes,73,69,1,Placed
8.2,1,3,2,8,4.5,Yes,Yes,84,88,0,Placed
8.4,1,2,2,8,4.8,No,Yes,87,85,0,Placed
8.2,1,3,2,9,4.8,Yes,Yes,75,81,0,Placed
7.5,0,1,0,7,4.3,No,Yes,61,69,4,NotPlaced
8.4,1,3,2,9,4.8,Yes,Yes,87,83,1,Placed
8.3,2,3,2,9,4.8,Yes,Yes,68,88,0,Placed
8.4,0,2,2,8,4.7,Yes,Yes,66,87,1,NotPlaced
7.5,1,2,0,7,4.8,No,Yes,55,59,2,NotPlaced
7.6,1,1,2,7,4.2,Yes,No,64,76,3,NotPlaced
7.6,2,2,2,7,4.8,Yes,Yes,76,82,1,Placed
8.3,1,2,0,7,4.4,Yes,Yes,82,84,1,Placed
7.5,1,1,0,6,4.8,No,Yes,63,69,3,NotPlaced
7.4,1,1,0,6,3.8,Yes,Yes,62,65,2,NotPlaced
8.3,0,1,1,6,4.1,Yes,Yes,60,66,1,NotPlaced
8.4,1,3,2,9,4.7,Yes,Yes,81,88,0,Placed
7.1,1,1,0,7,4.7,Yes,No,78,70,3,NotPlaced
8.4,0,2,0,8,3.8,Yes,Yes,65,65,0,Placed
8.1,0,3,2,8,4.8,Yes,No,90,83,0,Placed
7.4,1,1,3,7,4.1,No,Yes,61,63,2,NotPlaced
7.8,1,1,2,6,3.9,No,No,60,62,4,NotPlaced
8.2,2,3,0,8,4.7,Yes,No,79,61,1,NotPlaced
7.4,1,3,2,8,4.4,No,Yes,78,72,2,NotPlaced
6.6,1,1,1,8,3.9,Yes,No,70,66,2,NotPlaced
6.7,0,2,0,8,4.3,No,Yes,55,62,3,NotPlaced
6.5,0,1,1,7,3.8,No,Yes,55,71,4,NotPlaced
8.0,0,1,1,6,4.1,Yes,Yes,62,61,1,Placed
7.9,1,3,0,7,4.2,No,Yes,55,74,0,Placed
6.5,2,3,2,8,3.3,No,Yes,83,76,0,Placed
8.7,2,3,2,9,4.8,Yes,Yes,81,80,0,Placed
8.8,2,3,2,8,4.7,Yes,No,86,86,0,Placed
6.6,1,1,0,6,4.2,No,Yes,62,67,4,NotPlaced
7.4,1,2,0,7,3.3,No,Yes,57,66,3,NotPlaced
8.8,1,1,0,6,4.7,Yes,Yes,70,83,1,NotPlaced
7.3,2,2,1,8,4.8,No,No,56,69,3,NotPlaced
8.5,2,3,2,9,4.7,No,Yes,76,82,1,Placed
7.9,2,2,1,8,4.5,Yes,Yes,83,73,1,Placed
6.6,1,3,2,7,4.5,Yes,Yes,74,84,2,Placed
8.2,2,2,0,7,4.8,No,Yes,72,64,1,NotPlaced
7.5,1,2,1,7,4.2,No,Yes,55,71,2,NotPlaced
7.7,1,1,0,7,4.0,Yes,Yes,65,75,1,Placed
8.2,2,3,2,9,4.8,Yes,Yes,85,83,0,Placed
7.5,1,2,1,7,4.6,Yes,Yes,84,65,2,NotPlaced
7.1,1,1,1,8,4.2,No,No,75,70,2,NotPlaced
7.7,1,2,0,8,4.7,No,Yes,72,61,3,NotPlaced
7.3,1,1,0,6,4.3,No,No,55,72,2,NotPlaced
7.9,0,1,0,6,3.8,No,Yes,66,61,2,NotPlaced
8.2,0,2,2,9,4.8,Yes,Yes,77,83,1,Placed
6.8,1,1,0,8,4.3,No,Yes,55,76,2,Placed
7.3,1,1,0,6,4.1,No,No,57,73,3,NotPlaced
7.9,2,3,2,9,4.7,Yes,Yes,75,74,1,Placed
8.4,2,3,2,9,4.8,Yes,Yes,81,88,0,Placed
8.6,2,3,2,7,4.8,Yes,Yes,75,86,0,Placed
8.5,1,1,0,8,4.6,No,No,61,69,1,NotPlaced
7.8,2,3,0,8,4.5,Yes,Yes,77,81,4,NotPlaced
7.3,0,3,2,9,4.1,Yes,Yes,80,80,0,Placed
7.6,0,1,1,6,4.2,Yes,Yes,58,65,4,NotPlaced
8.5,0,2,2,8,4.8,No,Yes,55,69,0,Placed
8.5,2,3,2,9,4.8,Yes,Yes,79,80,1,Placed
8.4,2,3,2,9,4.5,Yes,Yes,84,85,1,NotPlaced
7.7,0,1,1,7,3.8,Yes,Yes,63,68,2,NotPlaced
7.7,0,2,0,8,4.3,No,Yes,75,67,2,NotPlaced
7.4,2,1,2,9,4.7,Yes,Yes,81,88,3,NotPlaced
6.6,1,1,0,7,4.1,Yes,No,58,64,2,Placed
7.4,1,0,1,6,3.6,No,No,55,63,4,NotPlaced
7.9,2,1,0,7,4.3,Yes,No,77,84,2,NotPlaced
8.6,2,3,2,8,4.5,Yes,Yes,81,85,0,Placed
7.5,1,1,1,6,3.7,No,No,55,63,4,NotPlaced
6.7,1,1,0,7,3.6,No,No,64,69,3,NotPlaced
7.8,1,3,2,9,4.1,Yes,No,70,86,4,NotPlaced
7.7,1,1,0,8,3.7,No,Yes,55,81,0,Placed
7.6,1,1,0,8,4.2,No,Yes,55,68,4,NotPlaced
6.6,1,1,0,8,4.8,No,No,56,65,3,NotPlaced
6.7,2,1,2,7,4.1,No,Yes,58,57,4,NotPlaced
7.5,1,1,1,6,3.7,Yes,Yes,55,61,4,NotPlaced
8.4,1,3,1,8,4.4,Yes,Yes,74,80,1,NotPlaced
7.6,1,3,0,8,4.7,No,No,77,70,3,NotPlaced
7.5,1,2,0,6,3.9,No,No,71,72,4,NotPlaced
8.4,2,2,0,8,4.0,Yes,No,71,84,1,NotPlaced
7.5,1,1,0,8,4.7,No,No,56,82,1,Placed
7.9,1,2,1,8,4.6,Yes,Yes,82,62,0,Placed
6.5,0,1,0,7,4.6,Yes,Yes,79,67,3,NotPlaced
8.3,1,3,2,9,4.8,Yes,Yes,76,88,1,Placed
8.1,1,3,2,8,4.6,Yes,Yes,88,84,1,Placed
7.6,0,1,0,6,3.4,No,No,60,74,3,NotPlaced
8.4,2,3,2,9,4.8,Yes,Yes,85,78,1,Placed
8.0,0,1,0,8,3.1,No,No,65,59,3,NotPlaced
8.1,1,2,0,8,4.8,Yes,Yes,77,83,1,NotPlaced
8.5,0,2,1,8,4.8,Yes,Yes,56,72,1,Placed
8.9,2,1,2,9,4.7,Yes,Yes,75,84,0,Placed
7.3,1,1,1,8,4.7,No,No,55,67,3,NotPlaced
7.0,2,1,0,7,3.8,Yes,Yes,69,67,5,Placed
6.8,1,1,1,6,4.5,No,Yes,55,62,3,NotPlaced
7.4,0,1,0,7,3.6,No,No,60,71,3,NotPlaced
8.5,1,3,1,8,4.6,Yes,Yes,78,82,1,NotPlaced
7.9,2,1,3,7,4.0,Yes,Yes,67,81,1,Placed
8.5,1,2,0,8,4.3,No,Yes,55,83,0,Placed
7.6,0,2,2,7,4.2,Yes,Yes,78,84,3,NotPlaced
7.8,2,3,2,9,4.6,Yes,Yes,79,88,0,Placed
7.3,1,1,1,6,3.4,No,No,55,68,4,NotPlaced
8.5,1,3,3,8,4.4,Yes,Yes,75,83,0,Placed
8.5,2,2,2,9,4.8,Yes,Yes,84,71,0,Placed
6.5,0,1,2,6,3.9,No,No,59,70,4,NotPlaced
7.4,1,3,2,8,4.8,No,Yes,68,88,0,Placed
7.6,1,2,0,7,3.9,Yes,Yes,57,62,3,NotPlaced
7.5,1,3,2,7,4.6,Yes,Yes,74,84,0,Placed
8.5,2,2,3,6,4.6,Yes,No,58,80,1,NotPlaced
7.5,1,2,0,7,4.3,No,No,55,65,4,NotPlaced
6.5,1,1,1,7,4.4,No,No,58,67,4,NotPlaced
7.7,0,3,0,8,4.2,Yes,Yes,71,82,3,NotPlaced
7.5,0,1,0,8,4.5,Yes,Yes,79,73,4,NotPlaced
7.6,1,3,0,7,4.0,Yes,No,66,74,4,NotPlaced
8.2,2,3,2,9,4.8,Yes,Yes,73,83,1,Placed
6.5,0,1,1,6,3.2,No,No,62,74,4,NotPlaced
6.9,0,1,0,7,3.0,No,No,62,62,3,NotPlaced
8.6,2,3,2,9,4.8,Yes,Yes,75,78,0,Placed
6.8,1,1,0,8,4.2,No,No,59,72,3,NotPlaced
8.4,1,1,1,8,4.3,Yes,Yes,60,82,1,NotPlaced
6.7,1,2,0,9,4.7,Yes,Yes,55,82,0,Placed
7.5,1,1,2,7,4.4,No,Yes,76,74,2,NotPlaced
8.1,1,1,1,7,4.3,No,Yes,58,63,1,NotPlaced
8.3,1,3,1,8,4.3,Yes,Yes,79,88,1,NotPlaced
6.5,0,1,0,7,4.6,No,No,79,58,2,NotPlaced
7.2,1,2,3,7,4.5,Yes,Yes,70,74,4,NotPlaced
8.5,1,3,2,8,4.6,Yes,Yes,74,85,0,Placed
7.2,1,1,1,6,3.8,Yes,No,67,67,4,NotPlaced
6.5,1,1,0,7,3.9,Yes,No,67,71,2,NotPlaced
6.5,1,1,1,7,3.8,No,Yes,60,69,3,NotPlaced
6.5,0,2,0,7,3.6,No,Yes,72,70,2,NotPlaced
6.5,1,2,0,7,3.6,Yes,Yes,84,72,2,NotPlaced
7.0,1,2,0,7,4.1,No,Yes,71,73,3,NotPlaced
8.4,1,3,1,8,4.2,Yes,Yes,85,81,0,Placed
7.9,1,3,0,8,4.6,Yes,Yes,81,68,1,Placed
8.5,2,3,1,9,4.7,Yes,Yes,72,77,0,Placed
8.4,1,3,2,7,4.5,Yes,Yes,82,80,1,Placed
6.5,1,2,0,8,4.7,No,Yes,55,60,3,NotPlaced
6.5,1,2,1,7,4.1,No,Yes,65,68,3,NotPlaced
7.6,1,2,0,8,3.7,No,Yes,69,63,2,NotPlaced
8.4,1,3,2,8,4.7,Yes,Yes,80,84,1,Placed
8.3,0,1,2,8,4.8,Yes,Yes,83,82,1,Placed
7.6,1,2,0,7,4.4,No,Yes,56,66,1,Placed
7.7,1,1,1,6,3.3,No,No,55,62,4,NotPlaced
7.2,1,2,0,6,4.5,No,Yes,56,67,0,Placed
8.3,2,2,2,7,4.0,Yes,Yes,84,81,0,Placed
8.6,1,3,1,8,4.6,Yes,Yes,71,84,0,Placed
8.4,2,3,2,9,4.8,Yes,Yes,75,84,0,Placed
6.7,1,1,0,8,4.8,No,Yes,55,64,0,Placed
7.3,0,1,0,8,4.2,No,Yes,59,60,2,NotPlaced
8.5,2,3,2,9,4.8,Yes,Yes,83,85,1,Placed
7.3,1,1,0,7,3.7,No,No,55,70,3,NotPlaced
7.5,1,2,2,7,4.1,Yes,Yes,66,70,3,NotPlaced
8.6,2,3,2,9,4.7,Yes,Yes,85,82,0,Placed
8.8,1,3,3,9,4.8,Yes,Yes,75,84,1,NotPlaced
7.5,0,2,0,8,4.4,No,Yes,65,68,2,NotPlaced
8.5,2,1,2,8,4.3,Yes,Yes,65,84,1,NotPlaced
7.9,2,3,2,9,4.8,Yes,Yes,81,87,1,Placed
6.6,1,1,1,7,4.0,No,Yes,55,63,3,NotPlaced
8.5,2,3,2,9,4.7,Yes,Yes,80,84,1,Placed
6.8,1,1,0,7,4.3,No,No,63,68,3,NotPlaced
8.6,1,2,2,7,4.4,Yes,No,79,84,1,NotPlaced
6.5,1,1,1,7,4.2,Yes,Yes,82,69,0,Placed
6.5,1,1,0,6,4.3,No,Yes,55,68,2,NotPlaced
6.5,0,3,0,7,3.8,No,Yes,63,66,3,NotPlaced
8.4,0,3,0,8,4.6,Yes,Yes,90,83,1,Placed
6.5,0,1,0,6,3.6,No,Yes,60,75,3,NotPlaced
8.2,0,3,2,7,4.8,Yes,No,61,71,1,Placed
7.5,1,1,0,6,4.3,No,No,60,71,3,NotPlaced
7.4,0,1,1,6,3.5,No,Yes,57,85,4,NotPlaced
8.3,2,2,0,7,4.1,No,Yes,60,83,1,Placed
7.7,0,3,0,8,4.7,Yes,Yes,81,60,1,Placed
7.4,1,1,2,8,4.7,Yes,Yes,80,75,0,Placed
8.4,1,2,0,7,4.2,Yes,Yes,69,70,1,NotPlaced
7.6,1,3,2,8,4.2,Yes,Yes,75,83,2,NotPlaced
7.9,0,3,1,7,4.0,Yes,Yes,55,61,2,NotPlaced
7.6,1,1,0,7,3.6,No,Yes,55,68,2,NotPlaced
7.6,0,2,0,7,4.6,No,Yes,76,72,4,NotPlaced
6.6,1,2,1,6,3.4,No,Yes,58,62,2,NotPlaced
8.1,1,3,2,8,4.8,Yes,Yes,75,82,0,Placed
7.4,1,2,1,7,4.3,Yes,Yes,67,73,2,NotPlaced
7.7,2,3,2,9,4.8,Yes,Yes,81,85,0,Placed
6.5,1,1,1,7,3.3,No,Yes,55,62,2,NotPlaced
8.1,2,3,2,9,4.7,Yes,Yes,76,88,1,Placed
7.6,2,2,1,8,4.8,Yes,Yes,90,84,2,NotPlaced
7.9,0,1,2,7,4.8,Yes,Yes,83,82,0,Placed
8.5,1,3,2,8,4.8,Yes,Yes,83,83,1,NotPlaced
8.1,2,3,2,8,4.7,Yes,Yes,83,86,0,Placed
8.4,2,3,0,8,4.7,Yes,Yes,84,83,1,Placed
8.8,2,3,2,9,4.8,Yes,Yes,77,81,0,Placed
7.6,1,3,0,8,4.8,Yes,Yes,73,78,0,Placed
8.3,2,3,2,9,4.8,Yes,Yes,80,88,0,Placed
8.2,0,1,1,6,3.8,Yes,No,79,83,1,Placed
6.5,0,1,0,7,4.1,No,No,56,68,2,NotPlaced
7.7,2,3,0,7,3.8,No,No,73,74,2,NotPlaced
7.9,1,2,1,7,4.3,No,Yes,58,71,4,NotPlaced
8.1,2,3,2,8,4.6,Yes,Yes,82,85,0,Placed
8.6,1,3,0,9,4.8,Yes,Yes,87,81,0,Placed
7.7,0,2,1,7,4.4,No,Yes,58,66,2,NotPlaced
8.6,0,3,2,9,4.8,Yes,Yes,77,83,0,Placed
8.1,1,2,0,8,4.2,No,No,55,70,1,NotPlaced
6.5,1,1,0,7,4.2,No,Yes,63,72,4,NotPlaced
8.2,1,2,2,8,4.4,Yes,Yes,68,87,0,Placed
8.4,2,3,2,9,4.4,Yes,Yes,74,88,0,Placed
8.4,2,3,2,9,4.8,Yes,Yes,81,81,1,Placed
8.6,1,3,3,7,4.7,Yes,Yes,76,87,0,Placed
6.5,1,1,1,7,3.8,No,No,69,64,4,NotPlaced
7.5,2,1,1,8,4.7,No,No,76,68,3,NotPlaced
8.3,1,1,3,7,4.2,No,Yes,56,83,1,NotPlaced
8.0,0,3,2,8,4.5,Yes,Yes,83,81,1,Placed
7.6,2,1,0,9,4.8,No,Yes,68,74,3,NotPlaced
8.0,0,3,1,8,4.3,Yes,Yes,75,66,1,Placed
8.5,1,1,2,9,4.7,Yes,Yes,75,88,0,Placed
8.4,2,1,1,7,4.3,Yes,Yes,74,68,1,Placed
8.2,0,3,0,9,4.5,Yes,No,88,77,1,NotPlaced
7.9,0,3,2,8,4.7,Yes,Yes,78,82,0,Placed
6.5,0,2,2,7,4.6,No,Yes,72,83,4,NotPlaced
8.1,0,1,0,6,4.2,No,No,55,59,1,NotPlaced
7.3,0,1,0,6,3.7,No,No,62,72,2,NotPlaced
8.5,0,1,2,8,4.2,Yes,No,79,73,0,Placed
8.3,1,3,2,8,4.8,Yes,Yes,79,85,0,Placed
7.7,0,3,0,8,4.5,Yes,Yes,80,82,3,NotPlaced
9.0,0,3,2,8,4.8,Yes,Yes,79,86,0,Placed
7.0,1,2,1,7,4.0,No,No,55,71,3,NotPlaced
7.5,1,1,1,7,4.5,No,No,55,69,4,NotPlaced
7.1,0,1,1,6,4.8,No,No,65,66,3,NotPlaced
8.2,1,2,2,7,4.4,Yes,Yes,73,87,1,Placed
8.1,2,3,2,8,4.2,Yes,Yes,72,82,1,NotPlaced
7.3,0,1,1,8,4.7,No,No,55,68,4,NotPlaced
8.4,1,3,1,7,4.0,Yes,Yes,80,83,1,NotPlaced
7.5,1,2,2,8,4.8,Yes,Yes,70,84,1,Placed
7.5,1,3,1,8,4.0,Yes,No,74,70,0,Placed
7.4,1,3,0,8,4.6,No,No,62,65,3,NotPlaced
6.5,1,1,1,7,4.2,No,Yes,63,67,3,NotPlaced
6.8,1,3,2,8,4.7,Yes,No,64,80,3,NotPlaced
8.6,1,3,2,8,4.1,Yes,Yes,80,86,0,Placed
6.8,0,1,0,8,4.1,Yes,Yes,62,86,0,Placed
7.5,1,1,1,7,3.8,No,Yes,63,65,4,NotPlaced
8.4,1,3,2,8,4.2,Yes,Yes,89,88,1,Placed
6.7,2,1,2,8,4.6,Yes,Yes,82,70,4,NotPlaced
8.5,1,2,0,8,4.7,No,Yes,55,70,1,Placed
8.2,0,3,0,8,4.0,Yes,Yes,67,80,0,Placed
6.5,1,1,1,7,4.4,Yes,Yes,74,71,2,NotPlaced
8.1,1,3,2,9,4.5,Yes,Yes,76,82,0,Placed
7.0,0,1,0,6,4.5,Yes,No,62,67,2,NotPlaced
7.5,0,1,1,7,3.5,No,Yes,55,65,4,NotPlaced
7.9,1,1,0,8,3.8,No,No,55,72,4,NotPlaced
6.9,0,1,0,7,4.3,No,No,57,63,4,NotPlaced
8.8,1,3,2,9,4.8,Yes,Yes,81,88,0,Placed
8.4,2,3,2,9,4.8,Yes,Yes,82,80,1,NotPlaced
8.3,1,3,2,8,4.4,Yes,Yes,76,83,1,Placed
6.7,1,3,1,7,4.4,Yes,Yes,84,83,1,Placed
7.4,1,1,1,7,4.1,No,No,55,64,3,NotPlaced
7.4,2,3,2,7,4.2,No,Yes,80,66,3,NotPlaced
6.7,1,1,0,7,3.9,Yes,Yes,74,66,4,NotPlaced
7.7,1,2,1,8,4.8,Yes,Yes,81,82,1,Placed
7.5,0,1,1,6,4.4,No,Yes,80,60,4,NotPlaced
6.5,1,1,0,7,3.9,Yes,Yes,78,67,4,NotPlaced
6.5,1,2,1,8,4.6,No,Yes,75,73,3,NotPlaced
8.5,1,3,1,8,4.7,Yes,Yes,80,70,0,Placed
7.9,1,2,2,9,4.2,Yes,Yes,81,86,0,Placed
7.2,1,1,1,6,4.3,No,No,74,72,2,NotPlaced
7.4,2,2,1,7,3.8,No,Yes,55,69,2,NotPlaced
8.6,1,2,0,8,4.2,No,No,55,68,1,NotPlaced
8.5,0,3,2,9,4.7,Yes,Yes,81,81,1,Placed
8.4,2,2,3,9,4.6,Yes,Yes,77,83,1,Placed
7.5,1,1,1,7,3.2,No,Yes,61,65,2,NotPlaced
7.8,1,2,0,7,4.5,No,Yes,55,71,0,Placed
8.1,2,3,2,9,4.8,Yes,Yes,81,87,0,Placed
8.6,2,3,2,7,4.8,Yes,Yes,78,78,0,Placed
7.6,1,3,1,8,4.6,Yes,Yes,67,62,2,NotPlaced
7.5,1,3,3,6,4.1,Yes,Yes,67,71,4,NotPlaced
7.3,1,1,0,8,4.5,No,Yes,55,75,4,NotPlaced
6.5,1,2,1,7,3.2,No,No,59,68,2,NotPlaced
6.6,0,1,0,6,3.8,No,No,66,61,3,NotPlaced
7.8,1,1,1,8,4.0,No,Yes,67,69,1,Placed
7.5,1,1,1,6,3.0,No,No,60,69,2,NotPlaced
8.4,2,2,2,7,4.8,Yes,Yes,71,84,0,Placed
7.1,2,3,2,8,4.5,Yes,Yes,75,70,1,Placed
8.0,2,3,1,7,4.4,Yes,Yes,81,68,3,NotPlaced
7.2,1,3,2,8,4.6,No,No,79,84,0,Placed
8.1,1,2,2,8,4.3,Yes,Yes,75,84,1,NotPlaced
6.6,1,2,0,6,4.7,Yes,Yes,55,69,4,NotPlaced
8.6,2,2,1,7,4.0,No,No,59,63,1,NotPlaced
6.8,1,1,1,7,4.3,No,Yes,60,62,3,NotPlaced
7.3,1,1,0,7,3.9,No,No,61,64,2,NotPlaced
7.9,1,2,1,8,4.8,No,Yes,70,60,3,NotPlaced
7.5,1,1,0,7,4.0,No,No,60,57,2,NotPlaced
8.2,2,3,2,9,4.7,Yes,Yes,83,78,0,Placed
6.5,1,2,1,7,4.3,No,Yes,55,70,2,NotPlaced
8.0,1,2,0,8,4.8,Yes,Yes,67,73,4,NotPlaced
8.1,1,3,1,6,4.7,No,Yes,59,68,1,NotPlaced
8.4,2,3,2,7,4.4,Yes,No,80,79,1,NotPlaced
6.5,1,3,0,6,4.6,No,No,71,64,3,NotPlaced
8.4,1,3,0,8,4.3,Yes,Yes,59,81,1,NotPlaced
8.4,1,3,0,8,4.8,Yes,Yes,85,88,1,Placed
8.4,2,3,1,8,4.6,Yes,Yes,75,79,1,NotPlaced
7.9,0,3,1,9,4.4,Yes,Yes,82,87,0,Placed
6.8,1,2,0,6,3.2,No,No,55,68,3,NotPlaced
7.3,1,3,0,9,4.7,Yes,Yes,76,88,4,NotPlaced
7.7,1,1,0,7,4.2,No,No,55,66,4,NotPlaced
7.3,1,1,0,6,3.8,No,No,60,73,4,NotPlaced
8.5,2,3,0,8,4.8,Yes,Yes,82,70,0,Placed
8.1,1,3,2,8,4.4,No,Yes,55,88,0,Placed
8.0,2,3,2,9,4.8,Yes,Yes,82,83,1,Placed
8.8,0,1,2,9,4.8,Yes,Yes,82,82,1,NotPlaced
8.1,2,3,2,9,4.7,Yes,Yes,82,85,1,Placed
7.6,2,3,0,7,4.8,Yes,Yes,74,87,0,Placed
8.4,2,3,0,9,4.8,Yes,Yes,70,88,1,Placed
7.9,1,3,1,7,4.6,Yes,Yes,80,81,2,NotPlaced
8.3,2,2,2,9,4.7,Yes,No,73,81,1,NotPlaced
8.5,2,2,2,6,4.4,Yes,Yes,57,81,1,NotPlaced
8.4,2,3,2,9,4.8,Yes,Yes,76,88,0,Placed
8.6,2,3,2,8,4.8,Yes,Yes,79,85,1,NotPlaced
7.7,1,3,1,7,4.0,No,No,65,61,3,NotPlaced
7.6,1,1,0,8,4.0,No,No,55,60,3,NotPlaced
8.2,2,3,2,8,4.8,Yes,Yes,83,82,1,Placed
8.0,2,3,0,9,4.3,No,Yes,83,83,1,Placed
6.5,1,1,0,7,4.5,Yes,Yes,55,77,4,NotPlaced
7.7,0,2,0,8,4.3,No,Yes,55,68,2,NotPlaced
8.3,2,3,2,9,4.8,Yes,Yes,74,88,0,Placed
7.3,1,2,0,8,3.7,Yes,Yes,68,85,3,NotPlaced
6.5,0,3,0,7,4.1,No,Yes,70,64,2,NotPlaced
7.5,1,2,0,7,4.7,No,No,69,67,3,NotPlaced
7.8,1,2,0,7,4.8,No,Yes,57,74,2,NotPlaced
7.3,1,2,0,6,4.6,No,Yes,59,72,4,NotPlaced
7.6,0,1,0,8,4.3,No,Yes,56,62,3,NotPlaced
8.1,1,1,1,7,3.4,No,Yes,78,66,1,NotPlaced
7.9,2,3,2,9,4.8,Yes,Yes,78,87,0,Placed
7.6,1,1,0,6,4.3,No,No,62,68,4,NotPlaced
8.2,2,3,1,8,4.6,No,Yes,78,66,1,Placed
7.6,2,3,0,9,4.8,Yes,No,74,85,4,NotPlaced
8.1,2,2,0,8,4.8,Yes,Yes,76,87,0,Placed
6.6,1,1,0,7,4.8,No,No,62,65,2,NotPlaced
8.3,1,2,2,9,4.8,Yes,Yes,70,88,0,Placed
6.5,1,2,0,6,4.4,No,Yes,72,70,2,Placed
6.5,1,1,1,7,4.2,No,No,85,71,4,NotPlaced
8.1,1,3,2,7,4.7,Yes,Yes,75,88,1,NotPlaced
6.5,1,2,1,6,4.0,Yes,No,56,66,2,NotPlaced
8.3,2,1,0,8,4.7,Yes,Yes,84,86,1,Placed
7.3,0,3,2,8,4.5,Yes,Yes,80,86,0,Placed
7.6,1,3,2,7,4.3,No,Yes,70,87,3,NotPlaced
6.7,1,1,1,8,4.3,No,Yes,55,65,3,NotPlaced
8.3,1,2,1,8,4.3,Yes,Yes,64,71,1,NotPlaced
7.5,0,1,0,7,4.1,No,No,55,69,4,NotPlaced
7.6,1,1,1,7,4.1,No,No,55,70,2,NotPlaced
8.0,2,3,2,8,4.8,Yes,Yes,83,83,1,Placed
8.6,1,1,2,8,3.9,Yes,Yes,84,84,0,Placed
8.4,2,2,2,8,4.8,Yes,Yes,72,83,1,Placed
6.5,1,1,0,6,3.5,No,No,63,63,2,NotPlaced
8.2,1,3,3,8,4.0,Yes,Yes,80,84,1,NotPlaced
7.8,1,1,1,8,3.9,No,Yes,74,73,3,NotPlaced
6.7,1,1,0,7,4.2,No,Yes,55,66,3,NotPlaced
6.8,0,1,1,7,3.0,No,No,55,60,4,NotPlaced
8.3,2,3,2,9,4.8,Yes,Yes,76,84,1,Placed
7.5,1,1,1,7,4.6,Yes,No,62,63,2,NotPlaced
7.4,1,1,1,7,3.9,No,Yes,59,69,2,NotPlaced
6.6,1,2,1,6,4.7,No,No,56,66,3,NotPlaced
8.4,1,3,0,8,4.1,No,Yes,74,86,1,NotPlaced
6.7,1,2,1,6,3.8,No,Yes,82,64,4,NotPlaced
7.8,2,3,2,8,4.8,No,Yes,74,83,3,NotPlaced
8.7,2,3,2,8,4.8,Yes,Yes,87,85,0,Placed
6.6,1,1,0,7,4.5,Yes,No,90,64,3,NotPlaced
8.4,2,3,2,9,4.6,Yes,Yes,74,85,0,Placed
8.1,0,1,0,7,4.0,Yes,Yes,60,69,1,NotPlaced
7.8,0,3,2,8,4.3,Yes,No,89,63,2,NotPlaced
8.2,2,3,2,9,4.8,Yes,Yes,85,83,0,Placed
7.6,1,3,0,8,3.8,Yes,Yes,78,65,3,NotPlaced
7.7,1,1,1,7,4.4,Yes,Yes,66,73,3,NotPlaced
7.6,1,2,2,6,4.8,Yes,No,58,72,2,NotPlaced
8.4,1,3,0,8,4.8,Yes,Yes,75,81,0,Placed
7.7,1,3,1,8,3.9,No,Yes,55,78,3,NotPlaced
6.6,0,3,0,8,4.8,No,No,79,66,2,NotPlaced
7.2,1,1,1,6,4.0,No,No,74,63,2,NotPlaced
7.5,0,2,1,6,4.5,No,Yes,55,60,4,NotPlaced
6.5,1,1,1,6,4.6,No,No,58,63,4,NotPlaced
8.3,2,3,0,8,4.7,Yes,Yes,73,87,1,NotPlaced
8.9,1,3,2,8,4.6,Yes,Yes,71,84,0,Placed
7.3,1,1,1,6,3.3,No,Yes,55,67,3,NotPlaced
7.8,1,1,0,7,4.1,No,Yes,64,67,2,NotPlaced
7.5,1,1,0,6,3.7,No,No,57,63,4,NotPlaced
8.6,1,1,3,8,4.7,No,Yes,72,86,0,Placed
7.5,0,2,0,6,4.5,Yes,Yes,56,62,0,Placed
8.6,2,3,1,9,4.8,Yes,Yes,58,71,0,Placed
6.9,1,1,0,6,4.1,Yes,Yes,62,71,3,NotPlaced
8.3,1,3,2,9,4.8,Yes,Yes,79,84,0,Placed
7.9,0,1,1,7,4.1,No,Yes,79,80,3,NotPlaced
8.2,1,2,2,9,4.7,Yes,Yes,83,87,1,NotPlaced
7.9,1,1,0,7,3.6,No,No,55,68,2,NotPlaced
6.5,1,2,2,7,4.1,No,No,68,68,2,NotPlaced
7.7,1,1,0,6,3.6,No,No,57,64,4,NotPlaced
8.1,2,1,0,8,4.3,Yes,Yes,72,80,1,NotPlaced
8.2,2,3,2,8,3.8,Yes,Yes,73,69,1,NotPlaced
8.0,1,2,0,8,4.3,Yes,Yes,69,81,4,NotPlaced
7.9,1,3,2,8,4.5,Yes,No,90,69,1,Placed
8.5,1,3,2,9,4.8,Yes,Yes,87,85,0,Placed
6.7,1,1,0,7,4.3,No,Yes,57,60,0,Placed
7.3,0,1,1,8,4.5,No,Yes,55,69,3,NotPlaced
8.1,1,3,2,9,4.8,Yes,Yes,84,88,1,Placed
9.1,2,1,3,8,4.8,Yes,Yes,81,85,0,Placed
8.6,1,3,2,8,4.6,Yes,Yes,75,83,0,Placed
6.7,2,1,1,7,4.5,Yes,Yes,64,62,3,NotPlaced
7.9,1,2,0,6,4.5,No,Yes,60,63,4,NotPlaced
8.3,1,3,2,7,4.7,Yes,Yes,78,84,1,NotPlaced
8.6,1,3,2,8,4.8,Yes,Yes,85,86,0,Placed
7.1,1,1,0,7,4.6,Yes,No,55,75,2,NotPlaced
7.3,1,1,0,7,4.3,Yes,Yes,66,68,4,NotPlaced
7.7,1,3,2,8,4.8,Yes,Yes,80,86,1,Placed
8.5,1,3,0,7,4.3,Yes,Yes,78,62,0,Placed
7.5,1,2,1,7,3.4,No,No,55,65,3,NotPlaced
6.5,0,2,1,7,3.9,No,Yes,59,60,4,NotPlaced
7.0,2,2,1,7,4.3,No,Yes,55,83,4,NotPlaced
7.8,1,3,1,9,4.4,Yes,Yes,85,82,0,Placed
8.4,2,3,2,8,4.6,Yes,Yes,74,86,0,Placed
6.7,2,1,1,7,4.6,No,No,61,67,2,NotPlaced
8.6,0,3,2,8,4.7,Yes,Yes,78,80,0,Placed
8.1,1,2,2,8,4.5,Yes,Yes,78,84,1,Placed
7.8,2,3,2,9,4.8,Yes,Yes,88,80,0,Placed
6.5,1,1,1,8,4.7,No,No,55,71,2,NotPlaced
8.6,0,3,1,8,4.6,Yes,Yes,74,85,0,Placed
8.1,1,3,2,7,4.7,No,Yes,65,75,1,Placed
8.5,2,3,2,8,4.7,Yes,No,76,80,1,NotPlaced
6.5,0,2,1,8,3.9,No,No,55,65,3,NotPlaced
8.3,1,2,1,7,4.2,Yes,Yes,76,81,1,NotPlaced
7.6,2,3,0,9,4.8,Yes,Yes,79,67,0,Placed
6.8,1,1,2,8,4.5,Yes,Yes,69,88,2,NotPlaced
8.1,0,2,0,7,4.3,Yes,Yes,60,72,1,NotPlaced
8.2,2,3,2,9,4.8,Yes,Yes,79,84,1,Placed
7.8,2,3,3,8,4.3,Yes,Yes,88,84,4,NotPlaced
7.7,0,1,1,7,3.3,No,No,56,68,4,NotPlaced
8.7,1,2,1,9,4.6,Yes,Yes,75,88,0,Placed
7.8,0,2,1,6,4.3,Yes,No,56,67,1,Placed
8.3,1,2,2,8,4.2,Yes,Yes,55,88,0,Placed
6.8,1,1,1,8,4.2,No,No,55,69,4,NotPlaced
7.4,1,1,0,7,4.2,No,Yes,55,70,2,NotPlaced
8.6,2,3,2,8,4.5,Yes,Yes,82,85,1,NotPlaced
6.5,1,1,1,6,3.4,No,No,55,68,2,NotPlaced
8.4,1,3,2,8,4.4,Yes,Yes,61,79,1,NotPlaced
8.3,2,3,2,8,4.8,Yes,Yes,78,86,0,Placed
7.6,1,2,1,7,4.3,Yes,Yes,80,67,0,Placed
7.5,1,2,0,6,4.2,No,No,55,64,3,NotPlaced
6.5,2,3,0,8,4.8,No,Yes,62,84,3,NotPlaced
6.5,0,1,1,9,3.7,No,Yes,64,71,3,NotPlaced
8.1,1,1,1,7,4.6,Yes,Yes,73,87,1,NotPlaced
6.7,1,2,1,8,4.4,No,Yes,55,71,3,NotPlaced
7.1,1,2,0,7,4.4,Yes,No,69,69,4,NotPlaced
8.4,2,3,2,9,4.7,Yes,Yes,78,83,1,Placed
7.6,0,3,0,9,4.7,No,Yes,73,77,4,NotPlaced
6.5,1,1,0,7,4.4,No,Yes,55,69,4,NotPlaced
8.2,1,3,2,8,4.4,Yes,Yes,76,88,1,Placed
6.5,1,1,1,6,3.4,No,No,56,61,3,NotPlaced
8.2,1,2,1,9,4.8,Yes,No,82,63,1,NotPlaced
8.7,2,3,2,9,4.8,Yes,Yes,89,86,0,Placed
8.3,2,3,2,8,4.1,Yes,Yes,77,77,0,Placed
7.9,1,2,2,8,4.5,Yes,No,69,87,0,Placed
6.7,0,2,1,7,3.3,No,No,73,69,4,NotPlaced
7.6,0,1,0,6,4.7,No,No,56,67,2,NotPlaced
8.2,2,3,2,9,4.8,Yes,Yes,78,88,0,Placed
6.5,1,2,1,8,4.4,No,Yes,55,69,4,NotPlaced
8.3,1,2,1,8,4.0,Yes,Yes,55,63,1,NotPlaced
8.3,1,3,1,7,4.5,Yes,Yes,83,66,0,Placed
6.5,2,3,0,8,4.5,No,No,79,62,4,NotPlaced
7.6,1,2,1,7,4.3,Yes,Yes,56,67,2,NotPlaced
6.5,1,1,1,7,4.1,No,No,56,70,3,NotPlaced
6.5,1,1,0,7,4.4,No,Yes,55,69,2,NotPlaced
8.1,2,2,2,9,4.6,No,No,88,79,1,NotPlaced
7.6,2,2,2,8,4.3,No,Yes,85,82,2,NotPlaced
8.3,2,3,2,8,4.7,No,Yes,71,85,1,Placed
7.5,0,1,1,6,3.7,No,No,55,65,4,NotPlaced
7.7,1,3,2,7,4.1,Yes,Yes,77,82,0,Placed
7.7,0,2,2,7,4.8,Yes,No,85,67,3,NotPlaced
8.8,2,3,2,9,4.8,Yes,Yes,84,88,0,Placed
6.5,1,2,1,8,4.8,No,No,83,65,3,NotPlaced
7.3,1,2,3,8,4.3,Yes,Yes,81,87,3,NotPlaced
6.5,0,1,0,8,4.3,No,No,61,60,3,NotPlaced
7.7,1,3,2,8,4.8,Yes,Yes,82,82,1,Placed
8.7,1,3,2,7,4.8,Yes,Yes,84,72,0,Placed
7.6,1,3,0,7,4.0,No,Yes,55,73,2,NotPlaced
7.8,1,1,0,7,3.8,No,No,61,68,4,NotPlaced
8.0,1,3,2,8,3.9,No,No,88,71,1,Placed
7.8,1,3,1,8,4.2,No,Yes,71,87,4,NotPlaced
7.4,1,1,1,7,4.0,Yes,No,55,70,0,Placed
7.3,1,3,0,8,4.3,No,Yes,55,86,1,Placed
8.0,2,3,3,8,4.0,Yes,Yes,75,60,2,NotPlaced
7.3,1,1,1,6,4.4,No,No,60,64,4,NotPlaced
7.4,1,2,1,6,4.3,No,No,78,70,2,NotPlaced
8.3,1,2,2,8,4.3,Yes,Yes,81,88,0,Placed
8.3,1,3,1,8,4.1,No,Yes,66,82,1,NotPlaced
8.9,0,2,1,7,4.6,No,No,62,75,1,NotPlaced
7.9,1,1,0,6,3.9,No,No,62,74,2,NotPlaced
7.5,1,1,0,7,4.0,No,No,74,70,2,NotPlaced
8.3,1,2,0,7,4.4,Yes,Yes,57,81,1,NotPlaced
7.6,2,1,2,7,4.4,No,Yes,57,70,4,NotPlaced
6.5,0,1,1,6,4.5,Yes,Yes,70,87,4,NotPlaced
7.6,0,1,0,7,4.0,No,Yes,58,66,4,NotPlaced
8.3,1,2,2,7,4.4,Yes,Yes,76,85,0,Placed
8.4,2,3,2,9,4.8,Yes,Yes,78,83,0,Placed
7.8,2,3,2,9,4.5,Yes,Yes,82,82,0,Placed
8.2,1,1,1,7,3.5,No,Yes,85,63,0,Placed
8.6,1,3,0,7,4.0,No,Yes,55,70,1,NotPlaced
7.4,0,1,1,8,4.5,No,Yes,55,69,3,NotPlaced
7.4,1,2,2,7,4.6,Yes,Yes,66,83,0,Placed
8.4,2,2,2,7,4.1,No,Yes,83,80,0,Placed
8.5,2,3,2,8,4.8,Yes,Yes,87,83,0,Placed
6.5,1,1,1,7,3.9,Yes,Yes,68,62,4,NotPlaced
8.3,2,3,2,8,4.8,Yes,Yes,83,86,0,Placed
7.3,1,2,1,7,4.0,No,No,55,73,3,NotPlaced
7.7,1,1,0,6,4.4,No,Yes,81,73,4,NotPlaced
8.2,2,2,2,7,4.3,Yes,Yes,76,66,0,Placed
8.1,2,3,2,8,4.8,Yes,Yes,88,67,1,NotPlaced
6.5,1,1,0,7,4.1,Yes,Yes,58,58,3,NotPlaced
8.8,2,3,2,9,4.6,Yes,Yes,85,83,0,Placed
8.6,2,3,2,9,4.8,Yes,Yes,71,81,0,Placed
6.5,1,2,1,7,3.9,No,Yes,55,70,4,NotPlaced
8.1,0,1,0,7,3.6,Yes,Yes,65,63,1,NotPlaced
6.9,1,2,1,6,3.8,Yes,Yes,70,66,4,NotPlaced
8.7,2,3,2,8,4.5,Yes,Yes,63,87,0,Placed
7.2,1,1,1,6,3.9,No,No,61,67,3,NotPlaced
6.5,1,1,0,7,3.9,No,Yes,57,70,3,NotPlaced
6.5,1,3,0,8,4.8,Yes,No,87,81,3,NotPlaced
8.2,1,3,2,8,4.3,Yes,No,83,63,1,NotPlaced
7.9,2,3,2,9,4.7,Yes,Yes,88,65,1,Placed
8.7,2,3,2,8,4.8,Yes,Yes,81,84,0,Placed
7.7,0,3,2,9,4.5,No,Yes,86,86,1,Placed
8.0,0,2,2,7,3.8,Yes,No,76,82,3,NotPlaced
7.7,1,1,1,9,4.1,No,Yes,75,71,0,Placed
6.5,2,3,2,7,3.7,Yes,Yes,57,68,0,Placed
6.5,1,2,0,7,4.5,No,Yes,79,63,3,NotPlaced
7.9,1,3,2,8,4.4,Yes,Yes,80,88,3,NotPlaced
8.2,1,1,0,7,4.5,No,No,60,87,1,NotPlaced
8.3,1,3,2,7,4.4,Yes,Yes,82,82,1,Placed
8.7,1,3,1,7,4.8,Yes,Yes,76,81,0,Placed
7.7,1,1,1,6,4.2,No,Yes,74,74,3,NotPlaced
8.3,2,3,2,9,4.8,Yes,Yes,80,87,0,Placed
7.7,1,1,0,8,4.3,No,No,60,70,0,Placed
6.6,0,2,2,7,4.2,No,Yes,55,66,2,NotPlaced
7.7,1,1,2,6,4.7,No,Yes,72,63,3,NotPlaced
7.1,1,1,1,7,3.9,No,No,57,57,3,NotPlaced
6.5,1,1,0,7,3.6,No,Yes,58,67,3,NotPlaced
8.1,1,2,0,9,4.6,Yes,Yes,84,86,1,Placed
6.7,2,1,1,6,3.8,No,Yes,62,61,3,NotPlaced
7.4,1,2,1,6,3.5,No,No,55,65,2,NotPlaced
7.6,1,2,0,6,4.8,Yes,Yes,73,85,3,NotPlaced
8.4,2,3,0,9,4.7,Yes,Yes,78,83,0,Placed
7.8,1,1,0,7,4.4,Yes,No,56,66,4,NotPlaced
8.5,1,3,2,9,4.8,Yes,Yes,79,86,0,Placed
7.6,1,1,1,6,4.4,No,Yes,59,70,3,NotPlaced
7.7,1,1,0,8,3.9,No,Yes,76,68,2,NotPlaced
8.8,2,3,2,9,4.8,Yes,Yes,84,80,0,Placed
7.7,1,1,1,8,3.8,No,No,55,71,3,NotPlaced
7.6,1,1,1,8,4.5,No,Yes,63,67,2,NotPlaced
7.9,2,1,1,8,4.7,Yes,Yes,85,84,0,Placed
8.7,2,3,1,9,4.8,Yes,Yes,72,83,1,NotPlaced
6.7,1,1,0,7,4.1,No,No,64,59,4,NotPlaced
7.0,1,2,1,8,4.8,Yes,Yes,58,64,2,NotPlaced
7.6,1,1,0,6,4.2,No,Yes,55,80,2,NotPlaced
7.0,1,3,2,7,4.4,Yes,Yes,74,63,5,Placed
7.4,1,2,1,7,4.3,No,Yes,55,66,4,NotPlaced
7.1,1,1,2,7,4.2,No,Yes,57,71,2,NotPlaced
8.1,2,3,0,6,4.2,Yes,No,63,58,1,NotPlaced
7.6,1,1,1,6,3.8,No,Yes,74,68,3,NotPlaced
8.3,1,3,2,8,4.8,Yes,Yes,86,86,0,Placed
6.8,1,1,0,6,4.0,No,No,55,63,4,NotPlaced
7.4,0,1,1,6,3.4,No,No,62,64,2,NotPlaced
7.2,1,2,1,7,4.4,No,Yes,63,74,4,NotPlaced
7.9,1,3,1,8,4.1,No,Yes,55,69,4,NotPlaced
8.1,1,2,1,8,4.7,No,Yes,55,80,1,NotPlaced
7.7,1,2,2,8,4.8,Yes,Yes,87,86,1,Placed
7.4,1,1,0,6,3.5,No,No,61,70,4,NotPlaced
6.6,0,1,2,7,4.2,Yes,No,69,84,1,Placed
7.6,1,2,0,8,3.8,Yes,Yes,55,66,2,NotPlaced
8.0,1,2,2,7,4.4,No,No,83,61,3,NotPlaced
6.9,1,1,1,6,4.4,No,Yes,62,71,2,NotPlaced
8.3,1,3,1,8,4.4,Yes,Yes,59,83,0,Placed
8.6,1,3,1,8,4.8,Yes,No,73,86,1,NotPlaced
7.4,1,1,1,7,3.7,No,No,55,68,2,NotPlaced
6.9,0,2,0,6,4.3,No,No,69,68,4,NotPlaced
7.3,0,1,0,7,3.9,No,Yes,57,63,2,NotPlaced
8.5,1,2,2,7,4.3,Yes,Yes,82,84,1,Placed
7.7,0,2,0,7,4.6,Yes,Yes,71,72,2,NotPlaced
7.6,0,1,1,7,3.9,No,Yes,66,65,4,NotPlaced
7.2,1,1,0,7,4.0,No,Yes,65,68,2,NotPlaced
8.2,2,1,1,7,3.7,Yes,Yes,68,84,1,NotPlaced
7.5,1,2,0,8,4.0,Yes,Yes,71,88,1,Placed
8.0,2,3,2,8,4.6,Yes,Yes,81,87,0,Placed
7.6,0,3,0,8,4.4,Yes,No,84,80,3,NotPlaced
8.3,1,2,0,7,4.5,No,Yes,63,60,1,NotPlaced
7.4,1,2,2,7,3.7,Yes,Yes,79,88,2,NotPlaced
7.8,1,2,1,7,4.6,Yes,Yes,71,76,0,Placed
7.5,0,1,0,6,4.2,No,No,58,65,2,NotPlaced
8.7,2,3,2,9,4.8,Yes,Yes,90,80,0,Placed
8.2,0,3,0,9,4.4,Yes,Yes,86,78,1,Placed
7.6,1,3,0,8,4.7,Yes,Yes,79,82,1,Placed
7.8,1,1,1,7,3.8,No,No,55,74,0,Placed
8.1,1,2,2,8,4.5,No,Yes,77,82,1,NotPlaced
8.0,1,3,2,9,4.8,Yes,Yes,71,82,2,NotPlaced
8.3,2,2,2,7,4.6,No,Yes,55,71,1,Placed
6.5,1,1,0,7,4.4,No,Yes,74,72,4,NotPlaced
7.9,0,3,0,8,3.9,Yes,Yes,78,82,3,NotPlaced
7.7,0,3,0,8,4.8,Yes,Yes,73,77,1,Placed
8.1,2,3,2,8,4.7,Yes,Yes,84,84,0,Placed
7.4,1,1,0,7,4.5,No,Yes,69,73,4,NotPlaced
7.9,2,3,2,9,4.8,Yes,No,71,62,0,Placed
6.6,0,1,0,7,4.3,Yes,Yes,58,68,3,NotPlaced
6.5,0,1,0,7,3.9,No,Yes,66,66,2,NotPlaced
7.4,1,3,1,7,4.4,Yes,No,63,76,4,NotPlaced
8.1,1,2,0,7,4.8,Yes,Yes,80,87,1,Placed
6.5,0,1,0,7,4.2,Yes,No,64,81,2,NotPlaced
8.1,2,3,2,8,4.8,Yes,No,79,83,1,Placed
7.3,0,3,0,8,4.3,Yes,No,73,74,3,NotPlaced
8.1,1,1,0,6,4.4,No,No,58,86,0,Placed
6.5,1,1,0,8,4.0,Yes,Yes,58,70,0,Placed
6.8,0,1,0,7,4.0,Yes,Yes,80,65,1,Placed
7.8,1,1,0,9,4.3,No,Yes,69,84,0,Placed
8.3,1,2,0,8,4.2,Yes,No,79,84,1,NotPlaced
7.8,0,3,0,8,4.2,Yes,Yes,67,66,4,NotPlaced
7.7,1,2,0,8,4.1,No,No,55,65,3,NotPlaced
7.9,1,1,1,6,3.3,Yes,Yes,71,68,2,NotPlaced
6.5,0,3,2,8,4.4,Yes,Yes,68,72,1,Placed
8.4,0,3,2,8,4.8,Yes,Yes,84,84,1,NotPlaced
6.5,2,1,1,7,4.8,Yes,No,74,69,3,NotPlaced
8.1,2,3,3,8,4.8,Yes,No,57,82,1,NotPlaced
8.0,1,1,0,7,4.3,No,No,62,64,2,NotPlaced
8.3,1,2,1,7,4.6,Yes,Yes,82,80,0,Placed
6.8,1,2,0,6,4.1,No,Yes,57,65,4,NotPlaced
7.4,0,2,0,7,4.1,No,Yes,64,63,1,Placed
7.6,1,1,0,8,3.6,No,No,55,67,2,NotPlaced
7.3,1,1,0,6,3.3,No,No,55,67,2,NotPlaced
7.7,1,1,0,6,4.4,No,No,55,69,2,NotPlaced
7.8,1,3,1,8,4.0,No,Yes,72,83,3,NotPlaced
8.4,0,2,3,8,4.4,Yes,Yes,77,88,0,Placed
7.9,1,3,2,8,4.8,Yes,Yes,77,88,4,NotPlaced
6.8,1,2,0,8,3.8,No,Yes,77,80,2,Placed
8.4,2,3,2,9,4.8,Yes,Yes,77,88,1,Placed
7.9,1,2,1,7,4.3,No,No,55,63,1,Placed
8.2,1,1,1,6,3.7,Yes,No,68,62,1,NotPlaced
7.6,1,1,0,7,4.3,No,Yes,68,64,3,NotPlaced
7.6,1,2,0,7,4.8,Yes,Yes,71,79,2,NotPlaced
8.3,1,2,0,6,4.4,No,Yes,55,63,1,NotPlaced
8.5,1,3,2,9,4.8,Yes,Yes,80,85,0,Placed
7.4,1,1,0,6,3.7,No,No,56,59,3,NotPlaced
8.1,2,2,0,7,4.8,Yes,No,58,79,1,NotPlaced
8.0,2,3,2,7,4.3,Yes,No,64,69,4,NotPlaced
7.6,0,1,0,7,4.3,Yes,Yes,55,66,2,NotPlaced
7.6,2,3,1,8,4.5,Yes,No,72,84,0,Placed
8.4,0,1,2,7,3.4,No,Yes,77,85,0,Placed
8.1,2,3,2,8,4.5,No,Yes,55,75,1,Placed
8.3,1,3,3,9,4.8,Yes,Yes,67,85,1,Placed
7.5,1,3,0,8,4.6,Yes,Yes,80,69,1,Placed
8.2,2,3,2,8,4.5,Yes,Yes,74,88,0,Placed
8.4,1,2,0,7,4.7,Yes,Yes,55,65,1,NotPlaced
8.6,2,3,2,9,4.7,Yes,Yes,75,88,0,Placed
7.5,0,2,1,7,4.5,Yes,Yes,77,73,0,Placed
8.7,2,3,2,9,4.8,Yes,Yes,74,81,1,NotPlaced
8.2,1,3,1,8,4.3,Yes,Yes,71,85,1,Placed
7.6,0,2,0,7,3.8,No,Yes,55,63,4,NotPlaced
7.7,1,1,1,6,3.8,No,No,57,69,4,NotPlaced
6.5,1,2,1,6,4.1,No,Yes,72,60,3,NotPlaced
8.4,2,3,0,7,4.3,Yes,Yes,74,84,1,NotPlaced
6.8,0,1,1,6,3.7,Yes,No,63,65,2,NotPlaced
7.5,1,2,2,8,4.1,Yes,Yes,83,69,4,NotPlaced
7.9,1,1,0,7,3.3,Yes,No,81,77,4,NotPlaced
8.6,1,3,2,8,4.8,Yes,Yes,75,85,0,Placed
7.8,0,3,2,8,4.7,Yes,Yes,72,88,0,Placed
7.5,2,2,0,7,4.4,No,Yes,55,62,4,NotPlaced
8.1,2,3,2,8,4.5,Yes,Yes,81,81,1,NotPlaced
6.7,1,1,1,6,4.7,No,Yes,81,64,0,Placed
8.1,2,3,2,9,4.5,Yes,Yes,80,88,0,Placed
6.5,0,2,1,7,4.3,No,No,57,71,3,NotPlaced
8.3,1,3,2,8,4.6,Yes,No,69,87,1,Placed
6.6,0,1,0,7,4.4,No,Yes,55,64,4,NotPlaced
7.8,0,3,2,8,4.5,No,Yes,60,63,1,Placed
7.5,0,1,0,6,3.8,No,No,55,67,4,NotPlaced
7.5,1,2,0,7,3.4,No,Yes,79,71,4,NotPlaced
8.2,2,1,2,7,3.9,No,No,79,64,1,NotPlaced
8.3,2,3,3,9,4.8,Yes,Yes,90,83,1,Placed
8.4,1,1,0,8,4.7,Yes,No,62,63,1,NotPlaced
8.3,2,1,1,7,4.2,Yes,No,78,74,1,NotPlaced
8.5,2,3,2,8,4.8,Yes,Yes,70,85,0,Placed
8.4,2,2,0,7,4.3,Yes,No,60,73,0,Placed
7.1,1,1,0,7,4.6,No,No,62,72,3,NotPlaced
7.6,2,2,3,8,4.8,Yes,Yes,85,84,1,Placed
8.8,1,3,0,8,4.4,No,Yes,71,82,1,NotPlaced
8.3,1,3,2,9,4.5,Yes,Yes,56,71,0,Placed
8.4,2,3,2,9,4.8,Yes,Yes,84,88,0,Placed
8.2,0,3,2,9,4.7,Yes,No,82,86,0,Placed
8.1,2,2,1,7,3.8,No,No,55,64,1,NotPlaced
6.5,1,1,0,7,3.5,No,No,74,62,4,NotPlaced
7.6,1,1,0,7,4.4,No,No,55,65,2,NotPlaced
8.3,1,3,0,7,3.8,Yes,Yes,77,66,0,Placed
7.1,1,2,0,8,4.7,No,No,78,69,2,NotPlaced
7.5,0,1,1,6,3.6,Yes,No,55,60,2,NotPlaced
7.7,0,3,1,6,4.4,Yes,No,62,62,4,NotPlaced
8.3,2,3,2,7,4.7,Yes,Yes,85,65,1,Placed
6.5,1,1,0,6,3.4,No,No,66,66,2,NotPlaced
8.4,1,3,0,7,4.7,Yes,Yes,72,74,0,Placed
8.1,2,1,1,9,4.4,No,No,70,84,0,Placed
7.6,2,2,2,9,4.1,Yes,Yes,82,80,1,Placed
8.3,1,3,2,9,4.8,Yes,Yes,75,80,0,Placed
7.4,2,2,0,8,4.7,Yes,Yes,74,65,3,NotPlaced
7.7,1,2,1,6,4.8,Yes,Yes,61,70,1,Placed
7.6,1,1,0,8,3.7,Yes,Yes,69,82,3,NotPlaced
7.6,1,1,1,7,4.1,No,No,55,67,2,NotPlaced
8.8,2,3,2,9,4.8,Yes,Yes,84,83,0,Placed
7.7,1,3,0,8,4.8,Yes,Yes,71,71,0,Placed
7.3,0,1,2,7,4.5,Yes,Yes,73,79,1,Placed
6.7,0,1,1,6,3.9,No,Yes,55,61,4,NotPlaced
6.5,1,1,0,7,3.5,No,No,55,67,2,NotPlaced
6.6,1,1,0,7,4.4,No,No,57,62,2,NotPlaced
7.1,0,1,0,6,4.2,No,Yes,57,71,0,Placed
8.6,1,2,2,8,4.8,Yes,Yes,73,80,1,NotPlaced
8.3,2,3,2,9,4.6,Yes,Yes,70,84,0,Placed
8.1,1,3,2,7,4.8,Yes,Yes,78,84,1,NotPlaced
7.6,0,1,1,7,3.4,No,No,58,67,3,NotPlaced
7.4,1,3,1,8,3.6,Yes,Yes,68,83,2,NotPlaced
7.5,1,2,1,7,4.0,Yes,Yes,72,63,2,NotPlaced
8.2,2,3,2,8,4.5,Yes,Yes,72,88,1,Placed
8.5,1,1,1,7,3.8,No,Yes,63,87,1,NotPlaced
8.4,2,3,2,9,4.6,Yes,Yes,83,88,0,Placed
7.4,1,1,0,7,4.3,No,No,60,64,4,NotPlaced
6.6,1,1,1,6,4.1,Yes,Yes,77,69,4,NotPlaced
8.6,2,3,2,8,4.7,Yes,Yes,71,82,0,Placed
8.2,2,3,2,8,4.8,Yes,Yes,84,86,1,Placed
7.8,1,2,1,8,4.8,Yes,Yes,70,73,4,NotPlaced
7.4,1,1,1,7,4.2,Yes,Yes,64,64,3,NotPlaced
8.2,1,3,2,9,4.7,Yes,Yes,83,82,0,Placed
8.3,2,2,0,7,3.9,No,No,83,80,1,NotPlaced
8.5,1,3,0,9,4.1,Yes,Yes,81,85,0,Placed
6.5,1,1,2,9,4.8,Yes,No,75,80,3,NotPlaced
8.4,1,2,2,8,4.1,Yes,Yes,66,86,0,Placed
8.7,1,1,0,8,4.3,No,No,66,70,0,Placed
8.1,0,2,1,7,4.4,No,No,68,66,0,Placed
6.6,0,1,0,8,4.3,No,Yes,55,72,4,NotPlaced
7.2,1,1,2,7,4.7,No,No,55,78,4,NotPlaced
7.4,1,2,0,7,3.9,No,Yes,73,72,2,NotPlaced
7.5,1,1,1,6,3.8,No,No,56,63,2,NotPlaced
8.2,1,3,2,8,4.4,Yes,No,74,84,1,NotPlaced
7.4,1,1,1,6,4.2,No,Yes,56,62,4,NotPlaced
7.7,0,2,0,7,3.6,No,Yes,57,66,2,NotPlaced
8.3,0,3,2,9,4.8,Yes,Yes,83,84,0,Placed
6.5,1,2,0,8,4.5,No,No,69,71,2,NotPlaced
7.5,1,1,1,6,4.3,No,No,55,71,3,NotPlaced
8.1,2,3,2,8,4.3,No,Yes,55,66,1,NotPlaced
8.7,1,3,1,8,4.6,Yes,Yes,76,80,0,Placed
8.3,1,3,2,8,4.2,Yes,Yes,73,83,0,Placed
6.5,0,2,0,6,3.6,No,Yes,55,75,2,NotPlaced
8.3,2,3,2,9,4.8,Yes,Yes,87,67,0,Placed
7.1,1,3,2,7,4.8,Yes,Yes,78,80,1,Placed
6.5,0,1,1,7,4.1,No,No,55,64,2,NotPlaced
6.9,1,3,1,7,4.2,Yes,Yes,73,71,2,NotPlaced
6.5,1,1,1,7,4.6,Yes,Yes,60,73,2,NotPlaced
7.5,0,1,0,7,3.7,No,No,61,70,3,NotPlaced
7.5,1,1,0,7,3.7,No,No,57,66,4,NotPlaced
7.9,1,1,0,8,4.4,No,Yes,58,70,0,Placed
7.5,1,2,1,6,3.4,Yes,Yes,78,84,4,NotPlaced
8.3,1,3,2,9,4.7,Yes,Yes,65,87,1,NotPlaced
8.2,0,3,2,9,4.8,Yes,Yes,78,87,0,Placed
7.6,1,1,1,8,4.2,Yes,Yes,68,86,1,Placed
8.5,0,3,2,9,4.7,Yes,Yes,70,86,0,Placed
8.6,2,2,2,9,4.8,Yes,Yes,78,83,0,Placed
8.5,1,3,2,9,4.3,Yes,Yes,72,87,1,Placed
6.5,1,2,1,7,3.9,No,No,56,68,3,NotPlaced
8.9,1,3,0,8,4.5,Yes,Yes,72,84,0,Placed
7.3,1,1,1,6,3.8,No,Yes,59,70,3,NotPlaced
7.9,1,2,1,8,4.4,Yes,No,58,83,4,NotPlaced
7.3,1,1,1,7,3.8,No,Yes,68,69,2,NotPlaced
6.5,1,1,1,7,3.6,No,Yes,86,67,4,NotPlaced
7.9,2,3,2,8,4.8,Yes,Yes,61,82,1,Placed
7.8,1,2,2,7,4.8,Yes,Yes,85,87,1,Placed
6.7,1,1,0,6,4.0,No,Yes,55,65,4,NotPlaced
8.3,2,3,2,7,4.2,Yes,Yes,82,68,1,NotPlaced
7.0,1,2,1,7,4.8,Yes,Yes,55,68,3,NotPlaced
8.3,1,3,2,9,4.8,No,Yes,79,87,0,Placed
6.5,1,1,1,6,3.4,No,No,60,69,2,NotPlaced
6.8,1,1,1,7,4.8,No,Yes,62,67,3,NotPlaced
6.5,0,1,0,8,4.5,No,No,63,69,2,NotPlaced
6.5,1,2,1,8,4.5,Yes,Yes,72,87,0,Placed
8.0,0,3,2,8,3.8,No,No,73,63,0,Placed
7.5,1,1,1,6,4.0,No,No,58,65,4,NotPlaced
8.1,1,1,0,7,4.8,Yes,No,57,63,0,Placed
7.4,0,1,0,6,3.0,No,No,55,70,4,NotPlaced
6.5,2,1,1,8,3.6,Yes,Yes,76,67,2,NotPlaced
6.5,1,2,2,9,4.5,Yes,Yes,55,70,2,Placed
7.6,1,1,1,7,4.4,Yes,Yes,78,63,4,NotPlaced
6.5,1,2,1,8,4.2,No,No,55,65,2,NotPlaced
7.9,1,3,1,8,4.1,Yes,Yes,74,62,0,Placed
8.2,1,2,0,7,4.5,Yes,Yes,55,62,1,Placed
6.8,0,1,0,6,3.6,No,No,55,62,4,NotPlaced
8.4,0,2,1,8,4.4,No,Yes,72,68,0,Placed
7.9,2,3,3,8,4.6,Yes,Yes,83,86,1,Placed
7.0,1,1,1,7,4.7,No,No,55,69,2,NotPlaced
7.7,1,2,0,7,4.3,Yes,Yes,61,83,1,Placed
7.4,0,2,0,7,3.8,No,No,55,64,4,NotPlaced
8.4,2,3,2,8,4.5,Yes,Yes,77,86,0,Placed
6.5,1,2,0,7,4.1,No,No,55,70,2,NotPlaced
7.6,1,1,1,6,4.5,No,No,55,74,3,NotPlaced
7.1,1,1,0,7,4.1,No,Yes,74,66,3,NotPlaced
7.5,1,1,2,6,4.6,Yes,No,62,70,3,NotPlaced
6.5,1,1,0,7,3.9,No,No,59,82,3,NotPlaced
7.9,1,2,0,8,4.6,Yes,No,73,84,1,Placed
6.5,1,1,1,8,3.8,Yes,No,72,72,0,Placed
8.1,2,3,3,9,4.6,Yes,Yes,77,85,1,Placed
8.3,1,3,2,9,4.5,Yes,Yes,75,79,0,Placed
8.7,1,3,2,8,4.7,Yes,Yes,67,86,1,NotPlaced
7.5,0,2,0,7,3.7,No,Yes,55,72,2,NotPlaced
7.7,2,1,0,8,4.4,Yes,No,66,75,1,Placed
6.8,1,1,0,7,4.3,No,No,67,65,4,NotPlaced
8.5,1,3,1,8,4.7,Yes,Yes,76,88,0,Placed
7.9,0,2,0,7,4.7,Yes,Yes,77,85,1,Placed
7.4,1,1,0,8,3.7,No,No,57,67,3,NotPlaced
8.1,1,2,0,7,4.1,Yes,Yes,85,68,0,Placed
8.5,0,1,0,7,4.3,No,Yes,68,83,1,NotPlaced
6.6,1,3,2,9,4.3,Yes,Yes,82,80,1,Placed
8.4,2,2,2,8,4.5,Yes,Yes,84,86,0,Placed
7.3,0,2,1,7,4.4,No,No,68,69,2,NotPlaced
8.5,2,3,2,9,4.8,Yes,Yes,74,88,1,Placed
8.5,2,3,2,8,4.8,Yes,Yes,82,87,1,Placed
8.4,2,3,2,8,4.4,Yes,Yes,72,61,1,Placed
8.2,2,3,2,9,4.7,Yes,No,75,85,1,Placed
8.1,1,3,1,7,4.2,No,Yes,73,84,1,Placed
7.4,1,1,2,8,4.4,Yes,No,75,67,0,Placed
7.7,0,1,0,8,4.8,Yes,No,55,70,4,NotPlaced
7.4,1,1,1,6,3.9,Yes,Yes,62,63,4,NotPlaced
8.2,1,2,2,9,4.8,Yes,Yes,74,86,0,Placed
8.2,2,3,2,8,4.6,Yes,No,87,86,1,Placed
7.6,0,3,0,9,4.8,Yes,Yes,85,83,0,Placed
7.5,2,2,0,7,3.3,No,No,55,62,4,NotPlaced
8.4,2,1,2,8,4.4,Yes,Yes,83,81,0,Placed
8.0,1,2,0,8,3.6,No,Yes,55,61,4,NotPlaced
8.5,2,3,2,8,4.4,Yes,Yes,74,83,1,NotPlaced
7.3,0,3,0,7,4.6,Yes,Yes,87,88,2,NotPlaced
8.3,1,2,0,8,4.8,Yes,Yes,73,83,1,Placed
8.6,0,1,0,7,4.1,No,Yes,60,71,1,NotPlaced
7.5,1,1,1,7,3.6,No,Yes,55,64,2,NotPlaced
8.8,2,1,2,8,4.8,Yes,Yes,84,83,0,Placed
8.3,2,3,2,8,4.8,Yes,Yes,77,82,0,Placed
6.6,0,1,3,7,3.9,No,No,56,73,3,NotPlaced
7.9,2,3,2,9,4.6,Yes,Yes,82,81,1,Placed
6.7,1,1,0,7,4.1,Yes,Yes,70,68,3,NotPlaced
8.0,1,2,1,8,4.4,No,Yes,81,65,1,Placed
7.4,2,2,2,8,4.0,Yes,Yes,79,84,0,Placed
7.7,2,2,1,7,4.6,No,No,61,64,3,NotPlaced
7.1,1,3,2,8,4.8,Yes,Yes,61,85,2,NotPlaced
8.5,2,3,2,8,4.6,Yes,No,68,87,0,Placed
6.5,0,1,1,7,4.2,No,No,70,65,4,NotPlaced
7.2,2,1,1,7,4.3,Yes,Yes,90,63,1,Placed
7.9,0,1,0,8,4.5,Yes,Yes,58,81,1,Placed
7.5,1,3,0,7,4.0,No,No,64,85,4,NotPlaced
7.7,2,3,2,8,4.6,Yes,Yes,61,84,1,Placed
6.9,0,3,2,7,4.3,Yes,Yes,84,73,1,Placed
7.6,1,2,0,8,4.4,No,No,61,72,2,NotPlaced
8.7,1,3,0,7,3.5,Yes,Yes,56,58,0,Placed
8.5,2,1,2,7,4.5,Yes,Yes,66,71,0,Placed
8.2,1,2,0,8,4.2,Yes,Yes,73,84,1,NotPlaced
8.1,2,3,2,7,3.4,Yes,Yes,83,81,0,Placed
7.9,1,3,2,9,4.7,Yes,Yes,83,82,1,Placed
7.8,2,3,2,9,4.8,Yes,Yes,68,87,0,Placed
8.0,2,1,0,8,4.6,Yes,Yes,61,79,1,Placed
8.3,1,2,1,7,4.0,Yes,Yes,55,61,1,NotPlaced
8.6,1,2,3,7,4.5,Yes,Yes,56,85,0,Placed
7.6,0,1,0,6,3.7,No,No,62,68,3,NotPlaced
7.5,1,1,1,7,4.0,No,Yes,63,62,2,NotPlaced
6.6,1,1,0,7,4.6,No,No,66,72,2,NotPlaced
8.1,2,2,1,8,4.4,Yes,Yes,57,65,0,Placed
7.7,2,3,0,8,4.6,Yes,No,80,75,4,NotPlaced
8.1,1,3,2,9,4.6,Yes,Yes,72,88,0,Placed
8.0,1,3,2,8,4.8,Yes,Yes,76,83,1,Placed
8.1,2,1,1,8,4.1,Yes,Yes,55,69,1,NotPlaced
7.6,1,2,1,9,4.5,Yes,Yes,68,86,2,NotPlaced
8.4,2,1,2,8,4.5,Yes,No,63,82,0,Placed
6.6,0,1,1,8,3.5,No,Yes,55,70,2,NotPlaced
6.7,1,1,0,7,4.6,Yes,No,79,65,1,Placed
8.3,0,3,2,7,4.1,Yes,Yes,65,65,1,Placed
8.3,1,2,1,8,4.7,Yes,Yes,74,81,1,NotPlaced
7.0,1,2,0,8,4.6,Yes,No,83,82,4,NotPlaced
6.7,1,3,0,7,4.5,Yes,Yes,72,63,4,NotPlaced
8.4,1,3,2,8,4.8,Yes,Yes,65,71,1,Placed
8.1,0,3,2,8,4.8,Yes,Yes,72,85,1,Placed
7.3,0,1,0,7,3.7,No,No,60,70,2,NotPlaced
8.2,0,3,2,7,3.9,No,Yes,81,65,1,NotPlaced
7.7,1,3,0,9,4.3,Yes,Yes,80,78,0,Placed
8.5,1,3,2,7,4.1,Yes,Yes,76,77,0,Placed
6.8,1,2,0,7,3.8,No,Yes,77,66,3,NotPlaced
7.9,2,3,2,8,4.4,Yes,Yes,86,76,0,Placed
8.5,0,3,0,8,4.8,Yes,Yes,78,86,1,NotPlaced
7.6,1,1,0,6,3.2,No,No,55,63,2,NotPlaced
7.3,1,3,0,8,4.6,Yes,No,55,70,3,NotPlaced
7.5,0,1,0,6,4.5,No,No,87,70,2,NotPlaced
8.2,0,3,2,8,3.9,Yes,Yes,75,84,1,NotPlaced
8.0,1,1,0,8,4.6,Yes,Yes,85,87,3,NotPlaced
7.8,1,3,2,9,4.8,Yes,Yes,86,70,1,Placed
8.6,1,3,2,7,4.3,Yes,Yes,88,80,0,Placed
8.2,2,3,2,7,4.2,Yes,Yes,75,81,0,Placed
8.3,2,3,2,8,4.7,Yes,Yes,84,82,0,Placed
7.4,0,1,0,6,4.2,No,No,63,73,3,NotPlaced
8.5,0,3,2,9,4.8,Yes,Yes,70,88,1,Placed
7.4,1,3,1,8,4.3,Yes,Yes,55,61,0,Placed
8.4,2,3,3,9,4.7,Yes,Yes,85,80,1,Placed
7.3,1,1,0,7,4.3,No,Yes,63,69,4,NotPlaced
7.0,0,1,1,6,4.1,No,Yes,69,81,2,NotPlaced
6.7,0,2,1,7,4.2,No,Yes,63,62,2,NotPlaced
7.6,1,2,0,6,4.3,Yes,Yes,71,62,4,NotPlaced
7.5,1,2,3,7,3.7,No,Yes,55,67,3,NotPlaced
7.3,0,2,0,7,3.8,No,Yes,83,81,4,NotPlaced
7.3,0,1,0,6,3.2,No,No,55,62,2,NotPlaced
7.7,0,1,1,6,4.7,No,No,59,62,4,NotPlaced
8.2,2,3,2,8,4.6,Yes,Yes,81,86,1,Placed
8.0,1,2,1,7,4.4,Yes,Yes,84,75,0,Placed
7.6,1,1,1,7,4.1,Yes,Yes,55,68,2,NotPlaced
7.8,1,2,2,7,4.3,No,No,81,83,4,NotPlaced
8.5,2,3,2,9,4.8,Yes,Yes,77,88,0,Placed
7.0,1,2,0,8,4.1,Yes,No,70,68,2,NotPlaced
7.7,0,2,1,8,4.1,Yes,Yes,69,85,4,NotPlaced
7.7,1,1,0,7,4.8,No,Yes,55,67,2,NotPlaced
7.0,1,2,0,6,4.0,No,Yes,55,74,4,NotPlaced
8.2,2,3,2,9,4.7,Yes,Yes,74,87,0,Placed
7.4,1,1,1,6,3.3,No,No,55,63,2,NotPlaced
8.3,2,3,2,8,4.7,Yes,Yes,75,85,1,NotPlaced
8.5,2,3,2,9,4.8,Yes,Yes,81,80,1,Placed
6.7,0,3,2,8,4.7,Yes,Yes,82,82,1,Placed
7.4,1,1,0,7,3.7,No,Yes,61,72,3,NotPlaced
8.2,1,3,0,8,4.7,Yes,Yes,71,81,0,Placed
7.7,2,2,3,8,4.3,Yes,Yes,75,80,3,NotPlaced
8.2,1,3,2,9,4.8,Yes,Yes,85,84,0,Placed
8.7,2,3,2,8,4.8,Yes,Yes,77,83,0,Placed
8.2,1,1,0,7,4.1,Yes,Yes,79,65,1,NotPlaced
7.6,1,1,1,7,4.2,No,No,57,75,2,NotPlaced
7.9,2,3,2,8,4.4,Yes,Yes,89,86,1,Placed
6.7,1,1,0,8,4.6,No,No,55,68,3,NotPlaced
7.8,0,2,0,7,4.8,Yes,Yes,75,86,1,Placed
8.3,2,3,2,9,4.8,Yes,Yes,81,84,1,Placed
8.3,1,2,2,8,4.8,Yes,Yes,81,62,1,Placed
7.7,0,2,0,7,4.7,Yes,No,67,81,0,Placed
7.6,1,2,2,7,4.5,Yes,No,55,72,2,NotPlaced
7.0,1,1,2,7,4.4,Yes,No,59,68,3,NotPlaced
6.5,1,1,0,6,3.9,No,No,58,74,4,NotPlaced
7.6,1,3,2,8,4.5,Yes,Yes,68,73,3,NotPlaced
6.7,1,1,0,8,4.1,No,No,55,64,3,NotPlaced
7.9,2,3,2,8,4.8,Yes,Yes,71,84,2,NotPlaced
7.5,0,1,0,7,3.8,No,No,56,69,4,NotPlaced
7.8,2,3,0,8,4.5,Yes,Yes,77,82,1,Placed
7.5,1,2,1,8,4.7,No,Yes,55,72,2,NotPlaced
8.4,2,3,2,8,4.4,Yes,Yes,78,84,1,NotPlaced
7.8,0,3,0,7,4.4,No,No,74,79,0,Placed
7.7,2,3,2,8,4.8,Yes,Yes,77,86,1,Placed
6.5,0,1,0,8,4.2,No,No,55,69,4,NotPlaced
8.3,0,3,0,8,4.4,Yes,No,72,83,0,Placed
7.7,1,1,1,7,4.0,Yes,Yes,84,65,4,NotPlaced
6.5,1,2,0,6,4.0,No,No,58,72,2,NotPlaced
8.5,2,3,2,9,4.8,Yes,Yes,68,87,0,Placed
8.3,2,3,2,9,4.8,Yes,No,85,83,1,Placed
7.6,1,1,0,6,3.1,No,No,58,69,2,NotPlaced
8.7,1,3,2,9,4.8,Yes,Yes,80,83,0,Placed
7.3,1,1,0,6,4.3,No,Yes,55,68,4,NotPlaced
6.5,0,1,0,7,4.3,No,No,66,62,3,NotPlaced
8.7,2,3,3,9,4.6,Yes,Yes,77,87,0,Placed
6.7,1,2,2,8,4.8,Yes,No,65,80,1,Placed
8.1,1,2,2,8,4.4,Yes,Yes,85,66,1,Placed
7.2,1,1,3,7,3.5,No,No,67,66,4,NotPlaced
7.6,1,1,0,7,3.8,No,Yes,55,63,4,NotPlaced
6.5,1,3,0,7,4.4,Yes,No,55,67,4,NotPlaced
8.0,0,1,1,8,4.0,No,No,55,73,3,NotPlaced
7.9,1,1,1,6,4.2,No,No,60,62,2,NotPlaced
7.6,1,2,0,7,3.5,No,Yes,61,76,3,NotPlaced
7.7,0,1,0,8,4.3,Yes,Yes,76,71,4,NotPlaced
7.5,1,3,0,8,4.5,Yes,Yes,90,67,0,Placed
7.2,1,1,0,7,3.7,No,No,55,58,2,NotPlaced
8.4,2,3,2,9,4.8,Yes,Yes,76,85,0,Placed
8.6,1,3,1,8,4.8,Yes,Yes,80,81,0,Placed
7.8,1,1,2,6,4.1,No,No,55,66,4,NotPlaced
7.7,1,1,1,6,4.0,Yes,Yes,79,85,2,NotPlaced
7.8,2,3,2,9,4.8,Yes,Yes,84,87,1,Placed
8.2,1,2,2,7,4.4,Yes,Yes,75,81,1,Placed
6.7,1,1,1,8,4.3,No,No,55,63,2,NotPlaced
8.6,2,3,2,9,4.8,Yes,Yes,81,79,0,Placed
7.8,2,3,2,9,4.5,Yes,Yes,74,85,0,Placed
6.8,1,1,1,6,3.9,No,No,62,63,2,NotPlaced
8.0,2,3,2,8,4.8,Yes,Yes,76,87,0,Placed
8.4,0,3,0,8,4.2,Yes,Yes,75,82,0,Placed
7.6,1,2,0,7,4.5,No,Yes,55,64,1,Placed
8.2,2,3,2,9,4.8,Yes,Yes,70,84,1,Placed
8.1,2,3,1,8,4.8,Yes,Yes,74,83,1,NotPlaced
7.4,0,1,1,7,4.3,No,Yes,55,62,2,NotPlaced
8.4,1,1,0,9,4.7,Yes,Yes,83,85,1,Placed
8.2,1,3,0,8,4.7,Yes,Yes,75,82,0,Placed
8.4,1,1,0,7,4.3,Yes,Yes,72,88,1,NotPlaced
8.2,1,1,0,7,4.5,Yes,Yes,81,63,0,Placed
8.6,2,3,0,7,4.2,Yes,Yes,79,86,0,Placed
8.6,1,3,0,8,4.7,Yes,Yes,72,85,0,Placed
6.5,0,1,0,6,3.7,No,No,55,75,3,NotPlaced
6.6,1,1,0,6,3.2,Yes,Yes,55,62,3,NotPlaced
6.8,0,2,1,7,4.0,No,No,58,70,2,NotPlaced
8.4,1,1,2,8,4.5,Yes,Yes,68,83,1,NotPlaced
7.6,0,1,2,7,3.9,No,Yes,61,67,2,NotPlaced
7.7,1,1,1,6,4.1,No,Yes,58,61,3,NotPlaced
7.5,1,1,0,7,4.8,No,No,61,72,4,NotPlaced
8.2,0,3,2,8,4.3,Yes,No,88,84,1,NotPlaced
8.5,1,3,2,8,4.8,Yes,Yes,76,82,0,Placed
7.8,1,1,0,7,4.5,No,No,55,62,4,NotPlaced
7.5,2,2,1,9,4.2,Yes,Yes,82,74,2,NotPlaced
7.2,0,2,1,8,4.2,Yes,Yes,55,70,4,NotPlaced
8.4,2,1,2,7,4.1,Yes,Yes,55,64,1,NotPlaced
8.7,2,2,2,7,4.1,No,Yes,58,66,1,NotPlaced
6.6,1,1,1,8,4.4,No,Yes,77,68,4,NotPlaced
8.0,2,3,0,8,4.8,No,Yes,80,84,1,Placed
7.7,1,2,0,8,4.1,No,Yes,74,74,3,NotPlaced
6.9,1,2,0,7,4.2,Yes,Yes,77,63,2,NotPlaced
6.8,1,2,0,8,4.0,No,Yes,76,87,4,NotPlaced
6.5,2,3,2,8,4.4,Yes,Yes,76,81,2,NotPlaced
8.3,1,1,0,7,3.7,No,Yes,55,66,1,NotPlaced
7.2,0,1,0,6,3.3,No,No,55,67,2,NotPlaced
6.6,1,2,0,6,3.6,No,No,60,57,4,NotPlaced
8.5,1,3,0,8,4.6,Yes,No,90,64,1,Placed
7.5,1,1,1,7,4.4,Yes,Yes,55,67,2,NotPlaced
8.2,2,1,2,9,4.8,Yes,No,73,70,1,NotPlaced
8.1,2,3,0,8,3.5,Yes,Yes,75,83,0,Placed
7.8,2,3,2,9,4.8,Yes,Yes,90,79,0,Placed
8.3,2,3,2,9,4.8,Yes,Yes,81,86,1,Placed
8.4,2,3,0,9,4.5,Yes,Yes,87,83,1,Placed
7.1,2,1,1,7,4.4,No,Yes,75,82,1,Placed
7.6,1,3,0,7,4.8,No,Yes,59,73,4,NotPlaced
8.5,2,3,2,9,4.7,Yes,Yes,85,82,0,Placed
7.7,1,1,1,6,4.4,No,No,56,64,4,NotPlaced
8.6,2,3,2,9,4.8,Yes,Yes,71,80,0,Placed
8.1,1,3,0,7,4.3,No,Yes,71,69,1,NotPlaced
8.5,2,3,2,9,4.8,Yes,Yes,79,83,0,Placed
8.5,2,3,0,8,4.7,Yes,Yes,74,86,0,Placed
8.3,0,1,2,7,4.2,No,Yes,73,69,1,NotPlaced
8.3,2,3,2,9,4.5,Yes,Yes,63,82,1,NotPlaced
7.4,1,1,1,8,3.5,No,Yes,55,64,2,NotPlaced
7.4,0,1,0,7,3.2,No,Yes,55,57,4,NotPlaced
8.0,2,3,0,8,4.7,Yes,No,70,88,1,Placed
6.5,0,1,0,7,3.7,Yes,Yes,63,66,3,NotPlaced
7.7,1,2,0,7,4.3,No,Yes,55,68,3,NotPlaced
7.5,1,2,1,7,4.2,Yes,Yes,76,71,4,NotPlaced
7.4,1,2,1,8,4.0,No,No,58,62,2,NotPlaced
7.2,2,1,3,8,3.9,No,Yes,72,68,2,NotPlaced
7.5,0,1,0,7,4.1,Yes,Yes,72,65,1,Placed
8.4,1,1,3,8,4.4,Yes,Yes,72,71,0,Placed
6.7,1,1,1,6,3.3,No,Yes,62,69,1,Placed
8.1,1,2,1,9,4.7,Yes,Yes,71,72,1,NotPlaced
6.5,1,1,0,8,3.9,No,Yes,70,69,2,NotPlaced
7.7,0,1,0,7,4.1,No,Yes,77,71,1,Placed
8.6,1,3,0,8,4.8,Yes,Yes,80,82,0,Placed
7.8,1,1,0,8,4.6,Yes,Yes,55,77,1,Placed
7.3,2,3,2,9,4.0,Yes,No,85,87,0,Placed
6.9,0,3,0,8,4.8,No,No,58,58,4,NotPlaced
7.9,1,3,1,8,4.3,Yes,Yes,74,88,2,NotPlaced
7.8,0,2,2,8,4.7,Yes,Yes,85,87,0,Placed
7.8,0,1,2,7,4.3,Yes,No,55,69,4,NotPlaced
8.5,0,3,0,8,4.1,No,No,73,75,1,NotPlaced
6.9,2,1,2,9,4.8,Yes,Yes,82,85,1,Placed
6.8,0,1,2,7,3.6,No,Yes,57,64,2,NotPlaced
7.8,1,3,0,7,4.2,Yes,No,62,84,4,NotPlaced
7.9,1,2,1,8,4.5,No,Yes,67,66,2,NotPlaced
8.2,1,1,2,7,4.2,No,No,78,70,1,NotPlaced
7.9,1,1,0,7,3.9,Yes,Yes,82,62,2,NotPlaced
7.3,2,2,0,6,4.1,Yes,Yes,60,70,3,NotPlaced
6.5,1,1,0,8,3.6,No,No,55,72,4,NotPlaced
8.3,2,3,0,9,4.6,Yes,Yes,75,71,1,NotPlaced
8.2,2,2,2,8,4.4,Yes,Yes,78,83,1,Placed
7.6,1,2,0,8,4.3,No,Yes,64,71,3,NotPlaced
7.8,1,2,1,8,4.6,Yes,Yes,82,84,2,NotPlaced
6.9,2,3,1,7,4.3,Yes,Yes,55,81,2,Placed
8.0,2,1,2,8,4.8,Yes,No,85,88,2,NotPlaced
6.7,0,3,2,9,4.8,Yes,Yes,76,88,1,Placed
8.3,0,3,0,8,4.6,Yes,Yes,76,81,0,Placed
7.6,1,1,1,7,4.3,No,Yes,55,58,2,NotPlaced
7.3,0,1,1,6,4.6,No,No,58,65,2,NotPlaced
7.2,1,2,1,7,4.6,Yes,Yes,79,74,4,NotPlaced
7.5,1,1,1,7,3.9,No,No,55,64,2,NotPlaced
6.6,1,2,0,8,4.2,No,Yes,82,71,4,NotPlaced
6.5,1,3,1,7,4.2,No,Yes,59,67,3,NotPlaced
6.5,2,1,2,6,4.2,No,No,74,63,4,NotPlaced
6.7,1,2,0,7,4.0,No,Yes,58,68,2,Placed
7.9,1,3,0,7,4.1,Yes,No,75,74,2,NotPlaced
8.3,2,3,2,9,4.4,Yes,Yes,85,85,0,Placed
8.2,1,3,2,9,4.8,Yes,Yes,88,85,1,Placed
6.5,1,2,1,7,3.8,No,No,55,62,4,NotPlaced
7.6,1,1,1,7,4.7,No,Yes,55,69,3,NotPlaced
8.5,2,3,1,6,4.0,Yes,Yes,73,70,1,NotPlaced
7.9,2,3,2,8,4.6,Yes,No,72,87,2,NotPlaced
7.6,2,1,2,7,4.2,No,No,75,66,4,NotPlaced
7.4,1,1,1,7,4.4,Yes,Yes,68,66,3,NotPlaced
8.2,1,2,3,6,4.4,Yes,Yes,75,82,0,Placed
6.6,1,2,2,8,4.6,Yes,Yes,82,70,4,NotPlaced
8.4,2,3,2,8,4.7,Yes,Yes,75,88,1,NotPlaced
8.3,0,3,2,8,4.6,Yes,Yes,80,75,1,Placed
7.5,1,1,0,7,4.1,Yes,Yes,55,70,4,NotPlaced
7.4,1,2,0,8,4.5,Yes,Yes,61,66,2,NotPlaced
8.1,2,3,1,9,4.4,Yes,Yes,79,83,1,Placed
7.9,1,3,0,7,4.4,No,No,61,66,2,NotPlaced
6.6,1,3,0,8,4.8,Yes,Yes,76,84,2,Placed
7.9,2,3,0,8,4.6,Yes,Yes,82,79,4,NotPlaced
8.5,2,3,1,7,3.9,Yes,Yes,60,71,1,NotPlaced
8.2,1,1,3,8,4.0,Yes,Yes,74,83,1,Placed
7.0,1,1,0,6,4.6,Yes,Yes,58,58,3,NotPlaced
7.1,2,3,0,8,4.3,Yes,Yes,82,84,1,Placed
7.6,2,1,1,7,3.7,Yes,Yes,63,70,4,NotPlaced
8.4,2,3,2,9,4.7,Yes,Yes,73,88,0,Placed
8.2,1,1,1,7,3.7,No,Yes,60,61,1,Placed
8.2,1,3,2,9,4.8,Yes,No,79,85,1,Placed
8.3,2,3,1,8,4.1,Yes,Yes,81,66,1,NotPlaced
7.4,1,1,1,7,3.8,No,No,56,71,4,NotPlaced
7.8,1,2,0,8,4.8,Yes,Yes,77,68,0,Placed
8.4,1,1,1,6,3.5,No,Yes,55,64,1,NotPlaced
6.5,1,2,1,6,3.7,No,No,66,66,2,NotPlaced
8.4,2,3,2,9,4.8,Yes,Yes,77,85,0,Placed
8.4,2,1,2,9,4.8,Yes,Yes,79,83,1,Placed
8.4,1,1,0,8,4.6,Yes,Yes,77,82,1,NotPlaced
7.8,0,1,1,7,4.7,Yes,Yes,82,75,1,Placed
7.3,1,2,0,8,4.6,Yes,Yes,71,70,2,NotPlaced
6.6,1,1,0,7,3.7,No,Yes,73,68,4,NotPlaced
8.5,1,3,2,8,4.7,Yes,Yes,74,88,0,Placed
8.2,1,2,2,8,4.8,Yes,Yes,83,85,1,Placed
8.4,2,3,2,9,4.8,Yes,Yes,78,76,0,Placed
8.2,2,3,2,8,4.8,Yes,No,82,78,1,NotPlaced
7.7,1,3,2,9,4.5,Yes,Yes,81,86,1,Placed
7.5,1,3,1,7,4.0,No,No,75,66,2,NotPlaced
8.8,2,3,2,9,4.8,Yes,Yes,80,83,0,Placed
8.4,2,1,2,8,4.1,Yes,Yes,81,66,0,Placed
6.5,1,1,0,8,3.6,No,Yes,55,70,3,NotPlaced
7.3,1,1,0,7,4.0,No,Yes,67,81,4,NotPlaced
7.5,1,2,0,8,4.8,Yes,Yes,55,71,4,NotPlaced
7.9,1,3,0,6,4.0,Yes,Yes,62,70,0,Placed
7.5,1,3,0,7,4.4,Yes,No,65,64,1,Placed
7.9,2,3,0,8,3.6,Yes,No,89,86,1,Placed
7.9,0,1,0,7,4.5,No,No,62,69,1,Placed
7.8,0,1,2,7,4.3,Yes,Yes,60,73,3,NotPlaced
8.4,0,3,2,9,4.8,Yes,No,80,82,1,Placed
8.7,2,3,0,8,4.1,Yes,No,79,83,1,NotPlaced
8.1,0,3,0,8,4.3,Yes,No,67,57,1,NotPlaced
7.8,1,2,0,7,4.3,No,Yes,63,63,2,NotPlaced
7.4,0,1,2,7,4.4,Yes,No,55,68,0,Placed
8.6,1,3,0,8,4.2,Yes,Yes,68,83,0,Placed
7.3,1,2,1,8,3.9,Yes,Yes,74,66,0,Placed
7.4,1,3,1,8,4.7,No,Yes,69,74,2,NotPlaced
8.2,1,2,1,7,4.4,Yes,Yes,69,82,1,Placed
7.2,0,2,1,7,3.6,No,No,55,68,3,NotPlaced
8.6,2,3,2,8,4.8,Yes,Yes,72,86,0,Placed
8.0,2,3,2,9,4.8,Yes,Yes,89,88,1,Placed
8.7,2,3,2,9,4.4,Yes,Yes,69,85,0,Placed
7.3,1,1,0,6,4.3,No,Yes,55,63,4,NotPlaced
7.3,1,3,1,7,4.5,Yes,Yes,79,78,2,NotPlaced
8.0,1,3,0,9,3.7,No,Yes,57,66,0,Placed
8.2,0,1,0,8,4.4,Yes,No,63,77,0,Placed
7.3,1,1,0,7,4.3,No,No,55,66,2,NotPlaced
8.6,2,3,2,9,4.8,Yes,Yes,75,88,0,Placed
8.7,2,1,3,8,4.5,Yes,Yes,76,73,0,Placed
8.0,1,1,0,6,4.0,Yes,Yes,65,71,2,NotPlaced
8.2,1,1,1,7,4.8,Yes,Yes,55,67,1,NotPlaced
8.2,2,3,2,8,4.4,Yes,Yes,72,80,1,Placed
7.1,1,1,1,6,3.4,No,Yes,55,65,3,NotPlaced
7.6,0,3,0,7,3.9,Yes,Yes,57,75,2,NotPlaced
7.6,0,2,0,6,3.9,No,No,55,64,3,NotPlaced
8.2,0,3,0,8,4.7,Yes,No,62,65,0,Placed
7.6,1,2,1,8,4.4,No,Yes,68,70,3,NotPlaced
8.4,2,3,0,8,4.1,Yes,Yes,88,71,0,Placed
7.5,1,1,0,6,3.7,No,Yes,55,60,2,NotPlaced
7.5,1,2,1,7,4.8,Yes,No,60,77,4,NotPlaced
7.7,1,1,0,6,3.7,No,Yes,66,63,3,NotPlaced
6.7,0,1,1,7,3.6,Yes,No,74,70,3,NotPlaced
8.1,1,3,2,9,4.6,Yes,Yes,70,76,0,Placed
7.6,0,1,0,7,4.0,No,No,56,68,2,NotPlaced
8.7,1,1,2,8,3.6,No,Yes,58,73,0,Placed
8.7,1,1,1,7,4.1,No,No,68,60,1,NotPlaced
7.5,1,2,0,6,4.2,Yes,Yes,57,75,4,NotPlaced
7.2,1,2,0,7,4.2,No,Yes,61,63,4,NotPlaced
8.0,1,3,2,8,4.8,Yes,Yes,73,87,1,Placed
8.2,1,2,0,7,4.8,Yes,Yes,78,69,1,NotPlaced
6.7,0,1,1,8,4.3,No,Yes,56,82,2,NotPlaced
7.6,0,2,0,6,4.6,No,No,59,65,2,NotPlaced
7.9,1,3,2,8,4.7,Yes,Yes,83,82,1,Placed
7.6,0,3,0,8,3.7,Yes,Yes,85,80,0,Placed
7.8,1,3,0,9,4.0,Yes,Yes,84,79,1,Placed
8.2,0,1,1,8,4.7,Yes,Yes,81,74,1,NotPlaced
7.4,0,1,0,6,3.7,No,No,55,70,3,NotPlaced
7.4,2,3,0,7,4.8,Yes,Yes,78,71,1,Placed
8.7,0,3,0,8,4.5,Yes,Yes,77,65,0,Placed
7.6,1,3,2,8,4.0,Yes,Yes,77,82,0,Placed
8.3,1,3,2,9,4.8,Yes,Yes,71,84,0,Placed
7.2,1,2,1,7,3.2,No,No,57,72,2,NotPlaced
7.7,1,3,2,7,3.9,Yes,Yes,59,65,2,NotPlaced
7.9,0,1,1,7,4.2,No,No,55,63,4,NotPlaced
8.0,1,3,2,8,4.6,Yes,Yes,71,86,0,Placed
7.0,1,1,1,7,4.2,Yes,Yes,61,64,3,NotPlaced
8.5,1,1,0,8,4.4,Yes,Yes,71,86,1,Placed
7.6,1,1,0,7,3.3,No,No,56,69,3,NotPlaced
7.0,1,1,0,6,4.2,Yes,Yes,69,77,4,NotPlaced
6.6,0,1,2,6,4.1,No,No,60,65,2,NotPlaced
7.5,1,1,0,7,3.7,No,Yes,56,68,3,NotPlaced
7.4,1,1,0,8,4.1,No,No,55,70,3,NotPlaced
7.5,1,3,2,8,4.3,Yes,Yes,75,81,3,NotPlaced
7.5,1,3,2,7,4.6,Yes,Yes,72,86,1,Placed
8.4,1,3,2,9,4.8,Yes,Yes,85,68,1,Placed
8.2,2,3,2,9,4.8,Yes,Yes,77,83,0,Placed
7.5,2,3,2,9,4.8,Yes,Yes,84,88,0,Placed
8.4,2,3,2,8,4.7,Yes,Yes,77,85,0,Placed
8.1,1,2,0,7,4.5,Yes,Yes,65,76,1,NotPlaced
7.6,0,1,2,8,4.7,No,Yes,77,69,1,Placed
8.2,1,3,2,9,4.7,Yes,Yes,69,84,0,Placed
6.5,1,1,0,6,4.3,Yes,Yes,56,69,2,NotPlaced
8.4,2,3,2,9,4.7,Yes,Yes,88,80,1,Placed
7.6,2,3,1,8,4.3,Yes,Yes,57,70,2,NotPlaced
8.3,1,2,0,8,4.5,Yes,Yes,75,72,1,NotPlaced
8.1,1,3,2,8,4.2,Yes,Yes,72,67,1,NotPlaced
7.7,1,3,3,8,3.9,Yes,Yes,80,65,2,NotPlaced
8.2,2,3,2,9,4.8,Yes,Yes,70,85,1,Placed
8.4,2,3,2,9,4.8,Yes,Yes,71,85,1,Placed
7.5,1,1,0,8,3.6,No,Yes,66,65,3,NotPlaced
7.7,0,0,1,7,3.7,Yes,Yes,55,62,3,NotPlaced
7.7,2,2,0,8,4.0,No,No,55,65,2,NotPlaced
8.2,1,3,2,9,4.4,Yes,No,74,80,1,NotPlaced
7.3,1,3,0,8,4.4,Yes,No,77,80,3,NotPlaced
6.9,0,2,1,7,4.1,No,Yes,55,64,2,NotPlaced
8.2,2,3,2,9,4.8,Yes,Yes,76,78,0,Placed
7.3,2,1,1,7,4.8,Yes,No,58,66,2,NotPlaced
7.6,1,2,1,8,4.2,No,Yes,75,68,4,NotPlaced
8.8,1,3,2,9,4.8,Yes,Yes,85,83,0,Placed
7.5,0,1,1,8,4.1,No,Yes,64,65,4,NotPlaced
8.3,0,3,2,9,4.3,Yes,Yes,77,85,0,Placed
7.7,1,2,0,7,3.7,No,No,55,70,2,NotPlaced
7.7,1,2,1,8,4.5,No,No,65,70,0,Placed
7.4,1,1,0,7,4.0,No,Yes,63,69,3,NotPlaced
8.2,1,3,0,7,4.4,Yes,Yes,56,82,1,NotPlaced
7.7,1,1,0,8,4.0,Yes,Yes,75,65,1,Placed
7.7,1,1,2,7,4.4,No,No,66,68,2,NotPlaced
7.2,1,1,0,8,4.1,No,Yes,77,75,2,NotPlaced
6.6,1,1,0,8,3.7,Yes,Yes,74,76,0,Placed
8.5,1,3,2,9,4.7,Yes,Yes,80,80,1,Placed
8.2,1,1,0,6,3.9,No,No,57,66,1,NotPlaced
7.9,0,2,1,7,3.9,No,No,59,68,3,NotPlaced
7.5,0,2,0,8,4.1,Yes,Yes,74,66,2,NotPlaced
6.9,1,2,1,7,4.0,Yes,Yes,59,59,3,NotPlaced
8.3,0,2,0,6,4.4,Yes,Yes,81,77,1,NotPlaced
8.1,2,3,2,9,4.8,Yes,Yes,88,87,0,Placed
7.6,0,1,1,6,4.1,No,No,55,64,2,NotPlaced
8.9,1,3,2,8,4.8,Yes,Yes,78,77,0,Placed
7.5,2,2,1,8,4.4,No,No,55,62,2,NotPlaced
7.5,1,1,1,7,4.1,Yes,No,59,79,3,NotPlaced
7.6,1,1,0,7,4.4,Yes,Yes,55,68,1,Placed
6.5,1,1,0,7,3.6,No,No,63,61,2,NotPlaced
7.6,2,2,1,7,4.0,Yes,Yes,61,66,3,NotPlaced
8.1,2,3,1,8,4.2,Yes,Yes,74,84,1,Placed
7.1,1,1,0,6,3.5,No,No,60,65,2,NotPlaced
8.3,1,3,1,8,4.6,Yes,Yes,65,63,0,Placed
6.5,0,2,0,7,4.3,Yes,Yes,73,71,1,Placed
7.6,0,1,2,7,4.0,Yes,Yes,55,82,4,NotPlaced
8.4,2,3,2,9,4.8,Yes,Yes,74,88,1,Placed
6.5,0,1,1,8,3.6,No,Yes,68,65,3,NotPlaced
7.4,1,1,0,7,3.4,No,No,63,62,4,NotPlaced
8.5,2,2,2,8,4.8,Yes,Yes,68,83,0,Placed
8.4,1,2,2,8,4.2,Yes,Yes,55,66,0,Placed
7.6,1,2,1,6,4.5,Yes,No,61,66,2,NotPlaced
6.5,1,2,1,8,4.1,No,Yes,69,84,4,NotPlaced
8.5,2,3,2,8,4.8,Yes,Yes,86,88,1,Placed
6.5,1,2,1,8,4.0,No,Yes,74,74,4,NotPlaced
7.4,1,1,1,7,4.6,No,Yes,60,57,4,NotPlaced
6.5,1,1,0,7,4.4,No,No,65,67,3,NotPlaced
7.7,0,1,0,7,4.6,No,No,79,61,4,NotPlaced
7.5,0,2,1,7,4.4,No,Yes,55,69,3,NotPlaced
7.4,0,1,0,7,4.2,No,No,59,76,2,NotPlaced
7.0,1,1,1,7,4.6,No,Yes,57,63,3,NotPlaced
7.8,1,1,2,9,4.0,Yes,Yes,71,83,2,NotPlaced
7.8,0,2,0,8,3.5,No,Yes,72,85,4,NotPlaced
7.5,1,2,0,7,4.2,Yes,No,63,69,4,NotPlaced
6.7,1,1,0,7,3.9,No,No,65,62,3,NotPlaced
7.5,1,2,2,7,4.2,Yes,Yes,75,62,0,Placed
6.6,1,1,0,6,4.1,No,Yes,55,73,3,NotPlaced
7.1,1,1,2,7,4.6,Yes,Yes,72,82,0,Placed
7.2,2,3,0,7,4.3,Yes,Yes,74,82,4,NotPlaced
6.7,0,2,1,6,4.4,No,Yes,59,61,3,NotPlaced
8.5,1,1,0,8,4.5,Yes,Yes,73,88,1,NotPlaced
6.6,0,2,0,6,4.6,Yes,No,59,63,3,NotPlaced
7.5,1,3,3,9,4.6,Yes,Yes,86,79,0,Placed
6.7,1,1,1,7,3.9,No,Yes,56,83,3,NotPlaced
8.6,2,3,2,9,4.8,Yes,Yes,90,88,0,Placed
7.8,2,3,2,9,4.8,Yes,Yes,68,83,0,Placed
7.5,0,1,0,8,3.9,Yes,Yes,82,81,2,NotPlaced
6.7,1,1,0,6,4.4,No,Yes,63,67,2,NotPlaced
8.2,0,3,0,7,4.7,Yes,Yes,65,87,0,Placed
6.8,1,1,2,7,4.1,No,Yes,71,70,3,NotPlaced
8.3,0,2,2,7,4.1,Yes,Yes,76,85,0,Placed
7.8,2,3,2,8,4.8,Yes,No,82,78,0,Placed
7.5,0,2,0,7,4.2,Yes,Yes,55,73,4,NotPlaced
8.1,1,1,1,7,4.5,Yes,Yes,78,69,1,NotPlaced
8.0,2,3,1,6,3.9,No,Yes,56,69,4,NotPlaced
7.8,1,2,1,8,4.1,Yes,Yes,61,78,0,Placed
6.5,1,1,0,8,4.0,No,Yes,55,68,3,NotPlaced
7.7,1,1,0,7,4.1,No,Yes,86,69,1,Placed
8.2,1,3,2,9,4.6,Yes,Yes,74,85,0,Placed
8.5,1,2,1,8,4.1,Yes,Yes,73,86,1,Placed
7.4,1,1,0,8,3.5,No,No,68,73,2,NotPlaced
7.4,0,1,1,6,3.9,No,Yes,59,69,2,NotPlaced
8.2,1,3,1,7,4.4,No,Yes,77,81,1,NotPlaced
8.6,2,3,2,8,4.8,Yes,Yes,80,85,0,Placed
6.6,1,1,1,6,3.4,No,No,55,66,2,NotPlaced
8.2,2,3,2,9,4.8,Yes,Yes,82,84,1,Placed
8.5,2,3,2,8,4.8,Yes,Yes,83,81,1,Placed
7.5,0,2,2,8,4.8,No,Yes,55,70,0,Placed
6.5,0,1,0,6,3.9,Yes,Yes,76,66,2,NotPlaced
6.5,1,2,1,7,4.0,No,No,62,70,2,NotPlaced
8.4,1,2,0,9,4.7,Yes,Yes,55,81,1,NotPlaced
7.9,1,2,0,6,4.0,No,No,55,59,2,NotPlaced
8.5,2,3,2,9,4.8,Yes,Yes,78,87,1,Placed
8.3,2,3,2,8,4.4,Yes,No,80,80,1,Placed
6.9,1,1,2,6,3.8,Yes,Yes,59,71,3,NotPlaced
8.9,2,3,2,9,4.8,Yes,Yes,71,87,0,Placed
6.5,1,1,0,6,3.9,No,Yes,61,67,3,NotPlaced
8.9,1,3,2,9,4.8,Yes,Yes,68,85,0,Placed
7.6,0,1,0,8,4.1,No,No,61,68,3,NotPlaced
6.8,1,2,2,8,4.1,Yes,Yes,55,67,2,Placed
6.5,1,1,1,6,3.7,No,No,55,64,4,NotPlaced
8.2,2,3,3,8,4.5,No,Yes,74,85,1,NotPlaced
6.5,1,2,1,6,4.7,No,No,55,59,3,NotPlaced
8.3,1,3,0,7,4.3,Yes,Yes,73,88,1,NotPlaced
6.7,1,2,0,7,4.1,No,No,61,64,4,NotPlaced
8.4,2,3,2,9,4.7,Yes,Yes,78,82,1,Placed
7.6,1,1,0,6,3.6,No,No,56,65,4,NotPlaced
6.5,1,1,0,7,3.6,No,No,63,68,4,NotPlaced
6.8,1,3,0,9,4.8,Yes,Yes,69,86,1,Placed
7.7,1,1,2,8,4.2,Yes,Yes,58,80,3,NotPlaced
7.4,1,1,0,7,4.4,No,No,69,62,3,NotPlaced
8.4,2,2,2,8,4.8,Yes,Yes,87,87,0,Placed
7.9,1,3,2,9,4.8,Yes,Yes,90,82,1,Placed
6.6,1,1,0,6,3.5,No,No,66,72,3,NotPlaced
8.3,2,3,2,9,4.8,Yes,Yes,78,87,0,Placed
7.8,1,3,2,8,4.6,Yes,Yes,89,65,1,Placed
7.5,1,1,0,7,4.7,Yes,Yes,73,87,3,NotPlaced
7.6,0,2,0,7,4.3,No,No,67,58,4,NotPlaced
8.3,1,3,1,7,4.5,Yes,Yes,72,87,1,Placed
7.5,1,2,0,8,3.9,No,Yes,61,68,3,NotPlaced
7.8,1,2,2,9,4.8,Yes,Yes,74,84,0,Placed
8.4,2,3,1,8,4.8,Yes,No,84,81,0,Placed
6.5,0,3,1,7,4.3,Yes,Yes,58,82,2,NotPlaced
8.1,2,3,1,8,4.8,Yes,Yes,83,79,1,Placed
8.7,2,3,2,9,4.8,Yes,Yes,80,83,0,Placed
6.5,1,1,1,7,4.0,No,Yes,60,67,2,NotPlaced
7.7,1,1,1,8,3.9,No,No,59,67,4,NotPlaced
7.6,1,1,0,7,3.8,No,Yes,61,66,4,NotPlaced
7.4,1,1,2,8,4.6,Yes,No,88,86,2,NotPlaced
7.7,1,2,0,6,4.2,Yes,Yes,70,69,3,NotPlaced
7.6,1,1,0,6,4.0,No,No,62,72,3,NotPlaced
7.5,0,3,1,7,4.0,No,No,56,66,4,NotPlaced
8.4,2,3,2,8,4.8,Yes,Yes,74,82,1,Placed
8.0,1,2,0,8,4.6,Yes,Yes,60,83,3,NotPlaced
7.0,0,1,1,8,4.6,Yes,Yes,77,87,4,Placed
7.1,1,2,2,8,4.3,No,No,78,67,2,NotPlaced
8.5,2,3,2,8,4.3,No,No,73,86,1,NotPlaced
8.3,2,3,2,7,4.2,Yes,Yes,65,83,1,NotPlaced
6.6,2,1,0,7,4.2,No,Yes,75,70,2,NotPlaced
7.6,0,1,2,9,4.8,No,Yes,81,77,0,Placed
8.1,1,2,0,8,4.4,Yes,Yes,55,71,1,NotPlaced
7.6,0,2,0,8,3.8,No,Yes,60,66,3,NotPlaced
8.4,2,3,1,8,4.8,Yes,Yes,81,67,1,Placed
8.2,2,3,2,9,4.8,Yes,Yes,77,83,1,Placed
7.2,0,1,0,7,4.1,Yes,Yes,72,83,1,Placed
8.2,1,3,2,8,4.4,Yes,Yes,73,69,1,Placed
6.8,1,1,0,7,4.1,No,No,55,62,3,NotPlaced
7.6,1,2,2,7,4.5,Yes,No,87,84,1,Placed
6.5,0,3,0,8,4.5,No,Yes,79,64,4,NotPlaced
7.7,2,2,0,7,4.3,Yes,Yes,72,88,1,Placed
8.3,1,2,2,8,4.6,Yes,Yes,85,88,1,Placed
8.5,2,3,2,8,4.7,Yes,Yes,71,84,0,Placed
7.6,2,2,1,7,4.7,No,No,59,62,3,NotPlaced
7.6,1,3,0,7,4.7,Yes,No,64,67,2,NotPlaced
8.4,0,3,2,9,4.8,Yes,Yes,80,86,0,Placed
8.2,1,3,2,8,4.3,Yes,Yes,69,81,1,NotPlaced
7.8,1,2,0,7,4.8,Yes,Yes,74,67,3,NotPlaced
8.5,1,2,2,8,4.2,Yes,No,79,85,0,Placed
7.8,1,1,0,7,4.0,No,Yes,55,65,4,NotPlaced
7.6,1,2,0,7,4.2,No,Yes,57,64,4,NotPlaced
8.1,1,3,2,8,4.8,Yes,Yes,82,84,1,NotPlaced
7.5,1,1,0,7,4.0,No,Yes,55,65,2,NotPlaced
6.5,1,2,1,7,4.2,No,No,62,71,4,NotPlaced
9.0,1,3,2,9,4.8,Yes,Yes,77,78,0,Placed
7.7,0,1,0,7,3.7,No,No,71,70,1,Placed
8.3,1,2,1,7,4.7,No,Yes,74,64,1,NotPlaced
6.8,2,3,2,8,3.9,Yes,No,76,81,2,Placed
8.2,0,2,2,7,4.0,Yes,Yes,76,79,0,Placed
6.9,1,1,1,6,4.1,Yes,Yes,55,67,3,NotPlaced
8.1,1,3,2,7,4.8,No,No,83,77,1,NotPlaced
7.8,1,2,0,7,3.6,Yes,No,72,67,1,Placed
7.5,1,1,0,8,4.2,No,Yes,56,69,3,NotPlaced
8.6,2,3,2,9,4.8,Yes,Yes,89,86,0,Placed
8.4,2,3,2,8,4.8,Yes,Yes,83,88,1,Placed
7.6,1,3,0,8,4.4,Yes,Yes,71,71,0,Placed
8.3,2,3,2,9,4.7,Yes,No,87,87,0,Placed
8.5,1,1,1,8,4.5,Yes,Yes,70,62,1,NotPlaced
6.8,1,3,0,8,4.5,Yes,Yes,86,83,4,NotPlaced
7.6,1,1,0,7,3.9,No,Yes,55,60,3,NotPlaced
6.5,1,2,0,8,4.1,No,Yes,90,66,3,NotPlaced
7.7,1,1,2,7,4.1,Yes,No,61,84,3,NotPlaced
8.4,2,3,2,9,4.8,Yes,Yes,70,85,0,Placed
7.5,1,2,0,8,3.7,No,No,73,84,3,NotPlaced
8.0,2,3,2,9,4.3,Yes,Yes,75,82,1,Placed
7.6,0,1,0,6,4.0,No,Yes,58,66,3,NotPlaced
7.6,1,2,2,7,4.2,Yes,Yes,59,67,0,Placed
8.2,2,3,2,9,4.8,Yes,Yes,83,85,1,Placed
7.5,0,3,0,6,4.1,Yes,Yes,74,67,3,NotPlaced
8.3,2,3,2,8,4.6,No,Yes,79,86,1,NotPlaced
7.9,1,1,0,8,4.5,Yes,Yes,80,81,1,Placed
7.4,0,3,0,7,4.0,Yes,Yes,60,73,3,NotPlaced
6.5,1,3,3,7,4.3,Yes,Yes,63,87,2,Placed
7.6,1,1,1,7,3.9,No,No,55,59,2,NotPlaced
7.7,1,3,0,8,3.8,Yes,Yes,63,67,4,NotPlaced
7.8,1,1,2,8,3.8,No,Yes,60,67,3,NotPlaced
6.5,1,1,1,6,4.1,No,Yes,78,68,4,NotPlaced
7.5,1,2,1,8,4.5,Yes,No,71,72,3,NotPlaced
6.5,1,1,0,6,4.2,No,No,57,61,2,NotPlaced
8.7,2,3,0,9,4.8,Yes,No,76,78,0,Placed
6.7,0,1,0,7,4.2,Yes,Yes,55,68,2,NotPlaced
7.7,1,2,1,7,4.8,No,Yes,59,68,3,NotPlaced
8.1,1,3,2,8,4.4,Yes,Yes,83,72,1,NotPlaced
7.7,1,3,2,8,4.8,Yes,Yes,78,86,0,Placed
6.5,1,1,1,8,4.6,No,No,85,73,3,NotPlaced
7.5,0,3,2,7,4.7,Yes,Yes,72,82,0,Placed
6.5,1,1,1,7,4.1,Yes,Yes,72,67,3,NotPlaced
8.2,1,3,2,9,4.7,Yes,Yes,81,88,0,Placed
6.5,1,2,1,7,3.9,No,Yes,62,68,3,NotPlaced
7.7,1,2,1,8,3.6,Yes,Yes,70,63,0,Placed
7.6,1,0,0,8,4.8,Yes,Yes,60,69,0,Placed
7.6,0,1,0,8,4.7,Yes,Yes,62,69,0,Placed
6.8,0,1,2,7,4.6,Yes,No,72,73,2,NotPlaced
7.0,1,3,1,7,4.2,Yes,Yes,78,84,4,Placed
7.7,1,2,1,7,3.8,No,Yes,59,64,3,NotPlaced
8.5,2,2,2,9,4.7,Yes,Yes,73,69,1,NotPlaced
8.7,2,3,2,9,4.8,Yes,Yes,79,85,0,Placed
8.2,2,3,2,9,4.8,Yes,Yes,85,80,0,Placed
7.5,1,2,0,8,4.7,Yes,Yes,72,87,4,NotPlaced
8.4,0,3,0,9,4.8,Yes,Yes,77,84,0,Placed
7.5,1,2,2,8,3.1,No,No,58,74,4,NotPlaced
6.9,1,2,0,7,4.3,No,No,55,71,0,Placed
6.6,1,3,1,8,4.4,Yes,Yes,79,85,1,Placed
7.5,1,1,1,7,4.3,No,Yes,55,72,4,NotPlaced
8.1,1,1,0,8,3.1,No,Yes,55,65,1,NotPlaced
6.5,1,1,1,8,4.1,No,No,65,65,2,NotPlaced
6.5,1,1,1,7,3.5,No,No,57,66,2,NotPlaced
7.9,2,1,2,9,4.5,Yes,No,74,79,4,NotPlaced
8.2,1,2,1,7,3.8,No,No,58,67,1,NotPlaced
6.5,1,1,0,7,3.3,No,No,55,63,2,NotPlaced
8.4,1,2,1,8,3.8,Yes,Yes,72,65,0,Placed
7.5,1,1,0,6,3.7,No,Yes,55,70,4,NotPlaced
7.5,1,1,1,7,4.7,Yes,Yes,55,71,4,NotPlaced
6.5,1,1,0,8,3.9,No,Yes,56,71,2,NotPlaced
7.6,1,2,0,7,3.8,No,Yes,61,68,3,NotPlaced
7.5,1,1,1,6,3.6,No,Yes,55,64,2,NotPlaced
8.3,2,2,2,8,3.9,Yes,Yes,60,86,0,Placed
7.5,0,2,1,7,3.7,No,No,80,63,3,NotPlaced
6.5,1,2,0,6,4.0,No,No,61,63,4,NotPlaced
7.8,2,2,2,6,4.5,No,Yes,73,87,3,NotPlaced
8.5,2,3,2,9,4.8,Yes,Yes,72,86,0,Placed
7.9,1,1,1,7,4.4,Yes,Yes,74,70,4,NotPlaced
6.8,1,2,2,7,4.7,Yes,No,74,60,3,NotPlaced
8.2,1,3,2,6,4.4,No,Yes,55,85,1,NotPlaced
8.6,1,2,2,9,4.5,Yes,Yes,83,81,1,NotPlaced
8.6,1,3,2,9,4.8,Yes,Yes,84,85,0,Placed
7.9,2,3,1,7,4.5,Yes,No,78,88,2,NotPlaced
8.4,2,3,2,9,4.8,Yes,Yes,84,86,1,Placed
8.1,2,3,2,9,4.8,Yes,Yes,87,82,1,Placed
7.8,1,2,2,8,4.7,Yes,Yes,63,71,1,Placed
7.6,1,2,0,7,3.4,No,Yes,57,57,2,NotPlaced
6.6,1,2,2,7,4.0,No,Yes,63,65,2,NotPlaced
6.5,1,2,1,7,4.2,Yes,Yes,59,84,2,NotPlaced
6.5,1,1,2,9,4.0,Yes,Yes,79,81,1,Placed
7.8,1,2,0,7,4.0,Yes,Yes,67,72,2,NotPlaced
7.6,1,2,1,7,4.1,No,Yes,55,65,0,Placed
7.6,0,1,0,7,3.7,No,Yes,55,73,4,NotPlaced
6.5,1,2,0,7,4.2,Yes,Yes,55,66,4,NotPlaced
8.5,0,1,0,8,4.7,Yes,Yes,72,83,1,Placed
8.2,0,3,0,8,4.5,Yes,Yes,90,81,1,Placed
7.1,1,2,0,7,4.1,No,Yes,73,85,2,NotPlaced
6.9,1,1,1,8,4.2,No,Yes,80,66,4,NotPlaced
6.5,1,1,0,8,4.5,No,Yes,60,70,2,NotPlaced
7.7,0,2,3,7,4.8,Yes,Yes,67,80,4,NotPlaced
7.6,1,1,0,7,4.0,No,Yes,55,67,2,NotPlaced
7.6,1,2,0,7,4.1,Yes,Yes,70,62,4,NotPlaced
7.8,0,2,1,7,4.4,Yes,Yes,61,68,1,Placed
6.8,1,2,1,6,4.3,No,Yes,64,69,3,NotPlaced
8.2,2,3,2,8,4.4,Yes,Yes,82,85,1,Placed
8.4,1,1,1,7,4.5,No,No,63,60,1,NotPlaced
6.5,0,1,1,6,4.1,No,No,55,65,4,NotPlaced
6.7,1,1,0,7,4.6,Yes,No,67,68,2,NotPlaced
8.5,1,3,2,9,4.5,Yes,Yes,76,84,1,Placed
6.8,1,1,0,6,3.1,No,No,55,68,4,NotPlaced
8.2,2,3,2,9,4.6,Yes,Yes,74,84,0,Placed
8.0,2,2,0,8,4.2,Yes,Yes,65,83,2,NotPlaced
7.6,1,3,3,7,4.8,Yes,Yes,78,84,1,Placed
7.9,1,2,1,8,4.2,No,Yes,60,63,4,NotPlaced
7.9,2,1,0,7,4.7,No,Yes,77,86,2,NotPlaced
8.0,1,1,0,7,4.2,No,No,83,63,3,NotPlaced
7.8,0,2,2,9,4.8,No,Yes,80,85,1,Placed
7.2,0,3,0,7,4.6,No,No,83,65,1,Placed
8.0,1,3,2,8,4.7,Yes,Yes,55,73,1,Placed
7.6,1,1,1,6,3.6,No,No,62,63,4,NotPlaced
8.2,2,3,2,9,4.8,Yes,Yes,77,88,0,Placed
7.3,0,1,0,8,3.8,No,Yes,55,85,4,NotPlaced
8.2,2,3,2,9,4.8,Yes,Yes,84,87,0,Placed
6.6,1,1,0,7,4.0,No,No,57,58,4,NotPlaced
7.8,2,3,2,8,4.5,Yes,Yes,71,85,0,Placed
7.5,2,1,2,8,4.6,No,Yes,82,83,0,Placed
8.5,2,3,2,9,4.8,Yes,No,76,84,1,NotPlaced
7.6,0,1,0,7,4.5,No,No,60,66,2,NotPlaced
8.2,2,3,2,8,4.8,Yes,Yes,75,83,1,Placed
8.6,1,2,0,7,4.4,No,Yes,76,57,1,NotPlaced
8.1,1,3,2,8,4.7,Yes,Yes,78,66,1,Placed
7.2,0,1,0,7,4.1,No,Yes,55,69,0,Placed
6.8,0,1,0,8,4.2,No,No,61,60,3,NotPlaced
7.9,1,2,1,7,4.2,Yes,Yes,84,64,1,Placed
7.0,1,1,0,6,4.0,No,No,58,65,3,NotPlaced
6.6,1,3,1,7,4.5,Yes,Yes,76,71,2,NotPlaced
8.5,2,3,2,9,4.4,Yes,Yes,84,86,1,Placed
8.3,1,2,2,7,4.8,Yes,Yes,77,82,1,NotPlaced
8.5,1,3,1,7,4.1,Yes,Yes,72,87,0,Placed
6.5,0,1,0,6,3.7,No,No,64,66,3,NotPlaced
7.5,2,3,0,8,4.6,Yes,Yes,78,87,0,Placed
8.2,1,3,2,9,4.6,Yes,Yes,86,86,1,Placed
6.6,1,1,1,6,3.9,Yes,Yes,57,67,2,NotPlaced
8.4,2,3,2,9,4.8,Yes,Yes,69,83,1,Placed
7.4,1,2,1,6,4.5,No,No,58,71,2,NotPlaced
7.5,1,2,0,7,3.7,No,No,70,67,2,NotPlaced
7.7,1,3,0,7,4.5,Yes,Yes,64,61,4,NotPlaced
7.5,1,2,1,7,3.7,Yes,Yes,59,70,3,NotPlaced
7.5,0,1,0,7,3.6,No,No,56,70,2,NotPlaced
7.7,0,0,2,8,4.1,Yes,Yes,74,79,3,NotPlaced
7.8,1,1,1,7,4.0,No,Yes,62,63,4,NotPlaced
7.4,1,2,0,7,3.9,No,Yes,63,70,4,NotPlaced
7.6,1,2,1,7,4.0,Yes,Yes,62,85,3,NotPlaced
8.0,1,3,0,6,4.4,Yes,Yes,55,68,4,NotPlaced
6.5,1,2,1,8,4.1,No,Yes,66,66,3,NotPlaced
7.5,1,1,0,6,3.3,No,Yes,55,72,4,NotPlaced
8.1,1,3,0,9,4.4,Yes,Yes,89,80,0,Placed
8.4,2,2,0,7,4.4,Yes,No,79,85,1,NotPlaced
7.4,1,1,1,7,3.6,No,Yes,55,70,3,NotPlaced
6.5,1,1,0,6,4.5,No,Yes,55,64,4,NotPlaced
7.7,2,3,1,8,4.7,Yes,Yes,61,84,1,Placed
8.2,0,3,1,9,4.8,Yes,Yes,82,84,1,Placed
7.4,1,2,1,7,4.8,Yes,Yes,55,58,4,NotPlaced
7.4,0,2,1,6,4.4,No,No,61,70,4,NotPlaced
8.6,1,1,0,8,4.8,Yes,Yes,69,82,0,Placed
8.2,2,3,0,8,4.3,Yes,Yes,84,82,1,Placed
8.5,1,3,3,8,4.8,Yes,Yes,78,73,1,Placed
7.5,2,3,1,8,4.2,Yes,Yes,76,75,1,Placed
8.5,2,3,2,8,4.7,Yes,Yes,75,88,1,Placed
6.5,1,2,0,7,3.9,No,Yes,55,65,2,NotPlaced
7.3,0,1,1,7,4.2,No,No,55,66,2,NotPlaced
6.6,0,1,0,6,3.8,No,No,65,65,3,NotPlaced
7.5,0,3,3,7,4.7,Yes,Yes,68,65,3,NotPlaced
7.4,1,1,0,8,4.0,No,No,62,73,3,NotPlaced
7.4,1,3,0,8,4.6,Yes,Yes,80,71,2,NotPlaced
7.7,1,3,0,9,4.0,Yes,Yes,77,81,4,NotPlaced
7.9,1,3,2,9,4.6,Yes,Yes,74,84,3,NotPlaced
6.7,1,1,0,8,4.5,No,Yes,83,74,3,NotPlaced
7.9,1,2,3,8,4.5,Yes,No,79,70,3,NotPlaced
8.4,1,2,2,8,4.4,Yes,Yes,79,83,0,Placed
7.4,1,1,0,7,3.3,No,No,55,66,3,NotPlaced
8.3,2,3,2,8,4.8,Yes,Yes,68,87,0,Placed
7.8,0,1,1,7,3.9,No,No,58,71,2,NotPlaced
8.3,1,3,1,7,4.6,Yes,No,84,85,1,NotPlaced
8.3,2,3,2,9,4.8,Yes,Yes,81,87,1,Placed
7.7,1,1,1,6,4.8,Yes,No,71,65,4,NotPlaced
8.7,1,3,0,7,3.2,Yes,Yes,55,80,1,NotPlaced
7.6,0,2,0,6,4.8,No,No,60,64,2,NotPlaced
8.2,2,3,2,8,4.8,No,Yes,83,82,1,Placed
6.7,1,1,0,7,4.2,No,No,61,63,1,Placed
7.6,1,2,0,7,4.3,Yes,Yes,86,69,1,Placed
7.8,0,2,0,7,4.4,No,Yes,74,65,3,NotPlaced
7.6,1,1,0,6,4.4,No,Yes,55,74,3,NotPlaced
8.4,1,1,2,9,4.8,No,Yes,66,87,0,Placed
7.5,1,1,0,7,4.8,No,Yes,55,58,1,Placed
7.6,1,2,0,7,4.2,No,Yes,90,87,3,NotPlaced
8.3,2,3,2,8,4.8,Yes,Yes,86,82,0,Placed
8.2,2,1,1,8,4.4,Yes,Yes,74,88,1,NotPlaced
7.5,1,2,1,8,4.0,No,Yes,55,65,4,NotPlaced
8.6,2,3,2,9,4.8,Yes,Yes,82,86,0,Placed
8.5,1,3,2,8,4.4,Yes,Yes,82,82,0,Placed
7.7,1,2,3,7,4.2,Yes,Yes,71,84,3,NotPlaced
6.5,1,2,1,8,3.4,Yes,No,72,68,4,NotPlaced
7.8,0,1,1,7,4.7,No,Yes,63,61,0,Placed
8.6,2,3,2,9,4.7,Yes,Yes,80,88,0,Placed
8.5,1,3,2,9,4.7,No,Yes,85,84,1,NotPlaced
7.5,1,2,1,6,3.2,No,Yes,55,65,2,NotPlaced
7.2,1,1,1,6,3.5,No,No,55,74,3,NotPlaced
7.9,1,1,2,6,4.2,No,Yes,56,68,1,Placed
8.3,2,3,2,8,4.8,Yes,Yes,78,86,0,Placed
7.5,0,1,2,7,4.5,Yes,Yes,76,67,3,NotPlaced
6.7,1,2,2,7,4.2,No,No,78,66,2,NotPlaced
8.1,2,2,2,7,4.4,Yes,Yes,75,82,1,NotPlaced
8.4,2,3,2,9,4.8,Yes,Yes,74,86,0,Placed
7.0,0,1,2,8,4.7,No,Yes,68,82,5,Placed
8.4,0,1,0,8,3.8,No,Yes,57,68,1,NotPlaced
7.4,1,2,0,8,4.2,Yes,Yes,74,83,2,NotPlaced
6.5,1,2,0,7,4.4,No,Yes,58,67,3,NotPlaced
7.6,1,3,1,7,4.6,Yes,Yes,73,79,4,NotPlaced
8.3,2,3,2,9,4.8,Yes,Yes,81,81,1,Placed
8.0,2,3,2,8,4.4,Yes,Yes,83,84,4,NotPlaced
7.6,1,1,0,6,4.2,No,Yes,55,66,4,NotPlaced
7.7,1,1,1,6,3.0,No,No,55,67,4,NotPlaced
8.2,2,3,2,8,4.3,Yes,Yes,85,81,1,Placed
7.6,1,1,2,8,4.1,Yes,Yes,79,67,1,Placed
8.3,1,2,2,8,4.5,No,Yes,73,66,1,NotPlaced
8.2,2,3,0,9,4.5,Yes,Yes,74,79,0,Placed
7.4,1,1,0,7,4.0,Yes,Yes,82,67,0,Placed
7.3,1,1,0,6,4.6,Yes,Yes,62,74,2,NotPlaced
8.0,0,1,0,7,3.4,No,Yes,80,74,2,NotPlaced
8.7,2,3,0,8,4.2,No,Yes,55,65,1,NotPlaced
8.2,1,1,1,6,3.6,No,Yes,62,69,1,NotPlaced
7.5,1,1,1,7,4.1,No,Yes,55,75,3,NotPlaced
8.1,2,3,3,9,4.5,Yes,Yes,83,88,1,Placed
8.4,2,3,2,9,4.8,Yes,Yes,88,82,1,Placed
6.7,1,2,0,6,4.6,No,Yes,55,77,3,NotPlaced
8.2,1,1,2,6,4.6,Yes,Yes,81,65,1,Placed
7.5,1,2,0,8,3.5,No,No,66,65,3,NotPlaced
7.6,1,2,2,7,3.8,Yes,Yes,75,63,2,NotPlaced
7.5,0,1,0,7,4.4,No,Yes,55,65,3,NotPlaced
7.7,2,2,0,7,4.2,Yes,Yes,58,73,0,Placed
8.4,0,3,0,9,4.4,Yes,Yes,71,83,1,NotPlaced
7.2,2,3,2,9,4.8,Yes,Yes,90,82,0,Placed
7.4,1,1,0,7,3.7,No,No,78,65,3,NotPlaced
6.7,0,1,0,7,4.0,No,Yes,72,65,1,Placed
6.9,0,2,0,7,4.3,No,No,80,66,4,NotPlaced
7.5,0,3,0,8,4.5,Yes,Yes,87,85,0,Placed
8.0,2,1,1,8,4.2,Yes,No,83,67,1,Placed
7.6,1,2,3,7,3.7,Yes,Yes,79,86,1,Placed
8.3,1,3,1,9,4.8,Yes,Yes,70,79,1,Placed
7.4,0,3,2,9,4.7,Yes,Yes,68,71,1,Placed
8.4,1,3,3,9,4.8,Yes,Yes,78,85,0,Placed
6.5,2,2,2,8,4.7,Yes,Yes,70,82,1,Placed
8.4,1,1,2,7,4.6,No,Yes,76,85,1,NotPlaced
7.9,2,3,2,9,4.8,Yes,Yes,82,88,1,Placed
8.2,1,3,2,9,4.7,Yes,Yes,83,80,0,Placed
8.0,1,1,2,7,3.4,Yes,Yes,61,66,3,NotPlaced
8.4,1,3,2,7,4.5,Yes,No,80,80,1,NotPlaced
7.6,0,1,0,7,4.3,No,Yes,55,69,1,Placed
8.3,2,3,2,9,4.8,Yes,Yes,80,84,0,Placed
7.9,2,2,2,9,4.8,Yes,Yes,72,77,1,Placed
8.3,0,3,1,8,4.1,Yes,Yes,55,80,1,NotPlaced
8.2,1,3,1,8,4.8,Yes,Yes,63,81,0,Placed
8.3,1,2,0,8,4.6,Yes,Yes,73,77,1,NotPlaced
7.8,2,3,0,8,4.2,Yes,Yes,80,87,1,Placed
7.6,0,1,1,7,3.9,No,Yes,55,72,3,NotPlaced
7.5,1,1,0,7,3.4,No,Yes,80,67,4,NotPlaced
7.5,1,1,0,8,4.2,No,Yes,72,62,2,NotPlaced
6.8,1,1,0,8,3.9,No,No,82,64,2,NotPlaced
8.3,2,3,2,8,4.7,Yes,Yes,84,85,1,NotPlaced
6.7,0,1,1,7,4.5,No,Yes,55,72,2,Placed
6.9,1,1,1,6,4.1,No,No,64,66,3,NotPlaced
8.6,0,1,1,6,4.3,No,Yes,55,63,1,NotPlaced
8.1,2,3,0,9,4.7,Yes,Yes,79,82,0,Placed
7.7,1,1,0,6,4.3,No,No,57,70,4,NotPlaced
8.4,2,3,2,7,4.8,Yes,Yes,82,88,1,NotPlaced
8.2,1,3,1,8,3.9,Yes,Yes,78,85,1,Placed
8.5,1,3,2,9,4.8,Yes,Yes,83,84,0,Placed
8.3,2,3,2,8,4.1,Yes,No,82,79,1,Placed
8.4,2,3,2,8,4.8,Yes,Yes,79,86,1,Placed
6.9,1,2,2,7,4.0,No,Yes,55,64,2,NotPlaced
6.5,0,2,1,8,4.8,No,Yes,74,84,0,Placed
6.5,1,1,0,7,4.6,No,No,58,67,4,NotPlaced
8.3,0,3,2,8,4.8,Yes,Yes,80,84,1,Placed
8.6,2,3,0,7,4.7,Yes,No,71,79,1,NotPlaced
8.4,2,3,2,8,4.6,Yes,Yes,84,76,1,Placed
7.5,1,1,0,7,4.5,No,No,58,65,3,NotPlaced
6.5,2,3,2,8,4.1,Yes,Yes,76,86,2,Placed
6.5,2,3,2,8,4.6,Yes,Yes,69,83,4,NotPlaced
7.6,1,1,1,7,3.9,No,No,55,61,4,NotPlaced
8.3,2,3,2,8,4.8,Yes,Yes,82,85,0,Placed
7.4,1,1,1,7,4.6,Yes,Yes,77,83,4,NotPlaced
7.1,1,1,1,6,3.3,No,No,65,61,2,NotPlaced
8.1,1,3,2,7,4.3,Yes,Yes,69,83,1,Placed
8.0,1,2,2,8,4.8,Yes,Yes,68,82,1,Placed
7.6,1,2,1,8,4.1,No,Yes,56,65,3,NotPlaced
7.4,1,1,0,7,4.3,No,Yes,62,66,4,NotPlaced
6.5,1,3,2,9,4.8,Yes,Yes,76,82,1,Placed
7.1,2,3,0,7,4.8,Yes,Yes,70,88,1,Placed
8.9,1,3,1,9,4.7,Yes,Yes,72,87,1,NotPlaced
8.1,2,3,2,9,4.8,Yes,Yes,89,83,0,Placed
6.8,1,1,0,7,4.5,No,No,63,69,3,NotPlaced
7.0,1,1,0,7,4.4,No,No,63,74,3,NotPlaced
8.1,2,3,2,9,4.1,Yes,Yes,75,81,0,Placed
8.6,1,3,2,9,4.8,Yes,Yes,74,84,0,Placed
8.2,1,3,2,9,4.4,Yes,Yes,72,87,0,Placed
7.5,2,2,1,8,4.6,Yes,Yes,71,85,1,Placed
7.4,0,1,2,8,3.8,Yes,Yes,72,87,4,NotPlaced
8.4,1,2,2,7,4.2,Yes,No,77,81,1,NotPlaced
6.5,1,1,0,6,4.3,No,No,58,69,2,NotPlaced
8.3,2,3,2,8,3.9,Yes,Yes,63,85,0,Placed
8.5,0,3,2,8,4.5,No,No,70,69,1,NotPlaced
6.6,0,3,0,8,4.7,Yes,Yes,62,86,2,Placed
7.5,1,1,0,7,4.3,No,No,57,78,0,Placed
7.6,1,3,1,8,4.5,Yes,Yes,84,80,0,Placed
7.8,0,3,0,8,4.4,Yes,Yes,77,83,2,NotPlaced
6.5,1,2,0,8,4.4,No,Yes,60,72,2,Placed
8.4,2,3,2,9,4.8,Yes,Yes,74,85,0,Placed
7.9,1,1,1,8,4.5,Yes,Yes,71,85,1,Placed
8.7,1,3,2,8,4.8,Yes,Yes,69,82,0,Placed
8.1,1,3,0,8,3.7,No,Yes,55,75,1,NotPlaced
7.5,0,1,1,6,4.1,No,Yes,70,64,3,NotPlaced
8.1,2,3,2,8,4.7,Yes,No,73,87,1,Placed
7.8,1,2,1,8,4.4,Yes,Yes,55,67,3,NotPlaced
8.3,1,3,2,8,4.8,Yes,Yes,73,85,1,Placed
8.1,0,3,2,8,4.8,Yes,Yes,79,88,1,NotPlaced
8.2,1,3,2,8,4.6,Yes,Yes,78,82,0,Placed
6.5,0,3,0,8,4.4,Yes,Yes,63,68,3,NotPlaced
7.5,1,2,0,7,3.8,No,Yes,55,84,4,NotPlaced
8.2,1,3,2,8,4.6,Yes,Yes,77,88,0,Placed
7.5,1,2,2,8,4.5,No,Yes,71,80,2,NotPlaced
7.7,0,2,0,6,3.9,No,No,55,65,4,NotPlaced
8.0,2,3,2,8,4.7,Yes,Yes,70,85,1,Placed
7.7,0,2,0,9,4.5,Yes,Yes,86,84,1,Placed
7.4,0,1,1,6,3.5,No,No,56,68,3,NotPlaced
7.4,1,2,1,6,3.2,No,No,55,68,3,NotPlaced
7.7,0,1,1,7,4.3,No,Yes,60,72,4,NotPlaced
7.0,0,2,1,6,4.7,No,Yes,55,62,4,NotPlaced
7.9,2,3,2,8,4.6,Yes,No,79,79,0,Placed
7.6,1,1,1,7,3.7,No,No,55,63,3,NotPlaced
8.2,1,3,2,8,4.7,Yes,Yes,73,78,0,Placed
8.5,1,3,2,9,4.8,Yes,Yes,79,87,1,Placed
7.9,2,3,2,8,4.7,Yes,No,77,80,0,Placed
7.9,2,1,1,8,4.2,Yes,Yes,79,70,1,Placed
6.8,1,1,1,8,3.9,Yes,No,71,62,4,NotPlaced
7.6,1,1,3,6,4.0,Yes,Yes,55,69,4,NotPlaced
7.3,1,1,0,6,4.4,No,No,57,61,3,NotPlaced
6.9,1,2,1,8,4.3,No,Yes,59,68,4,NotPlaced
8.3,2,2,1,8,4.6,Yes,Yes,80,81,1,Placed
8.3,1,3,0,8,4.7,Yes,Yes,77,86,1,Placed
7.5,0,3,0,6,4.3,Yes,Yes,79,84,4,NotPlaced
8.2,2,3,2,9,4.8,Yes,Yes,79,88,0,Placed
7.8,0,3,0,7,4.1,No,Yes,68,67,4,NotPlaced
7.7,0,2,1,8,3.8,Yes,Yes,82,65,2,NotPlaced
6.6,1,1,0,7,4.2,No,No,55,61,4,NotPlaced
8.0,2,3,2,9,4.8,Yes,Yes,90,86,0,Placed
8.4,2,3,2,9,4.4,Yes,Yes,83,81,1,Placed
8.2,2,3,2,9,4.8,Yes,Yes,85,81,1,Placed
7.5,0,2,1,8,4.1,Yes,Yes,68,68,4,NotPlaced
8.3,0,3,0,8,4.4,Yes,Yes,71,66,1,Placed
8.0,2,3,2,8,4.8,Yes,No,86,83,0,Placed
6.5,1,2,0,8,3.9,No,No,55,67,3,NotPlaced
7.4,1,2,1,8,4.2,Yes,Yes,59,74,1,Placed
6.5,1,1,0,7,4.2,No,Yes,57,71,3,NotPlaced
6.7,1,2,0,6,3.7,No,No,55,62,2,NotPlaced
8.8,1,3,2,9,4.8,Yes,Yes,85,81,0,Placed
8.2,2,3,2,9,4.8,Yes,Yes,88,80,0,Placed
7.3,1,3,3,9,4.7,Yes,Yes,90,82,1,Placed
8.6,2,3,2,8,4.8,Yes,No,55,67,1,NotPlaced
7.8,1,3,1,8,4.5,Yes,Yes,56,88,2,NotPlaced
8.6,1,3,2,8,4.8,Yes,Yes,73,86,0,Placed
8.5,1,3,2,8,4.8,Yes,Yes,84,87,0,Placed
8.1,2,3,2,9,4.8,Yes,Yes,86,87,1,Placed
7.7,1,3,1,7,4.4,Yes,Yes,70,84,0,Placed
8.5,1,0,0,8,4.1,No,No,57,71,1,NotPlaced
7.5,2,2,0,8,4.8,Yes,Yes,77,72,0,Placed
8.1,0,1,1,8,4.5,Yes,Yes,60,78,1,Placed
7.5,1,2,2,7,4.3,No,Yes,76,85,0,Placed
8.8,2,3,2,8,4.7,Yes,Yes,73,82,0,Placed
8.3,2,3,3,8,4.6,Yes,No,78,85,0,Placed
7.5,1,2,0,6,3.8,Yes,Yes,55,69,2,NotPlaced
8.2,1,2,0,7,4.8,No,Yes,56,66,1,NotPlaced
6.5,1,1,1,7,4.0,No,No,87,67,3,NotPlaced
7.6,0,1,1,6,3.9,No,No,65,58,4,NotPlaced
6.5,1,1,0,7,4.1,Yes,Yes,75,84,4,NotPlaced
8.6,2,3,2,9,4.8,Yes,No,82,87,0,Placed
7.8,0,1,1,6,4.1,No,No,55,68,3,NotPlaced
6.6,1,1,1,6,3.9,No,No,61,73,4,NotPlaced
8.5,1,2,2,8,4.6,Yes,Yes,73,75,1,Placed
7.3,1,1,0,7,4.2,No,Yes,55,66,2,NotPlaced
8.6,2,3,2,9,4.8,Yes,Yes,84,87,0,Placed
7.6,1,1,1,7,4.3,Yes,Yes,61,60,2,NotPlaced
8.2,2,3,2,9,4.8,Yes,Yes,79,86,0,Placed
7.5,0,2,1,7,4.4,Yes,Yes,55,73,0,Placed
8.8,1,2,2,8,4.8,Yes,Yes,68,87,0,Placed
7.9,1,3,1,7,4.6,Yes,Yes,57,68,4,NotPlaced
8.2,0,1,0,6,4.8,No,Yes,80,66,1,NotPlaced
8.3,2,3,2,8,4.7,Yes,Yes,79,82,0,Placed
6.9,1,1,1,7,3.6,No,No,71,57,3,NotPlaced
7.3,1,1,1,7,4.8,Yes,No,83,78,4,NotPlaced
7.6,1,1,1,6,3.4,No,No,60,62,4,NotPlaced
7.4,0,1,0,7,4.4,No,No,57,66,4,NotPlaced
8.5,2,3,2,9,4.2,Yes,No,73,83,0,Placed
8.2,2,3,2,7,3.9,Yes,Yes,78,69,1,NotPlaced
7.4,1,2,1,7,4.4,No,Yes,81,68,4,NotPlaced
7.5,1,2,2,8,4.8,Yes,Yes,74,86,2,NotPlaced
6.6,1,2,1,8,4.1,Yes,Yes,58,64,3,NotPlaced
8.4,2,3,2,9,4.8,Yes,Yes,87,80,1,Placed
8.4,2,3,2,9,4.5,Yes,Yes,73,82,1,Placed
7.2,0,2,0,8,3.9,Yes,No,69,64,1,Placed
8.1,2,3,2,8,4.8,Yes,Yes,78,80,1,NotPlaced
8.6,1,2,1,8,4.6,No,Yes,62,81,1,NotPlaced
8.3,2,3,2,9,4.8,Yes,Yes,76,80,0,Placed
7.6,0,3,0,7,4.5,Yes,Yes,72,84,4,NotPlaced
7.9,1,1,1,6,3.9,No,No,62,60,2,NotPlaced
8.3,0,3,1,9,4.6,Yes,Yes,87,88,1,Placed
7.6,1,1,0,6,4.5,No,No,57,62,2,NotPlaced
6.5,0,1,0,6,4.1,Yes,No,55,67,2,NotPlaced
6.5,0,2,1,6,3.8,No,No,63,62,3,NotPlaced
8.2,2,3,0,9,4.8,Yes,Yes,78,78,1,Placed
8.3,1,1,1,7,3.4,No,No,58,63,1,NotPlaced
8.0,2,3,2,9,4.6,Yes,Yes,81,88,0,Placed
8.3,1,3,2,7,4.5,Yes,Yes,79,74,0,Placed
7.5,1,3,2,6,3.6,Yes,Yes,78,69,0,Placed
8.3,1,3,0,8,4.1,No,Yes,76,70,1,NotPlaced
7.6,1,1,0,7,4.6,No,Yes,59,62,3,NotPlaced
7.7,1,1,0,7,3.8,No,Yes,75,58,4,NotPlaced
8.8,2,3,2,9,4.8,Yes,Yes,70,79,0,Placed
7.6,0,1,0,6,4.0,No,Yes,56,70,3,NotPlaced
6.5,1,2,1,6,3.7,No,Yes,55,66,4,NotPlaced
7.5,1,2,1,7,3.8,No,Yes,65,71,2,NotPlaced
7.8,2,3,0,9,4.8,Yes,Yes,78,83,0,Placed
7.6,1,3,1,8,4.6,Yes,Yes,79,82,4,NotPlaced
7.5,1,1,1,7,4.6,No,Yes,57,69,3,NotPlaced
6.5,1,3,1,7,4.8,No,Yes,65,65,4,NotPlaced
7.6,1,1,0,6,3.8,No,No,62,60,4,NotPlaced
8.5,2,3,2,9,4.7,Yes,Yes,78,84,0,Placed
7.8,2,1,0,8,4.0,No,Yes,55,69,4,NotPlaced
8.0,1,2,0,8,4.3,No,Yes,59,72,4,NotPlaced
8.0,1,2,0,7,4.4,Yes,Yes,61,70,1,Placed
8.2,2,3,3,8,4.8,Yes,Yes,82,80,1,Placed
7.5,1,2,1,7,3.7,No,Yes,55,70,4,NotPlaced
7.8,1,1,1,7,4.0,No,No,58,61,3,NotPlaced
6.6,0,2,0,6,3.8,No,Yes,55,70,4,NotPlaced
8.2,1,3,2,9,4.6,Yes,Yes,75,82,1,Placed
8.4,1,3,2,8,4.2,No,No,56,63,1,NotPlaced
8.3,0,3,2,8,4.7,Yes,Yes,77,83,0,Placed
6.9,1,3,1,8,4.5,Yes,Yes,77,84,2,Placed
7.6,1,2,0,7,3.8,No,Yes,76,64,2,NotPlaced
6.5,1,2,0,7,4.0,No,Yes,80,64,0,Placed
8.3,1,2,0,7,4.8,Yes,Yes,83,82,0,Placed
7.9,2,3,2,8,4.7,Yes,No,81,80,0,Placed
7.7,1,1,1,8,4.1,Yes,No,55,69,4,NotPlaced
8.5,2,3,3,7,4.1,Yes,Yes,69,86,1,NotPlaced
6.7,1,3,0,7,4.5,Yes,Yes,70,73,2,Placed
8.5,1,3,3,7,3.8,Yes,Yes,72,85,0,Placed
7.1,1,1,0,7,4.3,Yes,Yes,69,69,0,Placed
8.2,1,3,2,9,4.4,Yes,Yes,79,85,1,NotPlaced
7.9,2,3,2,7,4.1,No,Yes,76,87,2,NotPlaced
7.4,1,2,1,7,4.4,Yes,Yes,55,62,1,Placed
7.3,1,2,1,6,4.6,Yes,No,75,83,3,NotPlaced
7.6,1,1,0,7,4.5,No,No,69,74,3,NotPlaced
8.4,0,2,0,6,4.0,Yes,Yes,55,72,0,Placed
8.2,1,3,2,8,4.6,Yes,Yes,76,85,1,NotPlaced
6.6,2,3,0,7,3.9,Yes,Yes,55,81,4,NotPlaced
6.8,1,1,0,6,4.1,Yes,No,61,71,2,NotPlaced
7.7,1,1,0,8,4.2,Yes,Yes,79,84,0,Placed
8.3,2,3,2,7,4.0,Yes,Yes,55,70,1,NotPlaced
8.4,2,1,0,8,4.4,Yes,Yes,83,58,1,NotPlaced
7.9,0,3,2,8,4.5,No,Yes,79,80,2,NotPlaced
8.3,2,3,2,9,4.8,Yes,Yes,81,81,1,Placed
7.1,1,2,2,8,4.8,Yes,Yes,70,84,4,NotPlaced
6.8,1,2,0,8,4.2,Yes,Yes,72,84,4,NotPlaced
6.6,1,1,0,8,4.4,Yes,Yes,68,69,2,Placed
7.9,1,1,1,7,3.4,No,No,62,71,4,NotPlaced
7.4,1,1,1,8,3.7,No,No,56,75,2,NotPlaced
8.2,0,3,2,7,4.6,Yes,Yes,85,62,1,Placed
8.0,2,3,2,9,4.3,No,Yes,67,86,1,Placed
8.8,2,2,2,8,4.8,Yes,Yes,86,85,1,NotPlaced
6.5,1,2,0,8,3.8,No,Yes,55,60,4,NotPlaced
6.6,0,1,0,7,4.8,No,No,62,72,3,NotPlaced
8.5,0,3,2,9,4.7,Yes,No,84,60,1,Placed
6.8,1,2,0,7,4.3,No,Yes,79,62,0,Placed
7.7,1,2,0,7,4.2,Yes,Yes,55,69,1,Placed
7.5,1,3,1,7,4.7,Yes,Yes,78,68,0,Placed
7.8,1,1,0,7,3.8,Yes,Yes,58,61,4,NotPlaced
7.9,2,3,2,9,4.7,Yes,Yes,77,84,0,Placed
8.7,2,3,0,7,4.3,No,Yes,64,66,0,Placed
8.5,1,1,0,7,4.0,No,Yes,61,63,1,NotPlaced
8.0,1,2,0,9,4.7,Yes,Yes,73,80,0,Placed
8.0,2,1,0,9,4.3,No,Yes,71,83,2,NotPlaced
7.8,1,1,0,6,4.3,Yes,Yes,56,72,3,NotPlaced
6.5,1,2,0,7,4.5,No,Yes,55,67,2,NotPlaced
7.8,1,1,2,8,4.2,Yes,Yes,55,86,2,NotPlaced
6.5,1,2,1,7,4.6,Yes,Yes,62,72,4,NotPlaced
7.9,1,2,1,7,4.4,Yes,No,83,64,3,NotPlaced
6.9,2,1,2,8,4.7,Yes,Yes,78,81,1,Placed
7.9,2,3,2,9,4.8,Yes,Yes,86,79,0,Placed
6.5,1,2,0,7,4.1,Yes,Yes,81,83,2,Placed
7.6,1,1,0,8,4.5,No,Yes,63,81,0,Placed
7.8,1,2,0,7,4.4,Yes,Yes,55,69,4,NotPlaced
6.7,0,1,1,8,4.1,No,Yes,81,64,4,NotPlaced
6.5,1,2,0,7,3.9,No,Yes,63,63,4,NotPlaced
8.5,2,3,2,9,4.6,Yes,Yes,79,81,0,Placed
8.1,1,2,1,7,3.7,No,Yes,69,82,1,NotPlaced
7.7,0,1,0,6,3.8,No,Yes,57,66,2,NotPlaced
7.7,0,1,0,8,4.4,Yes,Yes,76,68,3,NotPlaced
7.8,1,3,2,8,4.6,Yes,Yes,66,84,0,Placed
8.3,1,1,1,7,3.9,Yes,Yes,55,73,0,Placed
8.5,1,3,2,9,4.7,Yes,Yes,75,86,0,Placed
8.1,0,1,1,7,3.7,No,Yes,57,69,1,NotPlaced
6.6,1,3,0,7,4.2,No,No,55,66,2,NotPlaced
7.4,0,1,1,6,3.8,No,No,62,64,4,NotPlaced
8.1,1,3,2,6,4.6,Yes,Yes,55,80,1,NotPlaced
8.4,2,3,2,9,4.8,Yes,Yes,85,82,0,Placed
7.0,1,1,1,6,4.0,Yes,Yes,76,65,3,NotPlaced
6.8,1,2,1,7,4.3,Yes,No,86,71,4,NotPlaced
7.7,0,2,1,8,4.6,Yes,Yes,59,72,2,NotPlaced
8.7,2,3,2,9,4.3,Yes,Yes,84,86,0,Placed
8.2,1,1,1,6,4.2,No,No,58,62,1,NotPlaced
8.1,0,1,0,8,4.3,No,No,55,61,1,NotPlaced
8.4,1,3,0,7,4.6,No,Yes,70,69,1,NotPlaced
8.2,1,3,2,7,4.8,Yes,Yes,71,82,0,Placed
7.6,2,3,1,7,4.2,Yes,Yes,81,63,3,NotPlaced
8.9,1,3,1,7,4.5,Yes,Yes,62,81,0,Placed
7.7,1,2,0,8,4.1,Yes,Yes,73,62,2,NotPlaced
7.4,1,1,0,7,3.9,No,Yes,55,59,3,NotPlaced
8.2,2,3,2,9,4.5,Yes,Yes,74,81,1,Placed
8.0,2,2,2,8,4.5,Yes,Yes,76,85,0,Placed
8.3,0,3,2,9,4.3,Yes,Yes,63,88,1,Placed
7.5,0,3,0,8,4.0,No,Yes,71,86,2,NotPlaced
8.7,2,2,2,9,4.7,Yes,Yes,76,85,0,Placed
8.1,0,2,0,7,4.0,No,No,58,68,1,NotPlaced
8.2,2,3,2,9,4.8,Yes,Yes,85,80,1,Placed
8.5,2,3,2,9,4.8,Yes,Yes,90,83,0,Placed
8.0,1,3,2,7,4.8,Yes,Yes,83,85,0,Placed
7.2,1,1,1,7,4.0,No,Yes,55,69,0,Placed
7.2,1,3,0,7,4.6,No,Yes,75,75,3,NotPlaced
7.1,2,3,0,7,3.5,Yes,No,69,69,2,NotPlaced
8.0,2,3,2,8,4.8,Yes,Yes,86,81,1,Placed
8.4,2,3,1,8,4.7,Yes,Yes,80,82,1,Placed
8.0,2,3,2,9,4.8,Yes,Yes,82,81,0,Placed
8.1,2,3,2,8,4.6,Yes,Yes,83,88,0,Placed
6.5,1,1,0,6,3.6,No,Yes,63,65,4,NotPlaced
8.3,0,2,2,7,3.8,Yes,Yes,55,74,1,NotPlaced
8.1,2,3,2,9,4.7,Yes,Yes,77,84,0,Placed
7.8,0,2,0,7,4.3,No,No,56,64,4,NotPlaced
7.4,2,1,2,7,4.3,No,Yes,76,67,2,NotPlaced
7.9,1,1,1,7,4.0,No,No,55,61,3,NotPlaced
6.7,2,2,0,6,4.7,No,No,66,62,4,NotPlaced
7.2,1,1,0,8,4.3,No,Yes,63,67,3,NotPlaced
8.3,2,1,1,8,4.0,Yes,Yes,55,70,1,Placed
8.1,1,2,1,8,4.4,Yes,Yes,76,85,1,Placed
7.5,1,3,0,8,4.3,Yes,Yes,73,73,3,NotPlaced
8.2,2,1,2,8,4.0,Yes,Yes,83,86,1,NotPlaced
8.3,1,2,1,8,4.8,Yes,Yes,67,82,1,Placed
7.6,1,1,0,7,4.0,No,Yes,62,69,4,NotPlaced
7.5,1,1,1,7,4.6,No,Yes,55,65,3,NotPlaced
8.7,1,3,0,9,4.2,Yes,Yes,71,68,0,Placed
7.6,0,2,0,8,4.2,No,No,74,69,2,NotPlaced
7.6,1,1,0,8,4.2,Yes,Yes,55,57,0,Placed
7.6,0,1,1,7,4.5,No,No,65,68,4,NotPlaced
8.3,2,2,0,8,4.0,Yes,No,75,82,0,Placed
7.6,0,2,1,6,4.3,No,Yes,55,60,3,NotPlaced
8.0,2,3,1,8,4.7,Yes,Yes,87,86,0,Placed
8.4,1,3,1,8,4.5,Yes,Yes,75,88,0,Placed
8.4,2,3,2,8,4.8,Yes,No,79,82,1,NotPlaced
7.5,2,1,0,7,3.4,Yes,No,84,65,4,NotPlaced
6.5,1,1,0,8,3.9,No,Yes,55,70,4,NotPlaced
7.6,1,2,1,7,4.2,No,Yes,73,85,1,Placed
7.6,1,2,0,7,4.6,No,Yes,59,60,3,NotPlaced
8.0,1,3,0,8,4.3,Yes,Yes,72,71,3,NotPlaced
7.6,0,2,0,7,4.0,Yes,Yes,55,70,2,NotPlaced
8.6,1,3,2,9,4.8,Yes,Yes,74,87,0,Placed
7.2,1,2,2,7,3.6,No,No,60,75,2,NotPlaced
7.6,1,3,2,7,4.2,No,No,55,60,3,NotPlaced
7.5,1,3,1,8,4.8,Yes,Yes,80,86,2,NotPlaced
7.6,0,2,1,8,4.6,No,Yes,72,64,0,Placed
7.0,1,3,0,9,4.2,No,Yes,72,84,3,Placed
8.0,1,3,3,9,4.7,Yes,Yes,68,85,1,Placed
7.4,1,1,0,7,4.0,No,Yes,55,67,2,NotPlaced
8.1,2,3,0,9,4.4,No,Yes,78,86,0,Placed
8.1,1,1,0,7,4.4,Yes,Yes,73,88,1,NotPlaced
7.4,0,1,1,6,4.5,Yes,No,55,68,2,NotPlaced
6.8,1,2,0,6,3.7,No,Yes,57,71,2,NotPlaced
6.9,1,3,0,7,4.8,Yes,Yes,80,80,0,Placed
8.2,1,3,2,8,4.8,Yes,No,90,85,0,Placed
8.0,1,2,2,8,4.7,Yes,Yes,75,73,0,Placed
7.7,1,1,1,6,3.9,No,No,55,66,4,NotPlaced
8.5,1,3,0,7,3.9,Yes,Yes,64,61,1,NotPlaced
8.1,2,3,1,7,4.0,Yes,No,61,82,1,NotPlaced
8.1,2,3,0,7,3.5,Yes,Yes,70,64,1,NotPlaced
6.7,0,3,0,7,4.6,No,No,55,64,3,NotPlaced
8.4,1,2,1,8,4.3,Yes,Yes,72,67,1,NotPlaced
8.2,1,0,2,9,4.7,Yes,Yes,73,88,1,Placed
7.5,1,2,0,7,4.4,No,Yes,77,69,0,Placed
7.4,1,3,2,7,4.6,Yes,Yes,82,66,3,NotPlaced
8.4,0,2,2,8,4.1,Yes,Yes,75,63,0,Placed
8.2,1,2,2,8,4.3,Yes,No,79,80,1,Placed
6.5,0,1,1,7,4.2,No,Yes,55,63,4,NotPlaced
7.5,2,1,0,7,4.6,Yes,No,73,79,4,NotPlaced
8.4,2,1,1,7,3.9,Yes,Yes,57,62,1,NotPlaced
7.6,1,2,2,8,3.9,No,No,55,82,1,Placed
8.9,2,3,2,9,4.7,Yes,Yes,81,87,0,Placed
6.6,1,1,0,7,3.9,No,No,55,70,2,NotPlaced
8.7,2,3,2,9,4.8,Yes,Yes,83,85,0,Placed
8.7,1,3,2,8,4.7,Yes,Yes,79,81,0,Placed
8.5,2,3,2,9,4.8,Yes,Yes,72,85,1,Placed
8.5,2,3,2,8,4.4,Yes,Yes,88,85,0,Placed
7.4,1,3,1,7,4.1,No,Yes,87,64,1,Placed
7.5,1,1,0,7,4.4,No,No,68,69,4,NotPlaced
7.8,1,1,0,7,3.8,No,No,55,57,3,NotPlaced
8.6,1,2,2,8,4.3,Yes,Yes,82,83,0,Placed
7.7,1,2,2,9,4.7,Yes,Yes,58,85,1,Placed
8.3,2,3,0,9,4.8,Yes,Yes,87,79,0,Placed
7.4,1,1,1,6,3.9,No,No,63,61,4,NotPlaced
7.8,1,2,0,8,4.7,No,Yes,55,85,3,NotPlaced
8.5,0,2,0,9,4.4,Yes,Yes,79,61,1,Placed
7.5,1,2,1,7,4.4,No,Yes,70,75,2,NotPlaced
8.3,0,3,0,8,4.5,Yes,Yes,69,78,1,Placed
6.7,1,2,1,8,4.5,No,Yes,59,62,2,NotPlaced
7.7,1,3,2,8,4.8,No,Yes,55,73,2,NotPlaced
7.5,1,1,3,7,4.6,Yes,Yes,80,65,1,Placed
6.6,1,3,0,8,4.7,Yes,Yes,83,84,0,Placed
6.6,1,3,2,7,4.5,Yes,Yes,60,71,2,Placed
8.2,2,3,0,8,4.7,Yes,Yes,72,87,1,Placed
7.8,1,1,0,8,4.0,Yes,Yes,59,75,3,NotPlaced
8.0,1,1,1,7,4.6,Yes,No,66,67,4,NotPlaced
6.5,1,1,0,6,4.1,No,No,63,68,3,NotPlaced
7.7,1,3,0,7,4.7,No,Yes,73,67,1,Placed
8.6,2,3,1,9,4.3,Yes,Yes,71,82,0,Placed
6.5,1,1,0,6,4.3,No,No,61,70,4,NotPlaced
6.9,1,1,0,6,3.8,No,No,70,60,3,NotPlaced
6.5,1,2,1,7,3.9,No,Yes,57,71,3,NotPlaced
6.5,1,3,1,7,3.5,No,Yes,75,72,4,NotPlaced
6.5,1,3,1,7,3.2,No,No,79,76,2,NotPlaced
8.4,1,3,2,7,4.5,Yes,Yes,79,62,1,NotPlaced
8.5,2,3,2,8,4.7,Yes,Yes,87,80,0,Placed
7.2,1,3,0,6,4.4,No,No,84,82,3,NotPlaced
7.6,1,1,0,8,3.3,Yes,Yes,57,65,2,NotPlaced
7.0,1,2,2,8,3.9,No,No,62,64,3,NotPlaced
8.1,1,2,1,6,4.8,Yes,Yes,76,74,1,Placed
7.5,2,2,1,6,4.0,Yes,Yes,55,68,3,NotPlaced
8.6,0,2,1,7,3.8,Yes,Yes,69,86,0,Placed
7.3,1,3,1,7,3.3,No,Yes,72,69,3,NotPlaced
8.9,1,2,1,7,4.8,Yes,Yes,76,81,0,Placed
8.1,1,1,1,8,4.5,No,Yes,73,69,1,NotPlaced
7.6,0,1,0,7,4.6,No,Yes,77,64,0,Placed
7.6,1,2,0,8,4.7,No,Yes,55,87,4,NotPlaced
7.3,1,1,0,7,3.9,No,No,55,61,3,NotPlaced
6.5,1,1,0,6,4.3,Yes,No,60,66,2,NotPlaced
8.4,0,1,3,8,4.3,Yes,Yes,71,74,1,NotPlaced
8.1,2,3,2,9,4.8,Yes,Yes,79,87,0,Placed
7.8,1,2,0,7,3.6,Yes,Yes,60,64,2,NotPlaced
8.3,1,3,0,8,4.4,Yes,Yes,82,80,1,Placed
6.7,1,1,1,6,4.0,No,Yes,55,69,2,NotPlaced
8.0,0,1,0,8,4.5,No,No,75,82,2,NotPlaced
7.1,1,2,0,8,4.2,Yes,Yes,69,72,1,Placed
8.5,1,2,1,7,4.7,Yes,No,72,65,1,NotPlaced
6.6,1,1,0,9,3.9,No,Yes,55,66,2,NotPlaced
7.4,0,1,0,7,3.7,No,Yes,62,68,3,NotPlaced
7.4,1,2,0,8,4.6,No,Yes,60,68,0,Placed
7.8,1,1,0,6,4.1,No,Yes,61,82,3,NotPlaced
8.5,2,3,2,9,4.8,Yes,Yes,80,82,0,Placed
6.5,1,2,0,7,4.3,No,No,59,72,3,NotPlaced
8.1,0,3,1,9,4.7,Yes,Yes,81,86,1,NotPlaced
8.6,0,3,0,9,4.0,Yes,No,75,85,1,NotPlaced
8.4,2,1,0,8,4.6,Yes,Yes,57,82,1,NotPlaced
7.5,1,1,0,7,4.3,No,Yes,71,69,3,NotPlaced
8.1,0,3,0,9,4.5,Yes,No,78,85,1,Placed
7.6,0,1,0,8,4.2,No,Yes,55,70,3,NotPlaced
7.8,0,1,1,7,3.9,No,No,55,74,4,NotPlaced
7.4,0,1,0,6,3.9,No,No,55,61,3,NotPlaced
8.3,0,1,1,7,4.7,Yes,Yes,79,82,1,Placed
6.5,0,1,0,6,4.5,No,No,66,74,4,NotPlaced
7.9,1,1,1,7,4.3,No,No,55,82,4,NotPlaced
8.1,1,2,0,6,4.7,No,Yes,67,87,1,Placed
7.1,1,1,1,6,4.2,No,No,55,65,4,NotPlaced
7.6,1,2,0,7,4.2,Yes,Yes,58,72,2,NotPlaced
6.5,1,2,0,7,4.4,No,No,55,61,4,NotPlaced
7.2,1,1,1,6,3.7,No,No,65,70,3,NotPlaced
6.7,0,1,0,7,3.8,No,Yes,61,62,4,NotPlaced
7.0,0,1,1,6,3.8,No,No,55,65,3,NotPlaced
6.5,2,1,2,8,4.6,Yes,No,57,66,1,Placed
7.5,0,1,0,6,3.5,No,No,55,63,4,NotPlaced
7.6,1,1,0,6,4.1,Yes,No,55,65,2,NotPlaced
6.7,1,1,2,6,3.5,No,No,77,58,2,NotPlaced
6.7,0,1,0,8,3.8,No,No,67,63,2,NotPlaced
8.4,2,2,2,7,3.4,No,Yes,59,81,1,NotPlaced
8.5,1,3,2,8,4.8,Yes,Yes,81,86,0,Placed
8.8,2,2,2,7,3.9,Yes,No,87,81,1,NotPlaced
8.2,1,2,0,6,3.9,Yes,Yes,68,63,1,NotPlaced
6.7,0,3,1,6,4.2,Yes,No,63,63,4,NotPlaced
8.0,1,1,0,8,4.4,Yes,Yes,70,71,2,NotPlaced
7.3,1,2,1,8,3.4,No,Yes,63,74,4,NotPlaced
8.2,2,3,3,9,4.2,Yes,Yes,78,77,1,NotPlaced
8.1,2,3,0,7,4.3,Yes,Yes,82,84,1,NotPlaced
7.6,1,2,0,7,3.8,No,No,71,64,4,NotPlaced
6.8,1,1,1,6,4.1,No,No,59,66,2,NotPlaced
8.2,0,1,2,7,4.3,No,No,68,68,1,NotPlaced
7.5,1,1,1,6,4.3,No,No,61,67,4,NotPlaced
8.5,1,3,2,8,4.8,Yes,Yes,82,83,1,Placed
8.1,2,3,0,8,4.6,Yes,Yes,78,67,1,Placed
6.7,1,2,0,7,4.3,No,No,57,80,4,NotPlaced
8.8,0,1,0,8,4.5,No,Yes,58,69,0,Placed
8.3,2,3,2,9,4.5,Yes,Yes,82,85,1,Placed
7.9,1,3,1,7,4.3,Yes,Yes,84,85,1,Placed
8.0,0,1,0,7,3.6,No,Yes,67,84,3,NotPlaced
7.8,2,2,2,8,4.7,Yes,Yes,82,80,1,Placed
7.8,2,3,2,9,4.8,Yes,Yes,77,86,0,Placed
7.4,1,1,0,6,3.8,No,Yes,62,70,3,NotPlaced
8.2,1,1,2,8,3.4,No,Yes,80,71,1,NotPlaced
6.5,2,2,1,7,3.9,Yes,Yes,60,68,4,NotPlaced
7.7,1,3,2,8,4.7,Yes,Yes,83,86,4,NotPlaced
8.3,2,3,2,9,4.8,Yes,Yes,73,87,1,Placed
7.5,1,2,1,6,4.2,No,Yes,70,64,4,NotPlaced
7.8,2,3,1,8,4.8,Yes,Yes,79,83,0,Placed
7.7,0,1,1,7,4.0,No,Yes,62,65,4,NotPlaced
8.2,2,3,2,8,4.8,Yes,Yes,85,81,1,Placed
7.4,1,1,2,8,4.6,Yes,Yes,68,85,0,Placed
8.4,1,3,0,8,4.7,No,Yes,55,87,1,NotPlaced
8.2,2,3,2,9,4.8,Yes,Yes,73,78,0,Placed
7.8,1,2,1,7,4.3,Yes,Yes,59,71,1,Placed
7.6,1,1,0,7,4.2,No,No,55,62,4,NotPlaced
7.5,1,2,0,7,4.7,No,Yes,59,73,2,NotPlaced
7.5,1,2,1,7,4.5,No,Yes,61,70,2,NotPlaced
7.6,1,3,1,9,4.5,Yes,Yes,70,80,3,NotPlaced
7.4,1,2,0,7,4.1,Yes,Yes,66,68,2,NotPlaced
8.3,1,1,2,7,3.7,Yes,Yes,82,76,1,Placed
7.6,1,1,0,8,4.0,No,No,55,70,2,NotPlaced
8.0,0,3,2,8,4.8,Yes,No,73,82,0,Placed
8.3,1,3,2,9,4.8,Yes,Yes,83,88,0,Placed
7.7,1,1,0,6,3.9,No,No,65,68,0,Placed
7.5,1,1,1,6,3.4,No,Yes,59,71,4,NotPlaced
7.4,0,1,0,7,4.5,No,Yes,55,75,2,NotPlaced
8.4,0,1,0,7,4.2,Yes,Yes,55,85,1,Placed
7.0,1,1,1,6,3.7,Yes,Yes,55,73,2,NotPlaced
8.3,2,3,2,9,4.8,Yes,Yes,78,83,1,Placed
7.5,1,1,1,7,3.9,No,Yes,77,67,3,NotPlaced
7.7,1,3,2,8,4.4,Yes,Yes,83,67,1,Placed
8.3,2,3,2,9,4.7,No,Yes,71,73,0,Placed
7.5,1,1,1,7,4.1,Yes,No,77,67,4,NotPlaced
7.6,2,1,3,6,3.7,No,Yes,55,68,3,NotPlaced
8.1,1,3,2,9,4.3,Yes,Yes,73,86,1,Placed
7.9,1,3,1,8,4.8,Yes,No,79,87,1,Placed
8.4,1,1,2,7,4.1,No,Yes,73,79,1,NotPlaced
8.0,1,3,0,8,4.3,Yes,Yes,81,77,1,Placed
7.5,1,2,0,7,4.4,Yes,Yes,67,62,1,Placed
7.7,0,2,0,7,4.0,No,Yes,55,66,2,NotPlaced
7.6,1,1,0,7,3.9,Yes,Yes,55,78,0,Placed
7.6,1,1,0,6,4.1,No,No,67,73,4,NotPlaced
6.5,0,2,0,7,4.4,Yes,Yes,55,71,3,NotPlaced
8.4,0,3,2,9,4.6,Yes,Yes,66,84,1,NotPlaced
7.8,0,1,1,7,4.3,No,No,60,68,0,Placed
8.4,0,3,2,7,4.8,No,Yes,85,65,0,Placed
8.5,2,3,2,9,4.8,Yes,Yes,82,70,0,Placed
8.0,0,3,3,7,4.5,Yes,Yes,71,81,0,Placed
7.5,1,1,0,8,3.8,Yes,Yes,56,58,2,NotPlaced
7.0,1,2,2,9,4.5,Yes,Yes,55,82,5,Placed
7.6,0,1,1,6,4.5,No,No,55,71,1,Placed
7.6,1,1,0,6,4.2,No,Yes,73,65,4,NotPlaced
7.4,1,3,0,8,4.8,Yes,Yes,72,85,0,Placed
7.9,1,1,0,8,4.8,Yes,Yes,89,85,1,Placed
8.3,2,3,0,8,3.9,Yes,Yes,55,86,1,Placed
6.7,0,3,0,7,4.7,Yes,No,89,67,3,NotPlaced
7.2,1,3,2,8,4.8,Yes,Yes,81,88,0,Placed
8.2,2,3,2,8,4.5,Yes,Yes,87,63,1,Placed
7.7,1,1,1,7,4.1,No,No,57,71,3,NotPlaced
7.5,0,1,0,8,4.4,No,No,66,67,2,NotPlaced
8.2,1,3,1,8,4.8,Yes,Yes,72,82,1,Placed
8.2,1,2,0,8,4.2,Yes,Yes,81,80,1,NotPlaced
7.5,1,1,0,7,3.7,Yes,Yes,69,84,4,NotPlaced
6.8,1,2,1,7,3.7,No,Yes,56,62,4,NotPlaced
6.5,0,1,1,6,3.6,No,No,55,70,4,NotPlaced
7.5,1,1,1,8,4.6,No,Yes,55,65,3,NotPlaced
8.5,2,3,2,9,4.6,Yes,Yes,74,85,1,Placed
7.5,1,1,1,8,4.1,No,Yes,55,65,4,NotPlaced
7.7,1,1,0,6,4.3,No,Yes,65,67,3,NotPlaced
7.3,1,2,0,6,3.8,No,Yes,59,57,3,NotPlaced
6.5,1,1,1,7,4.2,No,No,55,57,3,NotPlaced
7.9,0,1,0,8,4.3,Yes,Yes,73,81,3,NotPlaced
8.0,2,2,2,7,4.8,Yes,No,76,80,2,NotPlaced
8.4,2,3,3,9,4.6,Yes,Yes,70,78,0,Placed
7.1,2,1,2,7,4.1,Yes,Yes,61,68,2,NotPlaced
7.7,2,1,1,7,3.5,Yes,Yes,66,67,0,Placed
6.6,1,1,1,7,4.3,No,No,63,74,2,NotPlaced
8.4,0,3,0,8,4.6,Yes,Yes,57,71,1,Placed
8.4,1,3,0,8,4.1,Yes,Yes,80,75,1,NotPlaced
8.5,2,3,2,9,4.8,Yes,Yes,83,87,0,Placed
8.4,2,1,2,8,4.5,Yes,Yes,60,85,1,NotPlaced
7.0,0,2,1,7,3.9,No,No,64,59,3,NotPlaced
8.4,2,2,0,9,4.1,Yes,Yes,76,78,1,NotPlaced
6.8,1,1,0,7,4.2,No,Yes,58,73,2,NotPlaced
7.6,1,3,1,7,4.1,Yes,No,63,87,1,Placed
7.8,2,3,2,8,4.4,Yes,No,87,80,4,NotPlaced
8.1,2,2,1,6,4.8,Yes,No,56,68,1,NotPlaced
7.5,1,1,0,8,4.2,No,Yes,55,59,2,NotPlaced
8.3,2,3,2,9,4.4,Yes,Yes,84,86,1,Placed
8.3,1,2,2,7,4.5,No,Yes,74,70,0,Placed
8.2,1,3,2,8,4.4,Yes,Yes,70,83,0,Placed
7.4,1,3,2,8,4.5,Yes,Yes,73,83,3,NotPlaced
7.5,1,1,1,8,4.4,No,Yes,56,63,3,NotPlaced
7.6,0,2,1,8,4.4,Yes,Yes,70,63,1,Placed
6.7,1,1,1,7,3.8,No,No,65,71,3,NotPlaced
7.8,2,3,1,7,3.9,Yes,Yes,82,64,4,NotPlaced
7.4,0,1,1,6,4.7,No,Yes,76,71,4,NotPlaced
8.6,1,3,0,7,4.4,Yes,Yes,86,81,0,Placed
8.1,2,3,2,9,4.8,Yes,Yes,72,83,0,Placed
7.6,2,1,1,8,4.4,No,Yes,59,75,3,NotPlaced
7.4,1,3,1,7,4.4,No,Yes,55,74,3,NotPlaced
8.3,2,2,0,9,4.3,Yes,Yes,61,71,0,Placed
7.6,0,3,0,8,4.3,No,Yes,64,83,0,Placed
7.9,2,3,2,9,4.8,Yes,No,88,77,1,Placed
8.4,2,3,2,8,4.5,Yes,Yes,75,87,0,Placed
8.4,0,3,2,8,3.7,Yes,Yes,76,85,0,Placed
8.5,1,3,2,9,4.8,Yes,Yes,88,87,1,NotPlaced
8.5,2,3,2,9,4.3,Yes,Yes,79,83,1,Placed
7.5,1,1,0,8,4.5,No,No,55,70,3,NotPlaced
8.8,1,3,2,8,4.4,Yes,Yes,77,76,0,Placed
8.3,1,3,1,6,4.3,No,No,78,71,1,NotPlaced
8.1,1,1,0,7,4.2,No,Yes,75,83,0,Placed
8.2,1,1,2,8,4.8,Yes,Yes,79,82,0,Placed
8.3,1,1,0,8,3.6,No,Yes,80,75,1,NotPlaced
6.7,1,1,0,7,4.5,No,No,58,59,4,NotPlaced
7.1,1,1,1,7,4.2,Yes,Yes,81,82,1,Placed
7.4,1,2,0,7,3.5,No,Yes,62,60,4,NotPlaced
8.4,0,3,0,8,4.5,Yes,Yes,85,67,0,Placed
8.0,2,1,2,8,3.9,No,No,64,70,1,Placed
8.4,2,3,2,8,4.8,Yes,Yes,87,83,0,Placed
7.8,1,1,0,7,4.6,No,No,76,63,2,NotPlaced
8.9,2,2,0,9,4.8,Yes,Yes,72,87,0,Placed
8.2,2,3,1,9,4.8,Yes,Yes,84,78,0,Placed
7.6,0,1,1,6,4.1,No,No,63,64,2,NotPlaced
8.7,2,3,2,7,4.8,Yes,Yes,85,75,0,Placed
7.2,1,2,0,7,4.2,Yes,Yes,73,70,0,Placed
8.4,2,3,0,8,4.4,Yes,Yes,85,82,0,Placed
7.5,1,1,0,6,4.0,No,No,58,71,3,NotPlaced
7.4,1,2,0,7,4.5,No,No,68,73,4,NotPlaced
6.7,1,1,0,8,3.7,No,Yes,55,58,4,NotPlaced
7.0,1,2,1,8,3.9,No,Yes,57,64,4,NotPlaced
7.8,1,3,2,8,4.8,Yes,No,78,77,0,Placed
8.1,2,3,2,9,4.6,Yes,Yes,77,81,0,Placed
7.5,1,1,0,6,4.5,No,No,64,66,2,NotPlaced
7.4,1,1,0,7,3.8,No,Yes,55,73,2,NotPlaced
6.6,0,1,0,6,4.2,No,No,61,70,3,NotPlaced
6.6,0,1,1,7,3.5,No,Yes,80,66,2,NotPlaced
8.3,1,3,2,9,4.3,Yes,Yes,80,84,0,Placed
6.7,1,1,0,7,3.7,No,Yes,56,68,4,NotPlaced
9.0,2,3,2,8,4.4,Yes,Yes,77,80,1,NotPlaced
8.1,1,3,2,9,4.7,No,Yes,72,88,1,Placed
7.5,1,1,0,7,4.8,No,Yes,68,68,4,NotPlaced
8.2,1,2,0,8,4.1,No,Yes,58,85,1,NotPlaced
7.7,1,1,0,7,3.3,No,Yes,57,73,4,NotPlaced
8.2,2,3,2,7,4.8,Yes,Yes,83,83,0,Placed
7.5,0,1,0,7,4.0,No,No,55,71,3,NotPlaced
6.8,1,3,2,7,4.4,Yes,Yes,71,87,0,Placed
8.4,0,3,0,9,4.5,Yes,Yes,71,83,1,Placed
7.7,1,3,2,8,4.8,Yes,Yes,70,88,0,Placed
8.2,2,1,0,8,4.7,Yes,Yes,63,72,1,Placed
8.3,1,3,2,7,4.7,Yes,Yes,76,78,1,NotPlaced
6.6,2,2,2,7,3.6,No,No,63,69,4,NotPlaced
8.6,2,1,3,8,4.5,Yes,Yes,83,81,0,Placed
6.5,1,2,1,7,3.9,No,Yes,77,71,2,NotPlaced
7.5,1,3,1,7,4.4,No,Yes,76,85,3,NotPlaced
8.2,2,3,0,8,4.3,Yes,Yes,83,84,1,Placed
7.2,1,2,1,7,4.1,No,No,73,65,3,NotPlaced
7.6,1,1,1,8,4.1,No,No,57,64,3,NotPlaced
6.5,1,1,0,6,4.4,No,Yes,61,73,4,NotPlaced
7.4,1,2,0,7,4.2,No,Yes,79,71,1,Placed
8.6,1,2,1,7,4.1,No,Yes,55,68,1,NotPlaced
7.7,2,3,0,8,4.8,Yes,Yes,73,83,1,Placed
7.6,1,2,2,8,4.5,No,Yes,77,71,1,Placed
8.6,1,3,3,9,4.8,Yes,Yes,72,85,0,Placed
7.3,1,1,0,7,3.8,Yes,No,61,64,2,NotPlaced
7.7,2,1,0,7,4.1,Yes,Yes,78,68,0,Placed
7.8,1,3,0,8,4.2,Yes,No,60,86,0,Placed
8.4,2,1,0,7,4.6,No,Yes,55,60,1,NotPlaced
7.5,1,3,0,8,4.2,Yes,Yes,82,69,0,Placed
7.5,2,3,2,8,4.5,Yes,Yes,77,67,2,NotPlaced
7.8,1,3,2,8,4.6,Yes,No,76,81,1,Placed
6.5,1,1,1,6,4.7,No,No,59,73,3,NotPlaced
6.8,1,2,2,7,4.0,Yes,Yes,62,69,4,NotPlaced
7.5,1,1,0,7,3.6,Yes,No,61,71,0,Placed
7.9,1,1,0,7,4.5,Yes,Yes,56,70,1,Placed
7.4,2,3,0,8,4.0,No,Yes,79,62,3,NotPlaced
8.4,1,1,1,7,3.7,Yes,Yes,55,63,1,NotPlaced
7.6,0,1,1,7,3.5,Yes,Yes,67,63,1,Placed
8.3,1,3,0,8,4.6,Yes,Yes,73,88,1,NotPlaced
7.2,2,1,1,8,4.0,Yes,Yes,77,83,3,NotPlaced
8.3,1,3,1,8,4.8,Yes,Yes,79,84,1,Placed
6.6,1,1,1,8,3.5,No,No,70,72,4,NotPlaced
8.4,0,3,1,9,4.5,Yes,Yes,75,82,1,Placed
8.2,0,2,1,6,3.5,No,Yes,58,64,1,NotPlaced
8.0,2,3,1,7,4.5,Yes,Yes,79,80,1,Placed
8.4,2,3,2,9,4.6,Yes,Yes,69,82,1,Placed
8.4,1,3,2,8,4.8,Yes,Yes,80,88,0,Placed
7.3,1,2,1,6,3.9,No,No,56,65,4,NotPlaced
6.5,1,2,2,8,4.7,Yes,Yes,77,69,2,Placed
7.4,0,2,1,7,4.6,No,Yes,61,67,4,NotPlaced
8.3,2,3,2,9,4.7,Yes,Yes,73,74,1,Placed
8.3,2,2,1,6,4.0,No,Yes,55,65,0,Placed
7.8,1,1,2,7,3.8,No,Yes,60,81,4,NotPlaced
8.2,2,3,2,9,4.6,Yes,Yes,85,85,0,Placed
8.2,1,3,1,8,3.9,No,No,79,68,1,NotPlaced
7.7,1,1,0,7,4.1,No,Yes,55,64,4,NotPlaced
6.5,1,3,2,7,4.3,Yes,Yes,55,68,1,Placed
8.3,2,2,2,9,4.7,No,Yes,73,85,1,NotPlaced
8.5,1,3,2,8,4.3,Yes,Yes,77,70,1,Placed
8.3,0,3,1,7,4.5,Yes,No,55,64,1,NotPlaced
6.6,2,2,0,7,4.4,No,No,80,62,3,NotPlaced
8.8,2,3,3,7,4.4,Yes,Yes,67,82,0,Placed
8.4,2,3,2,9,4.8,Yes,Yes,78,85,1,Placed
7.9,1,3,1,9,4.8,Yes,Yes,76,81,1,Placed
8.0,0,1,3,9,4.8,Yes,Yes,81,82,1,Placed
8.0,1,3,0,9,4.4,Yes,Yes,77,87,1,Placed
7.6,2,3,2,9,4.8,Yes,Yes,75,86,0,Placed
8.8,2,3,2,9,4.8,Yes,Yes,74,88,0,Placed
7.6,0,1,0,7,4.1,No,No,65,67,2,NotPlaced
7.6,1,3,0,6,3.9,Yes,Yes,74,72,1,Placed
8.7,2,3,3,8,4.5,Yes,Yes,72,87,0,Placed
6.6,0,1,1,7,4.4,No,Yes,55,73,2,NotPlaced
7.3,0,1,2,8,4.7,Yes,Yes,78,87,0,Placed
6.5,1,1,1,8,4.4,No,Yes,60,65,4,NotPlaced
8.6,2,2,2,8,4.8,Yes,Yes,78,81,0,Placed
7.5,1,2,1,7,4.0,No,No,82,65,3,NotPlaced
8.5,1,3,2,8,4.8,Yes,Yes,67,85,0,Placed
8.4,1,3,2,9,4.8,Yes,Yes,77,79,1,Placed
7.4,1,1,1,8,3.6,Yes,Yes,78,74,3,NotPlaced
7.5,1,2,0,7,3.4,No,Yes,55,66,3,NotPlaced
7.4,0,1,1,7,3.9,No,No,57,69,3,NotPlaced
7.6,1,1,1,6,4.5,No,No,70,63,3,NotPlaced
8.0,2,3,0,9,4.7,No,Yes,73,87,1,Placed
8.0,2,3,2,9,4.8,Yes,Yes,78,85,0,Placed
7.3,1,1,1,6,4.2,No,No,55,61,4,NotPlaced
7.5,0,2,0,6,4.3,Yes,Yes,55,68,2,NotPlaced
6.7,0,1,0,8,3.1,No,Yes,55,63,3,NotPlaced
7.7,1,1,0,7,4.3,Yes,Yes,85,71,3,NotPlaced
6.5,1,3,2,8,4.6,No,Yes,55,71,2,Placed
7.5,1,1,1,6,3.5,No,No,55,64,3,NotPlaced
7.3,1,1,2,8,3.7,No,Yes,58,76,4,NotPlaced
7.5,2,2,2,9,4.2,Yes,Yes,70,87,3,NotPlaced
8.5,2,3,1,8,4.1,Yes,Yes,89,79,0,Placed
8.3,2,3,2,9,4.5,Yes,Yes,87,86,0,Placed
7.6,0,1,0,9,4.1,No,Yes,77,79,2,NotPlaced
8.6,1,2,0,7,4.5,Yes,Yes,80,84,0,Placed
8.1,0,3,2,8,4.2,Yes,Yes,90,84,0,Placed
8.3,1,3,2,9,4.5,No,Yes,77,81,1,NotPlaced
8.3,0,3,2,8,4.8,Yes,Yes,86,85,0,Placed
7.9,1,2,0,7,4.5,Yes,Yes,75,81,1,Placed
7.6,2,3,2,8,4.3,Yes,Yes,86,69,0,Placed
7.7,1,1,0,8,4.1,No,Yes,55,70,3,NotPlaced
7.6,1,2,0,8,3.6,No,Yes,75,60,0,Placed
6.5,1,3,1,7,4.5,Yes,Yes,59,64,4,NotPlaced
6.6,0,1,1,7,4.3,Yes,Yes,82,66,2,NotPlaced
8.0,1,3,0,8,4.4,Yes,Yes,78,88,3,NotPlaced
8.0,1,2,2,7,4.3,Yes,Yes,82,81,3,NotPlaced
8.5,1,1,2,8,4.5,Yes,Yes,74,83,0,Placed
7.7,1,1,1,7,4.4,Yes,Yes,82,81,3,NotPlaced
6.5,1,2,0,6,4.7,No,Yes,55,63,4,NotPlaced
8.1,2,3,2,9,4.8,Yes,Yes,71,86,0,Placed
6.5,0,3,2,7,4.1,Yes,Yes,87,80,0,Placed
6.7,0,1,0,7,4.0,No,Yes,55,70,3,NotPlaced
8.1,1,2,1,7,3.8,Yes,No,70,64,1,NotPlaced
8.0,2,2,2,8,4.8,Yes,Yes,84,82,0,Placed
8.3,2,3,2,8,4.3,No,Yes,74,60,1,Placed
8.6,1,2,3,7,4.7,Yes,Yes,81,80,1,NotPlaced
7.4,1,2,0,8,3.6,No,No,62,72,2,NotPlaced
8.2,1,3,0,9,4.7,Yes,Yes,80,80,0,Placed
8.3,0,3,2,8,4.7,Yes,Yes,82,86,0,Placed
6.7,1,1,1,6,4.2,No,No,72,73,3,NotPlaced
7.5,1,3,2,8,4.8,No,Yes,72,82,3,NotPlaced
8.6,2,3,2,9,4.8,Yes,Yes,87,84,0,Placed
8.3,2,3,2,8,4.0,Yes,Yes,78,86,1,NotPlaced
7.4,1,2,1,7,3.8,Yes,Yes,70,68,3,NotPlaced
8.4,2,3,2,8,4.8,Yes,Yes,74,81,1,Placed
8.1,1,3,0,7,4.1,No,Yes,70,84,1,NotPlaced
6.7,1,1,1,6,3.4,No,No,56,62,4,NotPlaced
8.1,1,3,2,9,4.4,Yes,Yes,77,86,0,Placed
7.4,1,1,0,8,4.1,No,Yes,75,68,4,NotPlaced
7.8,2,3,2,9,4.8,Yes,Yes,71,84,0,Placed
7.9,0,2,1,7,4.7,Yes,Yes,82,82,3,NotPlaced
8.4,1,2,1,8,4.7,No,Yes,76,67,1,NotPlaced
6.9,1,1,1,6,3.5,No,No,68,66,4,NotPlaced
6.7,1,1,0,8,4.2,No,No,55,57,4,NotPlaced
7.1,1,2,1,7,3.9,No,Yes,79,72,1,Placed
7.6,0,1,0,8,4.4,Yes,Yes,84,83,0,Placed
7.5,0,3,2,7,4.2,Yes,Yes,81,86,4,NotPlaced
7.9,1,3,1,8,4.5,No,Yes,75,73,0,Placed
7.5,0,3,2,9,4.3,No,Yes,89,86,0,Placed
8.0,2,3,2,9,4.8,Yes,Yes,68,85,1,Placed
7.4,0,2,1,7,4.0,No,Yes,69,73,2,NotPlaced
8.5,2,1,0,8,4.5,Yes,Yes,80,82,0,Placed
8.0,0,3,1,8,4.4,Yes,Yes,83,79,1,Placed
7.3,1,2,1,6,4.6,No,No,59,80,2,NotPlaced
6.6,1,2,1,6,3.7,No,Yes,73,60,2,NotPlaced
8.5,2,3,2,9,4.6,Yes,Yes,80,87,0,Placed
7.5,1,3,1,6,3.8,No,Yes,69,72,4,NotPlaced
7.7,1,1,0,7,4.6,No,No,88,61,4,NotPlaced
7.6,1,2,1,6,4.4,Yes,Yes,61,73,0,Placed
8.6,2,3,2,9,4.8,Yes,Yes,73,88,0,Placed
8.4,1,3,0,8,4.7,Yes,Yes,80,70,1,Placed
7.7,1,1,3,7,4.1,Yes,Yes,82,82,1,Placed
8.2,1,3,2,8,4.8,Yes,Yes,86,83,0,Placed
8.6,2,3,2,9,4.8,Yes,Yes,76,88,0,Placed
6.5,1,2,1,7,4.1,No,Yes,60,60,4,NotPlaced
8.5,1,2,0,7,4.5,No,Yes,65,73,1,NotPlaced
7.5,1,2,1,9,3.8,Yes,Yes,82,86,1,Placed
6.7,1,2,1,6,4.3,No,Yes,56,68,2,NotPlaced
8.4,2,3,2,9,4.8,Yes,Yes,69,83,1,Placed
7.5,1,1,0,6,3.7,No,Yes,55,74,2,NotPlaced
8.5,1,1,2,8,4.4,Yes,Yes,82,85,0,Placed
8.5,1,2,2,9,4.6,Yes,Yes,79,84,1,Placed
7.6,1,3,0,9,4.8,Yes,Yes,75,85,0,Placed
7.6,1,3,0,7,4.2,Yes,No,76,76,1,Placed
8.3,0,3,2,9,4.8,Yes,No,90,84,0,Placed
8.1,2,3,2,8,4.6,Yes,Yes,73,83,1,NotPlaced
6.7,1,2,1,7,3.2,No,Yes,55,80,4,NotPlaced
7.7,1,3,1,7,3.9,Yes,No,66,83,3,NotPlaced
6.7,0,1,0,7,4.1,No,No,63,68,3,NotPlaced
6.5,0,1,0,6,3.9,No,No,64,66,2,NotPlaced
6.7,1,1,2,8,4.3,Yes,Yes,73,67,3,NotPlaced
8.5,2,3,2,8,4.6,Yes,Yes,73,81,1,Placed
7.7,1,2,2,8,4.5,No,Yes,78,84,1,Placed
8.1,0,2,2,7,4.3,Yes,Yes,84,88,0,Placed
6.5,2,1,1,7,4.3,Yes,No,86,81,3,NotPlaced
8.0,1,3,1,8,3.9,No,Yes,56,66,4,NotPlaced
7.4,1,2,0,6,4.1,No,No,58,71,4,NotPlaced
7.4,1,2,1,7,3.5,No,No,74,64,2,NotPlaced
8.2,2,1,0,7,4.6,Yes,No,63,65,1,NotPlaced
7.4,1,2,1,7,4.1,No,Yes,62,72,2,NotPlaced
7.9,1,3,1,7,4.3,No,No,62,65,4,NotPlaced
8.1,2,1,1,7,4.7,Yes,Yes,60,70,1,NotPlaced
8.3,2,3,2,9,4.8,Yes,Yes,90,85,1,Placed
8.1,0,2,2,8,4.6,Yes,Yes,57,79,1,NotPlaced
8.4,2,3,2,9,4.8,Yes,Yes,70,86,1,Placed
9.1,1,1,0,7,3.8,No,No,55,62,0,Placed
8.2,1,3,2,9,4.8,Yes,Yes,77,87,0,Placed
7.7,0,1,0,8,4.1,No,Yes,56,75,4,NotPlaced
6.7,1,1,1,6,4.8,Yes,No,57,65,2,NotPlaced
8.3,2,3,2,9,4.7,Yes,Yes,85,82,0,Placed
8.0,1,3,2,9,4.8,Yes,Yes,69,85,4,NotPlaced
8.3,2,3,2,8,4.7,Yes,Yes,84,80,1,Placed
7.9,1,3,2,8,4.8,Yes,Yes,78,84,1,Placed
7.5,1,1,0,6,4.5,No,Yes,59,58,3,NotPlaced
8.0,2,3,0,9,4.8,Yes,Yes,89,80,1,Placed
8.5,2,1,0,7,4.8,Yes,No,55,72,1,Placed
7.9,1,2,3,8,4.7,Yes,Yes,78,73,2,NotPlaced
7.7,0,1,1,7,4.6,Yes,Yes,74,66,3,NotPlaced
7.4,1,2,1,7,3.9,No,Yes,76,74,4,NotPlaced
6.5,1,2,1,7,4.0,No,No,55,63,3,NotPlaced
7.7,2,2,0,7,4.5,Yes,Yes,78,72,2,NotPlaced
7.5,1,2,1,7,4.4,Yes,No,55,77,1,Placed
8.6,1,3,2,9,4.8,Yes,Yes,78,87,0,Placed
8.5,2,3,2,9,4.8,Yes,Yes,82,87,1,Placed
7.5,1,1,0,6,3.9,No,Yes,55,78,3,NotPlaced
7.6,0,1,0,8,4.3,No,Yes,71,72,3,NotPlaced
7.5,0,1,0,7,4.3,No,Yes,56,66,3,NotPlaced
7.5,0,1,0,7,3.8,No,Yes,59,69,3,NotPlaced
7.0,1,3,2,8,3.9,Yes,Yes,64,72,2,NotPlaced
6.5,1,1,1,8,4.4,Yes,Yes,72,87,2,Placed
7.6,2,2,2,8,4.8,Yes,Yes,71,85,1,Placed
7.7,1,1,1,6,4.6,Yes,No,65,65,4,NotPlaced
7.7,1,1,1,6,3.9,No,No,58,66,3,NotPlaced
6.6,0,1,1,6,3.8,No,No,64,67,2,NotPlaced
6.9,1,1,0,6,3.5,No,No,66,66,3,NotPlaced
7.4,2,2,1,8,4.4,Yes,Yes,66,88,0,Placed
8.1,2,2,0,8,4.4,No,No,74,82,1,NotPlaced
6.9,0,1,0,8,4.0,No,Yes,74,71,4,NotPlaced
8.3,0,3,2,8,4.7,Yes,Yes,79,85,1,NotPlaced
7.7,1,3,2,8,4.7,Yes,Yes,73,66,4,NotPlaced
8.5,1,1,2,7,4.8,No,Yes,75,62,0,Placed
7.5,1,2,0,8,4.2,No,Yes,60,71,3,NotPlaced
8.1,0,2,1,8,4.8,No,Yes,62,81,0,Placed
7.9,0,2,2,8,4.8,Yes,Yes,75,83,4,NotPlaced
7.7,2,3,2,8,4.5,No,Yes,74,85,4,NotPlaced
7.5,0,3,2,8,4.4,Yes,Yes,78,88,0,Placed
8.2,1,3,0,8,4.1,Yes,Yes,85,86,1,NotPlaced
8.6,1,2,1,7,4.7,Yes,Yes,76,66,1,NotPlaced
6.7,1,1,1,7,3.4,No,Yes,59,72,4,NotPlaced
7.6,0,1,1,8,4.6,No,No,55,64,2,NotPlaced
6.5,0,3,0,8,4.8,Yes,Yes,85,84,2,Placed
8.2,2,3,2,9,4.8,Yes,No,77,83,1,Placed
7.7,2,1,2,7,4.6,Yes,Yes,57,80,0,Placed
7.5,1,2,1,8,4.0,No,Yes,67,71,4,NotPlaced
6.5,0,1,1,6,3.7,No,No,61,68,2,NotPlaced
7.4,2,2,0,6,4.2,Yes,No,69,69,4,NotPlaced
8.2,1,1,0,7,3.6,Yes,Yes,55,65,1,NotPlaced
6.5,0,1,1,6,4.4,No,No,69,67,4,NotPlaced
6.5,1,1,1,7,3.7,No,Yes,67,64,3,NotPlaced
8.7,2,3,2,7,4.8,Yes,No,89,87,0,Placed
7.6,1,1,0,7,4.0,No,No,55,57,4,NotPlaced
8.2,1,1,0,8,4.6,No,Yes,79,61,1,NotPlaced
8.1,2,2,2,8,4.5,No,Yes,71,83,1,NotPlaced
8.1,0,3,0,7,3.9,Yes,No,69,65,1,NotPlaced
8.4,2,3,2,9,4.8,Yes,Yes,85,81,0,Placed
8.3,1,3,2,8,4.8,Yes,Yes,80,84,0,Placed
7.5,0,1,2,8,4.1,Yes,Yes,84,81,4,NotPlaced
6.6,1,1,1,7,4.0,No,No,57,66,3,NotPlaced
8.3,1,2,2,9,4.8,Yes,Yes,78,85,1,Placed
8.3,2,3,2,8,4.8,Yes,Yes,83,82,1,Placed
8.1,1,1,1,7,4.5,No,No,70,62,1,NotPlaced
8.3,1,3,1,8,4.8,Yes,No,65,80,1,NotPlaced
6.5,0,1,1,8,4.8,No,No,55,72,2,NotPlaced
6.8,1,1,1,6,3.5,No,No,66,72,4,NotPlaced
8.0,1,3,0,8,4.7,No,Yes,68,83,0,Placed
8.2,2,3,2,9,4.8,Yes,Yes,75,85,1,Placed
7.7,0,2,0,8,4.8,Yes,No,77,81,2,NotPlaced
7.6,1,1,1,8,4.0,No,Yes,65,65,3,NotPlaced
7.5,1,1,0,6,3.9,No,No,55,69,3,NotPlaced
8.4,2,3,2,9,4.8,Yes,Yes,76,86,0,Placed
7.8,1,2,1,8,3.7,No,Yes,55,83,3,NotPlaced
8.4,0,3,2,8,4.5,Yes,No,85,84,0,Placed
7.5,1,3,1,8,4.4,Yes,Yes,77,87,1,Placed
8.3,2,2,0,7,4.5,Yes,Yes,82,66,1,Placed
6.5,2,1,2,7,4.4,No,No,55,66,2,NotPlaced
8.2,1,3,2,8,4.3,Yes,No,84,82,1,Placed
6.5,1,2,1,7,4.1,No,No,78,63,4,NotPlaced
6.5,1,1,1,7,4.6,Yes,Yes,56,68,4,NotPlaced
8.3,1,3,0,7,4.8,Yes,Yes,74,57,1,NotPlaced
8.2,2,3,3,9,4.8,Yes,Yes,69,88,1,NotPlaced
6.6,1,1,1,6,3.3,Yes,No,60,62,2,NotPlaced
8.3,1,2,3,8,4.6,Yes,Yes,69,86,0,Placed
8.0,1,1,1,8,4.2,Yes,Yes,78,79,3,NotPlaced
6.6,1,2,0,8,4.6,No,Yes,80,71,2,NotPlaced
8.1,2,3,2,9,4.7,Yes,Yes,86,81,0,Placed
8.5,2,2,2,8,4.8,Yes,Yes,76,86,1,Placed
7.5,1,1,0,7,3.9,No,Yes,55,64,3,NotPlaced
6.5,0,1,0,7,3.7,No,Yes,71,65,4,NotPlaced
7.6,2,3,2,9,4.5,Yes,Yes,75,83,1,Placed
8.6,0,3,2,8,3.9,Yes,Yes,82,71,0,Placed
6.8,1,1,0,7,4.0,No,No,60,58,2,NotPlaced
8.0,1,3,2,8,4.0,Yes,Yes,81,86,1,Placed
7.7,1,1,0,7,4.3,No,Yes,55,66,3,NotPlaced
7.5,0,1,1,6,4.2,No,No,59,74,2,NotPlaced
6.9,1,2,0,6,4.4,Yes,Yes,57,84,0,Placed
8.3,2,3,2,9,4.8,Yes,Yes,84,86,0,Placed
7.6,1,1,1,8,4.3,No,No,62,60,0,Placed
6.5,2,1,1,7,4.4,No,Yes,55,66,2,NotPlaced
6.6,1,2,0,7,4.4,No,Yes,66,68,2,NotPlaced
6.8,0,1,1,6,3.8,No,No,55,71,3,NotPlaced
8.6,1,3,2,9,4.6,Yes,Yes,85,81,0,Placed
8.1,2,3,0,9,4.6,Yes,Yes,80,81,1,Placed
8.2,2,3,2,8,4.8,Yes,Yes,71,83,1,Placed
8.7,1,1,0,7,4.4,Yes,No,71,57,1,NotPlaced
7.3,1,3,1,7,3.8,Yes,Yes,79,81,4,NotPlaced
7.4,1,1,1,8,4.1,No,No,60,65,4,NotPlaced
7.6,1,2,1,8,4.7,No,No,69,72,2,NotPlaced
6.5,1,2,0,8,4.3,No,No,63,68,3,NotPlaced
8.5,2,3,2,7,4.5,Yes,Yes,81,85,1,Placed
7.5,0,2,1,7,4.5,Yes,No,67,64,4,NotPlaced
7.3,1,1,0,6,3.9,No,No,69,67,2,NotPlaced
6.5,1,1,1,6,4.4,Yes,No,57,61,3,NotPlaced
8.4,2,3,2,9,4.8,Yes,Yes,80,85,1,Placed
8.0,2,3,2,9,4.7,Yes,Yes,77,70,3,NotPlaced
8.0,2,3,2,9,4.8,Yes,Yes,76,88,1,Placed
8.3,2,1,2,8,4.8,Yes,No,89,83,1,NotPlaced
7.0,0,1,0,7,3.8,Yes,No,59,72,4,NotPlaced
8.3,2,3,2,8,3.9,Yes,Yes,78,88,1,NotPlaced
7.7,1,0,0,6,3.9,Yes,No,55,71,2,NotPlaced
7.9,0,1,1,7,3.9,Yes,Yes,79,62,3,NotPlaced
8.6,1,3,0,9,4.8,Yes,Yes,86,80,0,Placed
7.8,1,3,1,7,3.6,No,Yes,55,64,4,NotPlaced
7.4,1,1,1,6,4.1,No,Yes,55,69,3,NotPlaced
7.4,1,1,0,6,4.2,Yes,Yes,61,70,4,NotPlaced
8.4,1,3,2,9,4.3,Yes,Yes,84,80,0,Placed
7.4,1,1,1,7,4.1,Yes,Yes,73,74,3,NotPlaced
8.3,2,3,1,8,3.8,Yes,Yes,58,87,1,Placed
6.5,0,1,0,6,3.9,No,Yes,58,68,3,NotPlaced
7.7,0,1,0,7,4.0,No,Yes,59,59,3,NotPlaced
8.4,2,3,2,9,4.7,Yes,Yes,79,87,1,Placed
8.3,0,1,0,7,3.8,Yes,Yes,72,80,1,NotPlaced
6.5,0,1,1,6,3.9,No,No,55,75,3,NotPlaced
8.4,1,3,0,9,4.7,Yes,Yes,74,83,1,Placed
6.6,1,1,1,6,3.9,No,Yes,56,58,2,NotPlaced
8.4,2,2,2,8,4.8,Yes,No,72,82,1,NotPlaced
8.7,0,3,2,8,4.7,Yes,Yes,85,82,0,Placed
8.3,1,3,2,9,4.7,Yes,Yes,86,86,0,Placed
6.6,1,1,1,8,4.7,No,Yes,55,69,3,NotPlaced
6.7,2,3,2,8,4.8,Yes,No,84,82,1,Placed
8.4,2,3,2,9,4.7,Yes,Yes,80,88,0,Placed
7.7,1,3,2,9,4.7,Yes,Yes,82,73,0,Placed
7.6,1,1,0,6,3.8,No,No,55,64,3,NotPlaced
7.8,1,2,0,8,4.7,Yes,Yes,55,66,2,NotPlaced
8.1,1,3,2,9,4.8,Yes,Yes,79,84,1,Placed
6.5,1,1,0,7,3.8,No,No,55,68,3,NotPlaced
7.2,0,2,1,7,4.4,No,Yes,79,61,4,NotPlaced
6.6,1,3,0,7,3.7,No,Yes,55,65,3,NotPlaced
7.5,1,3,2,7,4.7,Yes,Yes,79,81,4,NotPlaced
7.6,1,1,1,7,3.6,No,Yes,65,66,4,NotPlaced
8.6,0,3,2,9,4.8,Yes,Yes,75,86,0,Placed
6.8,0,1,0,7,4.5,No,No,59,60,3,NotPlaced
7.4,2,1,0,7,3.6,No,No,55,70,4,NotPlaced
7.9,1,3,2,8,4.6,Yes,Yes,83,86,1,Placed
8.0,1,3,2,8,4.8,Yes,No,64,85,2,NotPlaced
8.3,2,2,2,9,4.8,Yes,Yes,71,83,0,Placed
7.8,0,2,0,7,4.5,Yes,No,80,81,4,NotPlaced
7.8,1,1,2,7,4.1,No,Yes,55,82,2,NotPlaced
7.7,0,1,0,6,4.6,No,No,58,59,2,NotPlaced
7.6,1,2,0,7,4.0,No,Yes,64,65,2,NotPlaced
8.0,1,1,0,6,3.6,No,No,55,62,2,NotPlaced
6.6,0,1,0,7,3.7,No,No,61,60,4,NotPlaced
7.7,1,1,0,7,4.1,Yes,Yes,73,63,3,NotPlaced
6.7,1,1,1,7,3.9,No,No,62,65,4,NotPlaced
7.7,0,1,0,7,4.3,Yes,No,55,57,0,Placed
8.0,1,1,0,8,4.5,Yes,Yes,73,66,4,NotPlaced
6.6,0,1,1,6,4.1,No,Yes,55,66,3,NotPlaced
7.5,1,1,0,6,4.3,No,Yes,55,68,4,NotPlaced
8.0,2,3,2,9,4.4,Yes,Yes,80,88,0,Placed
7.5,1,3,1,8,4.6,Yes,Yes,72,80,4,NotPlaced
6.5,0,1,0,8,4.3,Yes,Yes,76,88,2,Placed
7.4,2,1,1,7,4.3,No,No,55,68,3,NotPlaced
8.4,1,3,0,9,4.5,Yes,Yes,59,82,1,Placed
7.5,1,1,0,7,4.1,No,No,55,72,2,NotPlaced
8.5,2,3,2,9,4.8,Yes,Yes,78,83,1,Placed
6.6,0,2,0,7,4.2,Yes,No,62,79,4,NotPlaced
7.6,2,1,0,7,3.9,No,No,83,69,1,Placed
8.1,1,3,2,9,4.8,Yes,Yes,84,82,1,Placed
8.8,1,3,2,9,4.8,Yes,Yes,77,83,0,Placed
7.5,0,3,1,8,4.5,No,Yes,77,78,2,NotPlaced
7.9,1,3,0,8,4.5,Yes,Yes,76,72,4,NotPlaced
6.5,1,1,1,6,4.0,No,Yes,56,65,2,NotPlaced
8.7,2,3,2,9,4.8,Yes,Yes,73,84,0,Placed
8.4,1,3,1,8,4.5,Yes,Yes,75,82,1,NotPlaced
7.4,1,1,0,6,4.4,No,No,55,70,3,NotPlaced
8.1,2,3,2,8,3.9,Yes,Yes,57,77,1,NotPlaced
6.5,1,2,0,7,3.4,No,No,59,70,3,NotPlaced
7.7,1,1,2,8,3.6,No,No,58,72,1,Placed
6.5,1,1,0,7,4.1,No,No,55,71,2,NotPlaced
7.1,0,1,0,7,3.8,No,Yes,59,62,3,NotPlaced
8.1,0,3,2,8,4.2,Yes,Yes,67,84,1,Placed
7.8,2,1,2,9,4.7,Yes,No,81,85,0,Placed
8.2,1,2,2,7,4.1,Yes,Yes,70,82,1,NotPlaced
7.4,1,1,0,7,3.6,No,Yes,63,72,4,NotPlaced
8.2,1,1,0,6,4.0,No,Yes,83,64,1,NotPlaced
7.8,1,2,2,7,4.4,No,Yes,55,67,4,NotPlaced
7.6,2,1,1,6,4.8,No,Yes,78,71,0,Placed
7.9,1,2,0,8,4.7,Yes,Yes,79,80,4,NotPlaced
6.5,1,3,1,8,4.5,Yes,Yes,82,82,0,Placed
6.6,1,3,2,8,4.7,Yes,Yes,77,84,2,Placed
7.9,1,3,2,9,3.6,Yes,Yes,70,83,0,Placed
8.8,2,3,2,8,4.3,Yes,Yes,82,81,0,Placed
8.2,2,3,1,9,4.7,Yes,Yes,79,85,0,Placed
7.6,2,1,1,8,4.5,No,No,76,63,2,NotPlaced
8.4,2,3,2,9,4.8,Yes,Yes,76,88,0,Placed
8.2,1,1,1,7,3.6,No,Yes,60,69,1,NotPlaced
7.5,1,2,0,7,4.7,No,Yes,55,72,3,NotPlaced
7.7,1,3,3,8,4.4,Yes,Yes,76,84,0,Placed
7.6,2,2,0,8,4.1,No,Yes,55,75,3,NotPlaced
7.4,1,1,0,7,4.1,No,Yes,55,68,4,NotPlaced
7.4,1,1,0,7,4.0,Yes,Yes,67,79,1,Placed
7.4,2,3,2,9,4.6,Yes,No,74,87,0,Placed
6.5,0,1,1,6,3.1,No,No,61,61,3,NotPlaced
7.3,0,2,1,7,4.2,Yes,No,78,69,4,NotPlaced
7.7,1,1,0,7,4.8,Yes,Yes,55,73,2,NotPlaced
8.2,1,3,2,8,4.6,Yes,No,83,82,1,Placed
8.4,2,3,2,9,4.8,Yes,Yes,86,84,0,Placed
6.9,1,1,1,9,3.9,No,No,55,67,3,NotPlaced
8.1,2,2,2,7,4.3,Yes,Yes,72,87,1,Placed
7.7,0,1,0,7,3.7,No,No,65,68,4,NotPlaced
6.5,0,3,2,8,4.6,Yes,Yes,81,84,2,Placed
7.6,0,3,2,7,4.8,No,Yes,78,79,0,Placed
8.1,1,2,0,7,4.2,No,Yes,55,67,1,NotPlaced
7.4,0,1,0,8,4.3,Yes,Yes,63,63,3,NotPlaced
7.4,0,1,0,8,3.4,No,No,70,70,2,NotPlaced
7.4,1,1,0,6,4.1,No,Yes,60,73,2,NotPlaced
6.5,1,2,0,7,3.4,No,No,58,72,4,NotPlaced
8.1,1,2,1,8,4.7,Yes,Yes,61,84,1,NotPlaced
6.5,0,1,2,8,4.1,No,Yes,74,82,4,NotPlaced
7.8,1,2,0,8,4.5,No,No,55,62,2,NotPlaced
8.3,1,1,2,8,3.8,Yes,Yes,89,68,1,Placed
7.7,2,3,3,8,4.5,Yes,Yes,82,81,0,Placed
7.5,1,3,0,8,4.8,Yes,Yes,65,80,3,NotPlaced
6.5,0,1,0,6,3.6,No,Yes,71,72,4,NotPlaced
6.9,1,3,0,8,4.4,Yes,Yes,59,86,1,Placed
8.0,0,1,0,8,3.3,No,Yes,58,70,3,NotPlaced
7.7,0,1,0,7,3.8,No,No,63,70,2,NotPlaced
7.6,1,2,0,8,4.7,Yes,Yes,82,83,4,NotPlaced
7.3,1,1,0,6,3.7,No,No,59,68,4,NotPlaced
7.4,0,1,0,7,4.0,No,Yes,55,66,3,NotPlaced
7.8,2,3,2,8,4.2,Yes,Yes,63,84,1,Placed
8.6,1,1,2,7,3.8,Yes,No,64,64,1,NotPlaced
6.5,0,1,0,8,3.9,No,No,55,69,2,NotPlaced
8.6,1,3,2,8,4.7,Yes,Yes,81,82,0,Placed
6.9,2,1,2,8,4.7,Yes,Yes,73,82,4,NotPlaced
7.5,1,1,2,8,4.8,Yes,No,83,81,3,NotPlaced
7.5,1,1,0,7,4.0,No,Yes,64,66,4,NotPlaced
6.5,0,2,1,6,4.4,No,No,60,69,4,NotPlaced
7.4,1,2,0,6,4.2,No,Yes,55,60,3,NotPlaced
7.5,1,2,1,7,3.8,No,No,55,63,2,NotPlaced
7.8,0,1,1,8,4.3,No,No,70,80,0,Placed
7.7,0,3,1,8,4.1,No,Yes,82,88,0,Placed
8.5,2,2,1,8,4.3,Yes,No,55,80,1,NotPlaced
7.4,2,2,0,8,4.3,No,Yes,79,82,2,NotPlaced
8.0,1,1,1,7,4.6,No,Yes,58,63,2,NotPlaced
7.5,1,1,1,6,4.3,No,No,55,67,2,NotPlaced
6.6,0,1,1,7,3.2,No,No,62,68,4,NotPlaced
7.7,0,2,0,7,3.7,No,Yes,58,67,4,NotPlaced
8.9,2,3,2,8,4.8,Yes,Yes,79,87,0,Placed
8.3,1,3,2,8,4.7,Yes,Yes,66,68,0,Placed
7.2,1,1,0,7,4.3,No,No,62,72,2,NotPlaced
8.2,2,3,2,9,4.8,Yes,Yes,70,84,0,Placed
7.1,1,1,1,7,3.2,No,No,58,64,2,NotPlaced
6.9,0,1,0,7,3.7,No,Yes,55,66,4,NotPlaced
7.7,1,1,1,8,4.2,Yes,Yes,55,84,3,NotPlaced
8.6,0,3,2,8,4.8,Yes,Yes,82,84,0,Placed
7.4,1,1,1,6,4.1,Yes,Yes,55,67,2,NotPlaced
8.4,2,1,0,9,4.8,Yes,Yes,63,82,1,NotPlaced
8.3,1,3,2,8,4.7,Yes,Yes,80,85,1,Placed
7.4,1,3,0,8,3.7,Yes,Yes,69,74,4,NotPlaced
8.4,1,1,2,8,4.8,No,No,71,65,0,Placed
7.7,0,1,2,8,4.5,Yes,Yes,64,68,4,NotPlaced
6.6,1,1,1,6,4.2,No,Yes,58,68,3,NotPlaced
7.5,0,2,0,8,4.2,No,No,55,64,0,Placed
8.6,1,1,3,7,3.9,Yes,No,62,66,0,Placed
8.4,1,3,0,9,4.6,Yes,Yes,78,87,0,Placed
8.6,2,3,2,8,4.4,Yes,Yes,81,69,0,Placed
8.8,1,3,2,8,4.7,Yes,Yes,75,84,0,Placed
8.6,1,1,0,6,4.7,No,Yes,58,72,1,NotPlaced
8.4,0,2,3,8,4.4,Yes,Yes,55,82,0,Placed
7.3,0,1,0,7,4.0,No,No,55,72,4,NotPlaced
7.5,0,1,0,6,3.6,No,No,59,63,3,NotPlaced
8.4,1,1,1,8,4.2,Yes,No,73,74,1,NotPlaced
8.1,1,2,1,7,4.2,Yes,No,76,69,1,NotPlaced
8.3,0,2,2,8,4.3,Yes,Yes,70,83,0,Placed
6.9,1,1,1,6,3.9,No,Yes,62,66,4,NotPlaced
8.1,0,2,1,7,4.1,No,Yes,55,69,1,Placed
7.5,0,1,0,6,3.7,No,Yes,61,66,2,NotPlaced
7.4,0,1,0,6,3.7,No,Yes,57,63,2,NotPlaced
7.8,1,3,3,8,3.9,Yes,Yes,64,72,4,NotPlaced
8.2,2,2,0,8,4.1,Yes,Yes,63,77,1,NotPlaced
6.5,1,1,0,8,4.2,No,Yes,67,65,3,NotPlaced
7.8,0,2,0,8,4.8,No,No,62,68,4,NotPlaced
8.3,0,2,1,8,3.9,Yes,Yes,57,69,1,NotPlaced
7.4,1,2,2,7,4.5,No,Yes,55,75,3,NotPlaced
7.5,1,2,1,6,3.8,No,Yes,55,68,3,NotPlaced
6.5,1,1,1,6,4.1,No,Yes,59,76,3,NotPlaced
6.6,1,2,0,7,4.1,No,Yes,72,69,3,NotPlaced
7.7,1,2,0,8,3.9,Yes,Yes,75,77,4,NotPlaced
8.3,2,3,2,9,4.8,Yes,Yes,77,83,0,Placed
6.7,1,1,0,6,4.2,No,No,58,66,2,NotPlaced
8.2,2,3,2,9,4.8,Yes,Yes,83,87,0,Placed
7.6,1,1,1,7,4.4,Yes,No,55,83,2,NotPlaced
8.8,2,3,2,8,4.8,Yes,Yes,78,81,0,Placed
6.9,1,3,0,9,3.8,Yes,Yes,80,78,0,Placed
8.6,0,1,1,8,4.2,Yes,Yes,81,67,1,NotPlaced
8.4,1,3,0,7,3.7,No,Yes,73,85,0,Placed
6.5,1,1,0,7,4.5,Yes,Yes,55,65,0,Placed
6.8,1,2,0,7,4.3,Yes,Yes,60,59,4,NotPlaced
8.1,0,3,2,7,4.2,Yes,Yes,88,87,1,Placed
8.2,1,1,1,8,4.8,No,Yes,60,60,1,Placed
7.4,1,2,1,6,4.2,Yes,Yes,72,66,3,NotPlaced
6.5,1,2,0,8,4.4,Yes,Yes,66,69,2,Placed
7.5,1,3,3,8,4.4,Yes,Yes,85,85,0,Placed
8.4,1,2,0,8,4.1,No,Yes,81,71,1,Placed
8.0,2,3,2,9,4.8,Yes,Yes,77,83,0,Placed
8.1,1,3,0,8,4.5,Yes,Yes,78,83,1,Placed
8.2,1,1,2,8,4.3,Yes,No,69,86,1,NotPlaced
7.5,1,1,1,6,4.4,No,Yes,55,71,3,NotPlaced
6.5,1,1,0,7,4.1,No,No,59,57,3,NotPlaced
6.5,1,1,0,7,3.6,No,No,55,65,3,NotPlaced
7.9,0,3,0,9,4.4,Yes,No,75,86,0,Placed
7.8,1,1,0,6,4.1,No,No,57,67,2,NotPlaced
7.3,2,3,0,9,4.4,No,Yes,55,85,1,Placed
7.6,1,2,1,8,4.8,Yes,Yes,80,79,2,NotPlaced
8.1,2,3,2,9,4.8,Yes,Yes,79,83,0,Placed
6.9,1,1,0,7,3.4,No,No,60,65,4,NotPlaced
8.4,0,3,2,9,4.8,Yes,Yes,88,84,1,Placed
6.7,1,1,0,7,3.9,No,Yes,56,67,4,NotPlaced
7.8,1,3,1,8,4.8,Yes,No,61,81,4,NotPlaced
8.2,0,3,2,8,4.0,Yes,Yes,80,86,1,Placed
8.3,2,3,0,8,4.6,Yes,Yes,80,67,1,Placed
8.1,1,3,0,8,4.7,Yes,Yes,79,84,0,Placed
6.6,1,1,0,7,4.5,Yes,Yes,64,70,2,Placed
6.5,1,3,0,8,4.3,Yes,Yes,76,87,4,NotPlaced
7.7,1,2,2,7,4.8,Yes,Yes,82,82,4,NotPlaced
8.2,2,1,0,8,4.6,Yes,Yes,74,82,1,Placed
7.6,2,2,0,7,4.4,Yes,Yes,83,87,1,Placed
7.6,1,2,0,8,4.5,Yes,Yes,71,82,4,NotPlaced
8.2,2,3,2,9,4.8,Yes,Yes,77,85,1,Placed
6.5,0,2,0,8,3.3,No,No,60,67,2,NotPlaced
7.4,1,1,1,6,4.3,Yes,No,60,69,1,Placed
7.7,2,3,0,8,4.8,Yes,Yes,81,83,2,NotPlaced
8.0,1,1,0,8,4.7,No,No,55,66,2,NotPlaced
7.5,2,1,0,7,4.6,No,No,55,63,2,NotPlaced
7.7,1,2,0,9,4.8,No,Yes,64,69,1,Placed
7.9,2,3,1,8,4.8,Yes,Yes,90,86,1,Placed
8.4,2,3,2,8,4.5,Yes,Yes,74,86,0,Placed
7.6,1,3,2,8,4.6,Yes,Yes,78,79,3,NotPlaced
6.9,1,2,1,6,4.5,Yes,Yes,56,65,2,NotPlaced
8.6,2,1,2,6,3.8,Yes,Yes,74,81,0,Placed
7.9,1,3,2,6,4.1,No,No,55,58,4,NotPlaced
7.1,1,2,0,8,3.5,No,No,55,66,2,NotPlaced
8.2,2,2,2,8,4.2,Yes,Yes,80,86,1,NotPlaced
7.9,1,2,0,9,4.8,No,Yes,75,85,3,NotPlaced
6.6,1,2,0,7,4.3,Yes,No,58,66,4,NotPlaced
7.6,1,1,0,7,4.2,Yes,Yes,68,86,2,NotPlaced
8.7,1,3,3,8,4.8,Yes,Yes,74,83,1,NotPlaced
8.1,2,3,2,9,4.8,Yes,Yes,75,88,1,Placed
8.1,2,3,2,8,4.5,Yes,Yes,80,86,1,NotPlaced
7.9,0,2,1,8,4.4,No,No,71,70,3,NotPlaced
8.6,0,3,2,7,4.0,Yes,Yes,78,84,0,Placed
6.8,1,1,1,6,3.6,No,Yes,55,68,4,NotPlaced
8.3,1,1,1,7,3.6,No,Yes,55,67,1,NotPlaced
8.6,2,3,2,9,4.7,Yes,Yes,84,87,0,Placed
7.6,1,3,0,8,4.6,No,Yes,60,73,0,Placed
8.4,2,3,2,9,4.8,Yes,Yes,76,86,0,Placed
7.5,0,1,2,7,3.9,No,Yes,55,67,1,Placed
8.6,2,3,3,7,4.7,Yes,Yes,75,83,0,Placed
7.4,1,1,0,6,3.7,No,No,63,64,3,NotPlaced
8.0,1,3,0,7,4.7,Yes,Yes,60,85,1,Placed
8.0,2,3,2,9,4.8,Yes,Yes,77,87,1,Placed
6.7,0,1,2,6,4.4,Yes,No,81,59,2,NotPlaced
7.5,1,1,1,6,4.6,Yes,Yes,59,65,3,NotPlaced
6.7,1,2,2,7,3.8,No,Yes,61,61,3,NotPlaced
7.7,1,1,1,7,3.7,No,Yes,58,64,3,NotPlaced
7.5,0,1,1,7,3.5,No,Yes,55,78,4,NotPlaced
7.6,1,1,0,7,4.1,No,Yes,60,69,3,NotPlaced
8.5,1,3,0,8,4.5,Yes,No,79,78,0,Placed
6.5,1,1,0,7,4.0,No,No,55,70,3,NotPlaced
7.4,1,1,0,8,4.8,No,Yes,64,73,4,NotPlaced
7.4,0,2,0,7,3.5,No,Yes,55,71,2,NotPlaced
8.5,1,3,1,8,4.3,Yes,Yes,55,66,1,NotPlaced
7.7,1,1,0,7,3.5,No,Yes,59,64,4,NotPlaced
8.0,1,3,2,8,4.6,Yes,No,83,82,0,Placed
8.3,1,3,2,8,4.7,Yes,Yes,76,86,1,NotPlaced
8.2,2,2,2,9,4.3,Yes,Yes,73,80,1,Placed
7.4,1,2,1,7,4.7,No,Yes,74,63,4,NotPlaced
6.9,1,3,2,6,4.0,No,Yes,79,60,3,NotPlaced
8.4,1,1,0,7,4.8,Yes,No,71,81,1,NotPlaced
8.3,2,2,2,8,4.0,Yes,Yes,78,85,1,Placed
7.3,1,2,0,7,4.3,No,Yes,56,66,2,NotPlaced
7.8,0,1,0,7,3.8,Yes,No,62,69,3,NotPlaced
7.5,1,1,2,6,4.3,Yes,No,77,82,4,NotPlaced
8.0,1,3,0,7,4.8,Yes,Yes,77,74,2,NotPlaced
8.5,2,3,2,9,4.8,Yes,Yes,79,86,0,Placed
8.3,1,2,1,8,4.6,Yes,Yes,68,66,1,Placed
8.4,0,2,0,8,4.4,Yes,Yes,61,68,1,Placed
8.4,2,3,2,8,4.2,Yes,Yes,81,84,0,Placed
8.5,0,2,0,7,4.5,No,No,72,74,1,NotPlaced
6.6,1,1,0,7,4.1,No,Yes,67,64,3,NotPlaced
8.1,2,3,0,8,4.3,Yes,Yes,73,81,1,Placed
6.8,1,1,0,6,3.5,No,No,56,72,3,NotPlaced
7.6,2,2,0,8,4.3,No,No,64,65,4,NotPlaced
8.7,0,3,1,7,4.5,Yes,Yes,73,76,0,Placed
8.2,0,3,2,8,4.7,No,No,82,68,1,NotPlaced
7.3,1,1,2,7,3.8,Yes,Yes,55,69,3,NotPlaced
8.0,2,3,0,8,4.6,Yes,Yes,76,83,1,Placed
7.6,1,3,1,7,4.6,Yes,Yes,57,69,0,Placed
7.7,0,3,1,8,4.3,Yes,Yes,77,65,1,Placed
7.5,1,1,0,7,4.0,No,No,68,65,3,NotPlaced
7.3,1,1,0,7,4.4,No,Yes,62,70,2,NotPlaced
6.7,1,1,1,7,4.6,No,No,65,69,4,NotPlaced
6.7,1,2,2,7,4.4,Yes,Yes,72,64,2,NotPlaced
8.4,1,3,2,9,4.8,Yes,Yes,83,84,0,Placed
8.8,2,3,2,8,4.7,Yes,Yes,73,88,0,Placed
6.5,1,1,1,8,3.9,No,No,79,63,3,NotPlaced
7.7,2,3,0,7,4.6,Yes,Yes,70,69,3,NotPlaced
8.5,2,2,0,8,4.5,Yes,Yes,71,78,1,Placed
8.0,1,2,0,6,4.5,Yes,No,62,65,3,NotPlaced
8.2,1,3,2,9,4.7,Yes,Yes,76,86,1,Placed
8.1,0,3,2,8,4.8,Yes,Yes,75,81,1,Placed
8.4,1,2,1,7,4.0,Yes,No,81,63,1,NotPlaced
8.3,1,3,1,6,3.7,Yes,Yes,66,68,1,NotPlaced
7.4,1,1,0,7,4.3,Yes,Yes,55,66,4,NotPlaced
8.5,1,1,2,7,4.3,Yes,Yes,80,81,1,Placed
7.8,1,2,1,7,4.2,No,Yes,66,70,2,NotPlaced
8.2,1,3,0,8,4.5,Yes,Yes,70,74,1,Placed
7.0,1,1,2,7,4.5,Yes,Yes,78,86,3,NotPlaced
8.4,0,1,2,7,3.9,Yes,Yes,80,80,1,NotPlaced
8.0,1,1,2,7,3.7,No,Yes,72,65,2,NotPlaced
7.5,1,1,1,6,3.6,No,Yes,55,71,3,NotPlaced
8.2,2,3,2,9,4.6,Yes,Yes,83,83,1,Placed
7.7,0,1,0,7,3.5,No,No,56,65,2,NotPlaced
8.6,0,2,2,8,4.4,Yes,Yes,82,83,0,Placed
8.2,1,3,0,8,4.8,Yes,Yes,80,88,1,NotPlaced
8.6,2,3,2,8,4.8,Yes,Yes,81,88,0,Placed
7.5,2,2,0,7,4.5,Yes,Yes,72,70,4,NotPlaced
7.2,1,1,1,7,4.3,No,No,55,75,4,NotPlaced
8.4,0,0,2,9,4.8,Yes,Yes,81,84,0,Placed
8.3,2,3,2,8,4.8,Yes,Yes,68,82,1,Placed
6.8,0,1,0,7,3.3,No,No,57,59,0,Placed
7.9,1,3,0,8,4.7,Yes,Yes,70,85,0,Placed
8.1,1,3,2,9,4.7,Yes,Yes,85,83,0,Placed
6.5,0,1,1,6,4.1,No,No,63,69,4,NotPlaced
7.7,1,3,0,7,4.4,Yes,No,55,62,3,NotPlaced
8.4,1,2,0,8,4.4,Yes,Yes,79,86,1,Placed
8.1,1,3,0,8,4.0,Yes,Yes,76,66,0,Placed
7.4,1,1,1,7,4.3,No,Yes,55,73,3,NotPlaced
7.4,1,2,0,8,4.6,No,Yes,76,71,0,Placed
8.6,2,3,2,9,4.8,Yes,Yes,81,81,0,Placed
7.6,1,1,0,7,4.8,No,Yes,69,71,4,NotPlaced
7.3,1,1,0,7,4.4,No,No,55,67,3,NotPlaced
7.5,0,2,0,7,3.7,No,No,78,85,0,Placed
7.7,0,3,1,8,4.2,Yes,No,67,85,3,NotPlaced
7.6,1,1,1,7,4.6,Yes,Yes,72,84,3,NotPlaced
8.3,0,3,0,8,4.7,Yes,Yes,73,74,0,Placed
6.6,1,2,0,7,4.1,Yes,Yes,55,62,2,NotPlaced
7.6,1,3,2,8,4.8,Yes,Yes,83,72,1,Placed
7.8,2,3,2,8,4.8,No,Yes,85,84,1,Placed
7.7,1,3,2,9,4.4,Yes,Yes,69,86,0,Placed
7.9,1,3,1,7,3.8,Yes,No,68,65,4,NotPlaced
7.6,1,2,1,6,4.2,No,Yes,62,62,2,NotPlaced
7.6,1,2,0,8,4.8,No,Yes,68,65,1,Placed
8.1,0,3,1,8,4.6,Yes,Yes,80,81,0,Placed
7.6,1,2,1,7,4.8,Yes,Yes,77,85,3,NotPlaced
7.7,1,2,1,6,4.0,No,No,55,66,2,NotPlaced
8.0,2,3,0,8,4.5,Yes,Yes,76,84,1,Placed
7.7,1,2,0,7,3.8,No,Yes,61,70,3,NotPlaced
7.6,0,1,1,6,3.4,No,Yes,55,72,3,NotPlaced
7.7,1,1,2,7,3.7,Yes,Yes,75,73,3,NotPlaced
8.1,2,3,2,9,4.7,Yes,Yes,75,86,0,Placed
7.9,1,1,0,7,4.4,No,Yes,79,71,3,NotPlaced
6.5,1,2,1,6,3.7,No,Yes,55,69,2,NotPlaced
8.1,2,3,2,9,4.8,Yes,Yes,82,81,0,Placed
6.6,2,2,0,7,4.1,No,No,59,68,4,NotPlaced
8.1,2,3,2,8,4.5,Yes,Yes,79,87,1,NotPlaced
7.4,1,2,0,6,3.8,No,No,55,64,2,NotPlaced
6.5,1,1,0,7,4.2,Yes,Yes,55,75,3,NotPlaced
7.9,1,3,1,7,4.1,Yes,Yes,78,69,2,NotPlaced
8.1,1,3,0,7,4.0,Yes,Yes,66,82,1,NotPlaced
8.4,2,3,2,8,4.6,Yes,Yes,87,84,0,Placed
7.8,1,1,0,7,4.0,Yes,Yes,83,66,0,Placed
8.4,0,3,2,8,4.8,Yes,No,77,84,0,Placed
8.7,1,2,0,8,4.5,Yes,Yes,55,64,0,Placed
7.4,1,3,1,8,4.4,No,Yes,70,67,2,NotPlaced
7.5,1,2,1,8,4.2,No,Yes,61,68,2,NotPlaced
8.2,2,3,0,8,4.0,Yes,Yes,75,75,0,Placed
8.4,2,3,2,8,4.8,Yes,No,87,87,0,Placed
8.7,2,3,2,8,4.0,Yes,Yes,77,83,0,Placed
7.7,1,2,0,8,4.1,Yes,Yes,55,64,4,NotPlaced
7.6,1,2,0,8,4.7,Yes,Yes,74,85,3,NotPlaced
8.5,2,3,2,9,4.8,No,Yes,90,83,1,Placed
7.9,2,2,2,9,4.8,Yes,No,83,82,0,Placed
6.6,1,1,1,8,3.9,Yes,Yes,84,81,3,NotPlaced
7.8,2,3,2,8,4.6,Yes,Yes,74,87,4,NotPlaced
8.1,2,3,0,7,4.8,Yes,Yes,80,71,0,Placed
7.2,1,2,1,7,3.7,No,No,55,72,4,NotPlaced
6.5,1,3,3,8,4.5,No,Yes,76,72,3,NotPlaced
8.2,2,2,1,7,4.2,No,Yes,76,69,0,Placed
8.0,1,3,2,9,4.8,Yes,Yes,80,84,0,Placed
7.7,1,3,0,8,4.8,Yes,No,68,87,0,Placed
8.2,1,3,0,8,3.7,Yes,Yes,74,88,1,Placed
8.5,2,3,2,9,4.8,Yes,Yes,85,87,1,Placed
7.4,1,1,0,6,4.1,No,No,75,66,3,NotPlaced
6.8,1,2,1,7,4.7,Yes,Yes,55,58,4,NotPlaced
8.1,1,3,2,9,4.8,Yes,Yes,83,88,0,Placed
7.4,1,2,0,8,4.3,No,Yes,60,66,4,NotPlaced
7.5,1,3,0,9,4.3,Yes,Yes,78,83,0,Placed
6.5,1,1,0,7,4.2,No,Yes,55,74,3,NotPlaced
6.6,1,1,2,7,4.0,Yes,Yes,71,85,2,NotPlaced
7.8,1,1,1,6,3.7,No,No,55,64,4,NotPlaced
7.9,1,3,2,8,4.4,Yes,Yes,70,86,3,NotPlaced
6.8,1,1,1,8,4.3,Yes,Yes,55,66,1,Placed
7.6,1,2,2,7,4.6,No,No,61,64,4,NotPlaced
8.7,2,3,2,8,4.4,Yes,Yes,81,84,0,Placed
8.6,1,3,2,9,4.8,Yes,Yes,70,88,0,Placed
7.6,0,1,1,7,3.3,No,No,56,62,2,NotPlaced
7.9,0,3,2,8,4.6,Yes,Yes,70,80,2,NotPlaced
8.2,1,1,1,7,4.1,No,No,58,80,1,NotPlaced
7.2,1,1,1,6,3.4,No,No,55,63,3,NotPlaced
8.3,2,3,2,6,3.9,Yes,No,77,84,1,Placed
7.6,1,2,2,8,4.8,Yes,Yes,64,80,3,NotPlaced
8.6,2,3,2,9,4.8,Yes,Yes,84,79,0,Placed
8.1,0,1,0,8,4.3,Yes,Yes,68,71,0,Placed
7.6,1,1,0,6,4.3,Yes,No,59,60,3,NotPlaced
8.4,1,1,0,7,4.3,Yes,Yes,55,69,1,Placed
7.8,2,3,2,8,4.7,Yes,Yes,87,85,1,Placed
8.6,2,3,2,9,4.8,Yes,Yes,71,88,0,Placed
7.6,1,2,0,7,4.2,No,No,55,84,2,NotPlaced
8.4,2,3,2,8,4.7,Yes,Yes,87,85,1,NotPlaced
7.4,0,2,0,7,3.7,No,Yes,55,71,4,NotPlaced
7.4,2,2,0,6,3.8,No,Yes,55,66,3,NotPlaced
7.1,2,1,3,7,4.8,Yes,No,72,71,2,NotPlaced
8.1,1,1,0,6,4.8,No,No,63,70,1,NotPlaced
7.8,1,3,0,8,4.0,No,Yes,72,84,0,Placed
6.6,1,1,0,8,4.4,Yes,Yes,74,75,2,NotPlaced
6.7,1,2,0,8,4.7,No,Yes,55,82,3,NotPlaced
8.5,2,3,0,8,4.7,Yes,Yes,73,85,1,NotPlaced
6.5,0,3,1,7,4.3,No,No,69,62,0,Placed
8.2,1,2,1,7,3.7,No,Yes,78,72,1,NotPlaced
7.0,1,2,0,6,3.5,No,Yes,55,63,3,NotPlaced
7.4,0,1,0,7,3.7,Yes,No,68,74,4,NotPlaced
7.8,1,2,2,9,4.3,Yes,Yes,75,64,3,NotPlaced
6.7,1,1,0,7,3.1,Yes,Yes,55,67,4,NotPlaced
7.6,1,3,0,8,4.4,Yes,Yes,80,88,2,NotPlaced
8.7,0,2,2,8,4.5,Yes,Yes,83,84,1,NotPlaced
8.3,2,3,0,8,3.5,Yes,No,82,80,1,NotPlaced
7.2,1,2,1,7,4.1,No,Yes,55,64,3,NotPlaced
7.7,1,3,0,7,4.5,Yes,No,69,64,1,Placed
6.5,1,1,1,6,4.0,No,No,55,60,4,NotPlaced
7.4,1,2,0,6,3.6,No,No,69,68,2,NotPlaced
8.0,0,3,1,9,4.8,Yes,Yes,74,88,2,NotPlaced
8.5,2,2,2,8,4.8,Yes,Yes,79,88,1,Placed
7.6,1,3,2,8,4.5,Yes,Yes,75,84,1,Placed
8.2,0,1,0,8,4.0,No,No,76,60,1,NotPlaced
7.2,1,1,0,6,3.9,Yes,No,61,67,4,NotPlaced
7.9,2,1,0,8,3.7,Yes,Yes,79,66,0,Placed
7.6,1,3,1,7,4.3,Yes,Yes,77,72,3,NotPlaced
7.5,1,3,0,7,3.6,No,Yes,72,84,4,NotPlaced
8.4,1,3,0,8,4.3,Yes,Yes,74,68,1,Placed
7.7,1,1,0,7,4.4,No,Yes,82,81,2,NotPlaced
6.5,0,2,2,8,4.6,No,Yes,71,72,3,NotPlaced
6.8,1,2,0,7,4.3,Yes,Yes,75,71,1,Placed
8.0,1,3,2,7,4.6,Yes,Yes,68,87,1,Placed
6.6,0,3,0,8,4.6,Yes,Yes,77,77,2,Placed
7.5,1,2,1,7,4.5,Yes,Yes,78,81,2,NotPlaced
8.2,2,2,2,8,4.5,Yes,Yes,80,85,0,Placed
7.5,1,2,1,7,4.4,No,Yes,58,68,2,NotPlaced
8.2,2,3,2,9,4.8,Yes,Yes,83,87,0,Placed
6.6,2,2,1,6,3.5,No,Yes,55,69,2,NotPlaced
7.4,1,2,1,6,4.2,No,Yes,57,64,4,NotPlaced
8.3,2,3,0,8,4.2,No,No,87,68,1,NotPlaced
8.1,2,3,2,8,4.8,Yes,Yes,87,87,1,Placed
8.2,2,3,2,8,4.8,Yes,Yes,67,86,1,NotPlaced
6.5,1,1,0,7,4.0,Yes,Yes,79,74,4,NotPlaced
8.7,1,2,0,7,4.8,No,No,74,83,1,NotPlaced
8.6,2,3,1,8,4.3,Yes,Yes,79,80,0,Placed
7.2,2,3,2,8,4.0,No,No,77,81,1,Placed
8.2,1,3,2,9,4.8,Yes,Yes,85,88,1,Placed
7.6,0,1,2,7,4.8,Yes,Yes,56,85,0,Placed
7.7,2,2,2,8,4.3,Yes,Yes,82,84,1,Placed
8.6,1,1,0,6,3.7,Yes,No,69,62,1,NotPlaced
7.9,2,3,2,8,4.7,Yes,Yes,90,84,0,Placed
7.5,1,1,0,6,3.9,No,Yes,58,69,2,NotPlaced
8.0,2,2,2,8,4.2,Yes,Yes,82,84,1,Placed
7.6,1,1,0,7,4.5,Yes,Yes,70,71,2,NotPlaced
8.3,0,2,0,7,4.5,No,Yes,78,66,0,Placed
8.4,2,3,2,9,4.8,Yes,Yes,75,88,1,Placed
6.5,0,1,2,7,4.1,Yes,Yes,79,65,4,NotPlaced
8.1,1,1,3,7,4.0,No,No,55,66,1,NotPlaced
8.4,2,3,2,9,4.8,Yes,Yes,84,79,1,Placed
7.8,0,2,1,7,4.7,No,Yes,56,72,4,NotPlaced
8.5,1,3,2,9,4.8,Yes,Yes,75,86,1,NotPlaced
6.5,1,1,1,8,4.4,No,No,55,74,3,NotPlaced
7.8,1,1,1,7,4.5,No,No,56,68,3,NotPlaced
6.7,1,2,1,8,4.3,Yes,Yes,77,80,1,Placed
6.5,0,2,0,7,4.4,No,Yes,68,84,3,NotPlaced
8.0,2,1,2,8,3.8,Yes,No,82,82,4,NotPlaced
7.5,1,1,0,7,4.1,Yes,Yes,61,70,3,NotPlaced
6.5,2,1,0,6,4.5,No,No,67,72,3,NotPlaced
7.5,1,3,0,8,4.1,Yes,Yes,78,81,1,Placed
6.5,2,1,1,8,4.8,No,Yes,75,71,3,NotPlaced
8.5,2,3,2,8,4.6,Yes,Yes,85,82,1,Placed
6.8,0,1,0,7,4.7,No,Yes,57,62,3,NotPlaced
8.5,2,3,0,8,4.2,Yes,Yes,78,87,0,Placed
7.7,1,2,2,6,3.8,Yes,Yes,72,61,3,NotPlaced
7.2,1,1,0,7,4.1,No,Yes,55,73,2,NotPlaced
6.5,0,1,0,6,3.5,No,No,55,67,3,NotPlaced
7.6,1,2,1,7,4.5,No,Yes,55,68,4,NotPlaced
7.5,1,1,0,6,3.6,No,Yes,69,62,2,NotPlaced
7.0,1,1,1,7,4.4,No,Yes,64,61,4,NotPlaced
8.4,2,3,0,8,4.6,Yes,Yes,81,72,1,NotPlaced
8.4,1,2,2,7,4.8,Yes,Yes,61,81,1,NotPlaced
7.7,0,3,2,8,4.7,Yes,Yes,78,84,0,Placed
8.3,1,1,0,7,4.2,Yes,Yes,86,86,1,Placed
8.8,1,2,2,7,4.3,Yes,Yes,74,79,0,Placed
6.5,1,3,0,9,4.6,Yes,Yes,84,80,0,Placed
7.6,2,1,0,7,4.0,No,Yes,82,75,1,Placed
6.5,1,1,0,7,4.5,No,No,55,66,2,NotPlaced
7.5,0,1,0,7,4.4,No,No,63,70,2,NotPlaced
7.6,1,1,1,7,4.6,Yes,Yes,56,66,0,Placed
8.2,1,2,0,7,3.8,No,Yes,55,80,1,NotPlaced
6.6,1,2,0,7,4.7,No,Yes,55,65,4,NotPlaced
7.5,1,1,0,6,3.8,No,Yes,62,60,2,NotPlaced
8.1,0,3,1,8,4.7,Yes,Yes,63,79,0,Placed
8.2,1,3,2,9,4.8,Yes,Yes,85,77,1,Placed
8.7,2,3,2,9,4.7,Yes,Yes,70,87,0,Placed
8.0,1,3,2,7,4.5,Yes,No,78,77,2,NotPlaced
7.5,1,2,1,7,3.7,No,Yes,56,68,4,NotPlaced
6.6,1,1,0,7,4.5,No,No,59,68,4,NotPlaced
8.2,1,2,2,8,4.4,Yes,Yes,81,85,0,Placed
8.5,2,3,2,8,4.8,Yes,Yes,81,78,1,Placed
8.6,1,3,2,7,4.0,No,No,71,88,1,NotPlaced
8.4,1,3,2,7,4.6,Yes,No,70,70,0,Placed
7.6,1,3,1,7,4.1,No,Yes,80,70,3,NotPlaced
8.4,1,3,2,9,4.8,Yes,Yes,69,87,0,Placed
8.3,2,3,2,8,4.8,Yes,Yes,87,88,0,Placed
8.4,2,3,2,8,4.5,Yes,Yes,90,79,1,Placed
8.7,2,3,2,8,4.8,Yes,Yes,79,86,0,Placed
7.6,1,2,0,7,4.0,No,No,62,61,3,NotPlaced
8.4,1,3,0,8,4.8,Yes,Yes,79,84,0,Placed
8.3,2,3,2,9,4.8,Yes,Yes,80,86,1,Placed
6.5,1,1,0,8,4.6,No,Yes,59,65,3,NotPlaced
6.9,0,2,1,7,3.2,No,No,55,65,2,NotPlaced
8.1,1,2,1,7,4.2,No,Yes,83,87,1,NotPlaced
7.7,1,2,0,8,4.6,No,Yes,57,68,4,NotPlaced
7.2,0,1,0,7,3.5,No,No,55,74,3,NotPlaced
8.3,1,1,2,7,4.1,Yes,Yes,55,66,1,NotPlaced
8.3,2,3,0,8,4.7,Yes,Yes,76,84,1,Placed
8.2,2,3,3,8,4.8,Yes,Yes,74,86,1,Placed
8.4,1,2,0,7,4.3,Yes,Yes,70,74,0,Placed
7.4,1,2,1,7,4.6,No,Yes,67,68,4,NotPlaced
7.9,1,2,2,8,4.6,No,Yes,67,64,2,NotPlaced
7.7,2,3,2,9,4.8,Yes,Yes,88,85,1,Placed
7.7,1,2,2,7,3.8,Yes,No,63,67,3,NotPlaced
8.7,0,2,1,8,4.8,Yes,Yes,82,79,0,Placed
6.8,0,2,1,6,4.8,No,Yes,55,71,3,NotPlaced
7.8,2,3,2,8,4.6,No,Yes,86,81,1,Placed
7.8,2,3,2,9,4.8,Yes,Yes,85,85,1,Placed
7.7,1,1,0,7,4.4,No,No,72,69,2,NotPlaced
8.2,2,2,2,7,4.2,Yes,No,56,71,1,NotPlaced
8.9,0,3,3,8,4.8,Yes,Yes,73,88,0,Placed
7.5,1,2,1,7,3.8,No,Yes,55,75,3,NotPlaced
8.3,1,3,2,8,4.8,Yes,Yes,81,83,0,Placed
8.0,1,3,2,9,4.4,Yes,Yes,72,82,1,Placed
6.6,0,1,1,6,4.2,No,No,55,68,2,NotPlaced
8.2,2,3,2,8,4.4,Yes,Yes,79,85,0,Placed
7.6,0,1,2,7,4.5,No,No,80,66,3,NotPlaced
6.6,0,2,0,6,3.3,No,Yes,57,65,4,NotPlaced
7.4,1,1,0,7,4.0,No,No,71,67,2,NotPlaced
6.6,2,3,0,7,4.5,Yes,Yes,75,72,3,NotPlaced
7.5,1,3,2,9,4.8,Yes,Yes,71,84,1,Placed
7.3,1,1,1,8,3.8,No,Yes,56,68,2,NotPlaced
6.6,0,2,1,6,4.1,No,No,57,62,3,NotPlaced
7.7,0,1,0,8,4.1,No,No,58,71,4,NotPlaced
7.7,0,1,1,8,3.9,Yes,No,75,82,3,NotPlaced
7.6,2,2,1,8,4.8,Yes,Yes,83,86,3,NotPlaced
6.5,1,1,0,7,3.6,Yes,Yes,60,74,4,NotPlaced
6.5,1,2,1,8,4.0,No,Yes,55,67,4,NotPlaced
8.3,1,3,1,7,4.7,Yes,No,71,65,1,NotPlaced
8.5,1,3,1,8,3.9,Yes,Yes,72,82,0,Placed
7.4,1,1,0,7,3.6,No,Yes,73,78,4,NotPlaced
6.6,1,3,2,8,4.5,Yes,Yes,71,88,0,Placed
7.6,1,1,1,7,4.2,Yes,Yes,63,63,4,NotPlaced
6.7,0,1,0,7,4.1,Yes,Yes,60,64,3,NotPlaced
7.6,0,1,2,7,4.2,Yes,No,77,83,4,NotPlaced
7.5,1,1,0,6,3.7,No,No,60,68,2,NotPlaced
6.5,1,1,0,7,4.2,No,Yes,55,78,4,NotPlaced
8.1,1,2,0,7,4.7,Yes,Yes,61,69,1,NotPlaced
7.5,1,3,0,7,4.0,Yes,Yes,55,65,4,NotPlaced
7.3,1,1,0,7,3.1,No,No,63,62,2,NotPlaced
8.0,1,3,2,8,4.3,Yes,Yes,84,88,1,Placed
8.3,1,1,0,8,4.5,Yes,No,80,68,1,Placed
6.5,1,1,1,8,4.8,No,Yes,55,61,3,NotPlaced
7.9,1,3,2,9,4.8,Yes,No,84,88,1,Placed
8.8,2,3,3,9,4.8,Yes,Yes,73,87,0,Placed
6.5,1,1,1,8,4.7,No,Yes,62,63,4,NotPlaced
7.5,0,1,0,8,4.7,No,No,61,60,4,NotPlaced
8.3,2,2,0,8,4.8,Yes,Yes,79,82,1,NotPlaced
7.4,1,1,1,6,4.3,Yes,Yes,80,75,3,NotPlaced
6.5,1,3,1,7,4.2,Yes,Yes,56,65,4,NotPlaced
8.3,1,2,0,8,4.5,Yes,Yes,71,67,0,Placed
8.7,1,3,2,8,4.8,Yes,Yes,75,85,0,Placed
8.1,1,1,2,6,3.2,No,Yes,55,70,1,NotPlaced
7.7,1,1,1,7,3.7,No,Yes,59,63,4,NotPlaced
8.2,2,3,2,9,4.8,Yes,Yes,90,84,0,Placed
6.8,2,3,0,8,4.7,Yes,Yes,86,81,2,Placed
7.4,1,1,0,7,3.8,No,No,55,65,4,NotPlaced
7.6,2,2,0,7,4.0,No,Yes,62,83,0,Placed
7.7,0,1,0,6,3.7,No,No,55,70,2,NotPlaced
8.5,0,3,2,7,4.8,Yes,No,74,81,0,Placed
8.6,2,3,1,9,4.8,Yes,Yes,75,83,0,Placed
7.5,1,1,1,7,3.5,No,Yes,58,69,4,NotPlaced
8.6,2,3,2,9,4.6,Yes,Yes,76,85,0,Placed
8.5,1,3,0,8,4.8,Yes,Yes,82,65,0,Placed
7.4,1,2,0,7,4.5,No,Yes,55,72,2,NotPlaced
8.4,1,3,2,7,4.5,Yes,Yes,82,83,0,Placed
7.4,2,3,1,7,4.4,Yes,Yes,78,65,2,NotPlaced
8.3,0,3,2,8,4.8,Yes,Yes,74,72,1,Placed
8.1,0,2,0,8,4.7,No,Yes,61,69,1,NotPlaced
8.5,2,3,2,7,4.6,Yes,Yes,74,83,1,Placed
8.3,0,2,2,8,4.4,Yes,No,68,87,1,Placed
8.2,2,1,1,9,4.0,No,Yes,55,66,1,NotPlaced
6.7,0,2,1,6,4.4,Yes,Yes,55,72,2,NotPlaced
6.6,1,1,0,7,4.6,No,Yes,55,75,3,NotPlaced
8.7,2,3,2,9,4.7,Yes,Yes,77,88,0,Placed
9.0,2,3,2,9,4.8,Yes,Yes,73,86,0,Placed
7.0,1,1,0,7,4.5,No,Yes,71,65,2,NotPlaced
7.2,1,3,1,7,4.4,Yes,Yes,58,68,4,NotPlaced
8.1,0,3,0,8,3.7,Yes,Yes,90,85,1,Placed
7.7,1,2,2,7,4.3,Yes,Yes,79,81,0,Placed
7.4,1,2,2,6,4.4,No,Yes,61,85,3,NotPlaced
8.2,1,2,1,8,4.5,Yes,Yes,74,83,0,Placed
8.1,1,2,2,7,4.4,Yes,Yes,79,86,1,Placed
7.4,1,1,0,6,4.0,No,Yes,64,74,4,NotPlaced
7.5,0,2,2,7,4.8,Yes,Yes,64,83,1,Placed
8.2,2,3,2,9,4.8,Yes,Yes,85,85,0,Placed
6.5,1,3,2,7,4.2,No,No,80,88,3,NotPlaced
7.6,1,1,0,6,3.9,No,Yes,64,62,4,NotPlaced
8.1,1,3,2,8,4.6,Yes,Yes,75,80,1,Placed
7.7,1,1,0,8,4.5,Yes,Yes,55,84,3,NotPlaced
8.2,2,3,3,9,4.5,Yes,Yes,80,86,1,NotPlaced
7.8,2,3,2,9,4.8,Yes,Yes,81,84,1,Placed
8.2,0,1,2,8,4.2,Yes,Yes,69,67,1,NotPlaced
8.3,1,3,2,9,4.8,Yes,Yes,84,83,0,Placed
7.8,1,1,1,7,4.1,No,Yes,79,66,4,NotPlaced
6.9,2,2,2,7,3.7,Yes,Yes,58,71,4,NotPlaced
7.9,1,3,2,9,4.4,Yes,Yes,80,84,0,Placed
7.5,1,2,1,6,4.1,No,No,68,73,3,NotPlaced
6.5,1,2,1,6,4.8,No,No,55,68,3,NotPlaced
8.2,1,1,2,7,4.5,Yes,Yes,58,81,0,Placed
7.9,2,3,2,8,4.8,Yes,Yes,83,69,1,Placed
7.2,1,2,2,8,4.5,Yes,No,55,61,4,NotPlaced
8.8,2,3,2,9,4.8,Yes,Yes,73,80,0,Placed
8.0,1,0,2,7,4.4,Yes,Yes,73,84,1,Placed
7.7,1,0,0,7,3.6,Yes,Yes,55,82,1,Placed
8.4,2,3,2,9,4.8,Yes,Yes,84,83,0,Placed
8.6,2,3,2,9,4.8,Yes,Yes,85,82,0,Placed
7.0,1,2,0,6,4.7,No,Yes,57,65,5,Placed
8.9,2,3,2,9,4.8,Yes,Yes,82,87,0,Placed
8.2,2,1,3,8,4.2,Yes,Yes,61,86,0,Placed
7.8,0,3,0,8,4.4,Yes,Yes,81,73,3,NotPlaced
8.5,0,3,0,8,4.5,Yes,Yes,73,65,1,Placed
8.0,2,3,2,9,4.8,Yes,Yes,77,82,1,Placed
7.2,0,1,0,7,4.4,No,Yes,86,76,2,NotPlaced
6.5,1,2,0,6,4.2,No,Yes,59,64,4,NotPlaced
8.0,2,1,0,7,4.6,No,No,63,71,1,Placed
6.5,1,1,0,7,4.8,No,No,68,70,2,NotPlaced
7.3,1,3,0,7,4.5,Yes,Yes,55,66,3,NotPlaced
8.3,2,3,2,9,4.8,Yes,Yes,81,87,0,Placed
7.5,0,1,1,7,4.5,No,Yes,55,64,4,NotPlaced
7.7,0,3,0,8,4.3,Yes,Yes,81,67,0,Placed
8.0,2,3,2,9,4.6,Yes,Yes,77,84,1,Placed
7.4,1,2,1,6,3.6,No,No,55,64,2,NotPlaced
8.3,2,3,0,9,4.8,Yes,Yes,77,83,0,Placed
6.5,1,3,2,7,4.2,Yes,Yes,78,81,4,NotPlaced
8.7,1,3,3,8,3.8,Yes,Yes,68,82,1,NotPlaced
8.4,2,3,2,9,4.8,Yes,Yes,85,88,1,Placed
7.7,2,1,0,8,4.6,No,Yes,63,64,3,NotPlaced
7.6,0,1,1,7,3.9,No,Yes,61,71,3,NotPlaced
7.7,1,1,0,7,4.1,Yes,Yes,75,70,4,NotPlaced
7.6,1,1,1,7,4.0,No,Yes,55,65,3,NotPlaced
7.4,1,1,1,7,3.7,No,Yes,55,64,0,Placed
7.5,1,1,1,7,4.0,No,No,55,74,4,NotPlaced
7.5,1,1,1,7,4.5,Yes,No,76,68,3,NotPlaced
7.2,1,1,1,7,4.5,Yes,Yes,61,73,4,NotPlaced
7.1,0,1,0,8,4.4,No,Yes,75,65,1,Placed
7.1,0,3,0,8,4.4,Yes,No,80,83,0,Placed
7.6,1,2,2,7,4.8,Yes,Yes,68,85,3,NotPlaced
7.6,2,2,1,8,4.6,Yes,Yes,79,86,4,NotPlaced
7.5,0,2,1,7,3.8,Yes,Yes,75,73,4,NotPlaced
7.3,1,1,1,7,3.5,No,Yes,55,67,4,NotPlaced
8.2,1,1,2,8,4.8,Yes,Yes,78,82,1,Placed
8.5,2,3,2,7,4.8,No,No,72,69,1,NotPlaced
8.2,1,2,0,6,4.1,No,Yes,56,78,1,NotPlaced
8.3,0,2,1,8,4.7,No,Yes,56,69,1,Placed
8.3,2,3,2,9,4.8,Yes,Yes,87,76,1,Placed
8.6,1,2,2,7,4.8,Yes,Yes,84,87,0,Placed
7.7,1,3,3,8,4.7,Yes,Yes,78,73,2,NotPlaced
8.0,0,3,0,7,3.6,Yes,Yes,83,71,4,NotPlaced
7.4,1,2,2,7,4.7,No,Yes,70,70,0,Placed
7.5,1,2,2,8,4.8,Yes,Yes,78,75,0,Placed
7.6,1,3,2,8,4.6,Yes,Yes,67,86,1,Placed
6.7,1,2,1,8,4.4,No,Yes,65,58,3,NotPlaced
8.8,2,3,0,8,4.7,No,Yes,58,87,0,Placed
6.5,0,2,0,7,3.5,No,No,61,61,3,NotPlaced
8.2,1,1,0,7,4.0,No,Yes,56,66,1,NotPlaced
7.7,1,3,1,7,4.6,Yes,No,55,72,4,NotPlaced
7.5,1,1,0,7,4.4,Yes,Yes,55,61,0,Placed
8.4,1,1,0,7,3.8,No,No,59,62,1,NotPlaced
8.0,1,1,1,7,4.7,No,Yes,55,71,4,NotPlaced
7.5,0,3,1,6,4.2,No,No,58,67,2,NotPlaced
8.6,1,3,0,8,4.3,Yes,Yes,71,82,0,Placed
8.6,1,3,0,8,4.5,Yes,Yes,78,67,1,NotPlaced
6.6,1,3,1,7,4.7,Yes,Yes,55,62,2,Placed
6.9,2,3,0,8,4.6,No,Yes,70,85,3,NotPlaced
7.4,1,2,0,7,3.7,No,Yes,55,62,3,NotPlaced
8.2,1,2,1,7,3.7,Yes,Yes,75,83,1,Placed
7.6,1,2,1,7,4.4,No,Yes,55,68,3,NotPlaced
8.1,1,3,2,7,3.9,Yes,Yes,74,83,1,NotPlaced
8.2,1,1,2,7,4.1,No,Yes,79,69,1,NotPlaced
8.0,2,3,2,7,4.8,No,No,74,79,0,Placed
7.5,2,2,2,9,4.3,Yes,Yes,85,83,0,Placed
7.9,1,1,0,8,4.4,Yes,Yes,74,86,2,NotPlaced
6.7,0,1,0,7,4.2,No,No,60,81,4,NotPlaced
7.6,1,2,1,8,4.8,Yes,Yes,72,81,0,Placed
7.7,2,1,0,6,4.6,No,No,65,62,3,NotPlaced
8.5,1,3,0,8,4.8,Yes,Yes,79,81,1,Placed
6.6,1,1,0,6,3.8,No,Yes,61,64,2,NotPlaced
7.0,1,3,2,8,4.3,No,Yes,74,72,3,Placed
8.2,1,2,2,8,4.5,Yes,Yes,68,63,1,Placed
6.5,1,3,2,8,4.7,No,No,58,69,4,NotPlaced
8.0,0,2,2,8,4.7,Yes,No,72,83,3,NotPlaced
7.0,0,1,1,8,4.8,Yes,No,55,63,3,NotPlaced
8.0,0,1,0,7,3.8,Yes,No,57,64,3,NotPlaced
7.7,1,2,1,7,4.0,Yes,Yes,55,67,4,NotPlaced
8.0,1,3,2,7,4.5,Yes,Yes,79,71,4,NotPlaced
7.6,1,3,1,6,3.7,No,No,56,59,3,NotPlaced
8.4,2,3,2,8,3.9,Yes,Yes,74,83,0,Placed
8.4,1,3,2,7,4.5,Yes,Yes,86,87,1,Placed
7.3,0,1,1,7,3.2,No,Yes,56,63,3,NotPlaced
8.1,2,3,2,9,4.8,Yes,Yes,90,83,0,Placed
6.6,1,2,1,6,3.5,No,Yes,62,66,4,NotPlaced
8.3,1,2,3,8,3.7,No,Yes,69,84,1,NotPlaced
7.5,0,1,0,7,3.6,No,Yes,77,72,3,NotPlaced
8.2,0,3,2,8,4.3,Yes,No,85,84,0,Placed
7.6,1,1,2,7,4.8,No,Yes,60,68,4,NotPlaced
7.5,1,3,2,8,4.8,Yes,Yes,81,77,1,Placed
8.5,2,3,2,9,4.7,Yes,Yes,73,85,1,Placed
8.5,1,1,2,8,4.5,Yes,Yes,67,67,1,Placed
8.3,2,3,1,9,4.8,Yes,Yes,69,83,1,Placed
7.4,1,2,0,6,3.8,No,Yes,57,65,4,NotPlaced
7.1,2,2,1,8,3.9,No,No,59,68,2,NotPlaced
7.5,1,1,1,8,4.2,No,No,55,62,3,NotPlaced
8.5,2,3,2,9,4.7,Yes,Yes,86,80,0,Placed
8.2,1,3,0,8,4.4,Yes,No,65,66,1,NotPlaced
7.8,1,3,1,8,4.5,Yes,Yes,87,83,0,Placed
7.1,0,3,2,7,4.5,Yes,Yes,59,79,4,NotPlaced
8.7,1,3,2,8,4.1,Yes,Yes,83,86,1,NotPlaced
8.1,1,3,2,9,4.8,Yes,Yes,78,86,1,Placed
7.5,1,1,1,7,4.2,No,No,76,69,3,NotPlaced
6.6,0,1,0,8,4.5,Yes,Yes,58,86,3,NotPlaced
7.8,0,3,3,8,4.8,Yes,Yes,80,81,1,Placed
8.7,1,2,2,7,4.4,No,Yes,72,68,1,NotPlaced
8.3,1,3,0,6,4.6,Yes,Yes,78,73,1,Placed
6.5,1,2,2,9,4.8,No,Yes,70,68,3,NotPlaced
7.4,1,3,0,7,4.4,No,Yes,84,64,1,Placed
7.9,2,3,2,8,4.4,Yes,Yes,84,81,1,Placed
7.8,1,2,0,8,4.2,No,No,63,72,3,NotPlaced
8.2,1,1,0,8,3.9,No,Yes,66,64,1,NotPlaced
8.4,0,3,2,8,4.2,Yes,Yes,80,84,1,Placed
6.7,1,2,0,7,4.6,No,Yes,73,67,2,Placed
8.1,0,2,0,8,4.5,Yes,Yes,80,83,1,NotPlaced
8.4,0,2,2,8,3.9,Yes,Yes,76,80,0,Placed
8.7,2,3,2,8,4.7,Yes,Yes,70,63,0,Placed
8.0,1,1,1,8,4.0,No,No,55,74,2,NotPlaced
8.0,1,3,2,9,4.3,Yes,Yes,66,85,1,Placed
7.8,1,3,2,8,4.8,Yes,Yes,67,88,0,Placed
7.7,0,2,2,6,4.4,Yes,Yes,82,84,4,NotPlaced
8.1,2,3,2,9,4.8,Yes,Yes,81,86,1,Placed
8.3,2,3,0,8,4.7,Yes,Yes,81,71,0,Placed
7.4,1,3,0,7,4.2,No,Yes,71,67,0,Placed
8.4,1,1,3,8,4.6,Yes,No,74,62,1,NotPlaced
7.9,1,2,1,6,4.2,No,Yes,60,58,4,NotPlaced
8.5,1,2,0,7,3.9,Yes,Yes,81,83,0,Placed
8.5,1,3,2,9,4.8,Yes,Yes,82,86,1,Placed
8.4,1,3,2,8,4.8,Yes,Yes,82,76,1,Placed
7.4,1,3,2,7,4.4,No,No,58,70,3,NotPlaced
7.4,1,2,1,8,4.4,No,Yes,81,62,3,NotPlaced
6.5,0,3,1,7,3.3,Yes,Yes,68,66,2,Placed
8.0,1,1,0,8,4.2,Yes,Yes,72,70,3,NotPlaced
6.6,1,2,1,6,4.6,Yes,No,57,70,4,NotPlaced
8.5,0,3,0,9,4.5,Yes,Yes,55,62,1,Placed
6.8,0,1,2,7,4.2,No,No,70,62,3,NotPlaced
7.5,1,1,1,7,4.4,No,Yes,55,69,3,NotPlaced
7.8,0,2,0,7,4.4,No,Yes,59,64,1,Placed
6.6,0,2,0,8,4.8,Yes,Yes,82,88,1,Placed
7.6,1,3,2,7,4.4,No,Yes,55,71,1,Placed
6.5,1,1,0,6,4.8,No,Yes,62,66,2,NotPlaced
8.0,2,2,2,8,4.5,Yes,Yes,79,81,2,NotPlaced
6.6,1,1,0,7,4.4,No,No,59,70,4,NotPlaced
6.7,0,2,0,7,4.2,Yes,Yes,55,68,3,NotPlaced
6.7,0,2,0,7,3.6,No,Yes,82,69,1,Placed
7.7,1,1,1,8,4.4,No,No,55,63,3,NotPlaced
8.1,0,2,2,6,4.8,No,Yes,72,72,1,NotPlaced
7.6,0,1,0,6,4.0,No,No,61,69,2,NotPlaced
6.5,1,1,1,7,3.6,No,Yes,60,64,3,NotPlaced
7.5,0,1,0,7,3.9,No,Yes,65,70,4,NotPlaced
8.6,2,3,2,8,4.8,Yes,Yes,79,87,0,Placed
7.5,0,2,0,8,4.3,Yes,Yes,63,61,2,NotPlaced
7.8,1,2,0,7,3.7,Yes,Yes,86,64,0,Placed
8.3,1,3,2,8,4.7,Yes,Yes,74,78,1,NotPlaced
6.9,1,1,1,6,3.5,No,No,55,66,4,NotPlaced
6.5,1,1,2,8,4.3,No,Yes,70,77,2,NotPlaced
6.5,0,1,1,7,4.5,Yes,Yes,67,81,4,NotPlaced
6.9,1,1,0,7,4.0,No,No,55,66,1,Placed
8.1,1,3,1,9,4.8,Yes,Yes,86,83,0,Placed
8.4,0,2,3,9,4.3,Yes,Yes,75,84,1,Placed
6.5,1,1,0,8,4.4,No,No,71,65,3,NotPlaced
7.7,1,1,0,7,3.8,No,Yes,55,61,2,NotPlaced
8.1,2,3,2,8,4.7,Yes,Yes,80,87,0,Placed
8.0,0,1,0,7,4.2,No,No,67,67,4,NotPlaced
7.5,2,2,1,7,4.4,Yes,Yes,80,86,0,Placed
6.9,0,1,0,7,4.4,No,No,55,57,3,NotPlaced
8.4,2,3,2,9,4.8,Yes,Yes,77,87,0,Placed
7.8,1,3,2,9,4.8,Yes,Yes,80,88,0,Placed
8.0,2,1,2,8,4.2,No,Yes,68,82,4,NotPlaced
6.9,1,1,0,7,3.3,No,Yes,71,66,2,NotPlaced
7.6,1,1,1,7,4.3,No,No,59,63,2,NotPlaced
8.0,1,3,2,9,4.7,Yes,Yes,76,88,1,Placed
8.2,2,2,2,7,4.6,Yes,Yes,83,87,1,NotPlaced
6.7,1,1,0,7,4.1,No,Yes,56,70,3,NotPlaced
8.5,2,3,2,9,4.8,Yes,Yes,82,87,1,Placed
6.8,1,1,0,8,4.3,No,Yes,86,83,2,Placed
6.9,0,3,0,8,4.4,Yes,Yes,76,83,2,Placed
8.6,1,3,2,9,4.8,Yes,Yes,71,87,0,Placed
7.6,0,1,0,7,3.5,Yes,Yes,74,65,0,Placed
8.0,0,3,0,9,3.8,Yes,No,84,80,0,Placed
7.0,0,3,2,9,4.1,Yes,Yes,73,68,3,NotPlaced
6.5,1,2,0,7,4.3,Yes,Yes,69,73,4,NotPlaced
7.4,1,1,0,7,3.9,No,No,58,60,3,NotPlaced
8.3,1,2,3,9,4.8,Yes,Yes,75,86,1,Placed
7.5,0,2,1,8,4.7,No,Yes,82,82,1,Placed
6.7,1,1,1,6,3.5,Yes,No,86,69,3,NotPlaced
8.6,2,3,2,9,4.8,Yes,Yes,75,88,0,Placed
8.2,1,3,2,9,4.8,Yes,Yes,80,81,1,Placed
7.4,1,1,1,8,4.7,Yes,Yes,68,70,4,NotPlaced
7.5,1,1,1,7,3.6,No,Yes,56,62,4,NotPlaced
7.5,1,1,0,8,3.7,No,Yes,77,87,3,NotPlaced
7.5,0,2,1,8,4.6,No,Yes,55,69,2,NotPlaced
7.4,1,1,0,8,4.6,No,No,55,70,2,NotPlaced
7.4,0,1,0,6,3.4,No,No,55,62,2,NotPlaced
7.7,0,2,1,7,4.8,No,Yes,72,68,4,NotPlaced
7.1,1,3,2,8,4.0,Yes,Yes,78,65,0,Placed
6.5,0,1,1,6,4.1,No,No,67,67,3,NotPlaced
7.9,1,2,0,7,4.7,Yes,No,78,61,2,NotPlaced
7.4,1,1,0,7,4.8,Yes,No,74,80,1,Placed
8.0,0,2,2,7,4.4,No,Yes,55,68,2,NotPlaced
7.7,1,2,0,6,4.3,No,No,55,72,4,NotPlaced
8.6,1,2,2,8,4.0,Yes,Yes,65,72,1,NotPlaced
7.1,2,3,2,9,4.7,Yes,Yes,70,83,0,Placed
6.9,1,3,2,8,4.8,Yes,Yes,71,86,1,Placed
6.6,1,1,0,7,4.3,No,Yes,83,70,4,NotPlaced
6.8,1,1,0,8,3.6,No,No,66,69,4,NotPlaced
7.6,1,2,1,8,3.9,No,No,74,66,2,NotPlaced
7.8,2,3,2,9,4.8,Yes,Yes,81,88,0,Placed
7.5,1,2,2,8,4.8,Yes,Yes,77,81,0,Placed
8.9,2,3,0,9,4.8,Yes,Yes,71,84,0,Placed
7.3,1,1,1,7,4.2,Yes,Yes,69,72,4,NotPlaced
6.8,1,1,0,8,3.8,No,No,60,65,4,NotPlaced
7.3,2,3,2,9,4.5,Yes,Yes,79,84,0,Placed
8.5,1,3,1,8,4.3,Yes,Yes,80,82,0,Placed
8.1,2,3,2,9,4.6,Yes,Yes,85,88,0,Placed
8.4,2,3,2,9,4.7,Yes,Yes,69,88,0,Placed
7.7,1,2,2,8,4.8,No,Yes,82,76,0,Placed
7.9,1,1,0,8,4.7,No,Yes,56,67,2,NotPlaced
8.2,2,3,2,9,4.8,Yes,Yes,71,88,1,Placed
7.6,0,1,0,6,3.1,No,No,60,62,3,NotPlaced
8.1,0,3,2,8,4.8,Yes,Yes,74,86,1,NotPlaced
7.8,0,1,1,8,4.3,Yes,No,67,80,2,NotPlaced
8.7,0,1,2,7,4.7,Yes,Yes,67,86,1,NotPlaced
8.3,0,3,2,9,4.8,Yes,Yes,87,84,1,Placed
8.5,1,3,2,9,4.5,Yes,Yes,76,83,1,NotPlaced
7.3,1,1,1,7,4.6,No,Yes,58,70,2,NotPlaced
7.4,1,1,1,8,4.2,No,No,82,61,3,NotPlaced
7.7,1,3,1,8,4.8,Yes,Yes,88,83,0,Placed
7.7,1,1,0,7,3.8,No,No,55,61,2,NotPlaced
7.4,1,1,0,8,4.7,Yes,Yes,70,72,3,NotPlaced
7.9,1,3,0,8,3.2,No,Yes,74,78,4,NotPlaced
7.5,1,2,0,8,4.7,Yes,Yes,85,84,0,Placed
7.6,1,2,0,7,3.5,No,Yes,75,70,4,NotPlaced
8.3,1,1,0,6,4.5,No,Yes,55,65,1,NotPlaced
7.7,1,1,0,6,4.4,No,No,62,63,2,NotPlaced
6.5,1,1,0,6,4.5,No,No,55,70,2,NotPlaced
8.2,0,2,1,7,4.6,Yes,No,82,72,1,NotPlaced
7.4,1,2,1,6,3.5,No,Yes,58,76,4,NotPlaced
7.7,1,1,0,9,4.8,No,Yes,79,80,1,Placed
8.6,2,3,2,9,4.8,Yes,Yes,88,86,0,Placed
7.6,1,2,2,8,4.5,No,Yes,68,86,2,NotPlaced
6.6,1,3,2,8,4.8,Yes,Yes,88,83,0,Placed
8.4,2,3,2,8,4.6,Yes,Yes,81,87,1,Placed
7.5,1,1,0,7,3.7,Yes,Yes,58,67,1,Placed
8.3,1,1,0,8,4.5,Yes,Yes,55,70,1,NotPlaced
8.8,2,3,2,9,4.8,Yes,Yes,79,84,0,Placed
7.6,0,3,0,8,4.6,Yes,No,82,81,1,Placed
7.5,1,2,0,8,4.3,No,Yes,56,66,1,Placed
7.5,1,2,0,8,4.2,No,Yes,77,64,3,NotPlaced
7.6,0,2,1,6,4.3,Yes,Yes,62,74,3,NotPlaced
8.4,1,2,1,8,4.8,Yes,No,79,80,1,NotPlaced
8.0,2,2,2,8,4.6,Yes,Yes,70,83,4,NotPlaced
8.2,0,3,2,8,4.7,Yes,Yes,73,80,1,Placed
8.3,2,3,2,9,4.8,Yes,Yes,85,82,0,Placed
7.6,1,1,1,6,4.3,No,No,58,70,2,NotPlaced
6.5,1,1,1,7,4.2,No,No,55,57,2,NotPlaced
7.5,0,1,0,8,3.9,No,Yes,61,62,2,NotPlaced
8.8,2,3,2,9,4.7,Yes,Yes,86,81,0,Placed
8.1,2,1,1,8,4.0,Yes,Yes,73,88,0,Placed
7.7,1,1,2,6,4.4,Yes,Yes,61,64,2,NotPlaced
8.4,2,3,2,7,4.5,Yes,Yes,74,83,1,NotPlaced
7.3,1,1,1,6,3.8,Yes,Yes,61,62,2,NotPlaced
8.1,2,3,0,8,4.5,No,Yes,73,83,1,Placed
8.4,0,1,1,8,3.6,No,Yes,61,65,0,Placed
8.7,1,3,3,9,4.5,Yes,Yes,79,87,0,Placed
8.4,0,1,0,7,3.5,No,Yes,55,63,1,NotPlaced
6.8,1,1,1,6,4.5,No,Yes,77,67,2,NotPlaced
7.7,1,1,0,7,4.3,Yes,Yes,62,69,0,Placed
8.3,1,3,2,9,4.8,Yes,Yes,83,83,0,Placed
6.5,1,3,0,7,4.6,Yes,Yes,85,69,0,Placed
7.9,1,3,2,9,4.8,Yes,Yes,76,70,0,Placed
7.5,1,2,0,7,4.2,No,Yes,55,71,3,NotPlaced
7.7,1,2,0,7,4.0,No,Yes,57,68,2,NotPlaced
7.7,1,2,0,7,4.5,No,Yes,75,65,2,NotPlaced
7.5,0,1,1,8,4.7,No,No,72,70,2,NotPlaced
8.2,1,3,3,8,4.8,No,Yes,82,69,0,Placed
7.2,1,1,0,6,3.5,No,No,55,69,4,NotPlaced
8.1,2,3,2,8,4.5,Yes,Yes,75,67,1,NotPlaced
8.3,1,2,1,7,4.2,Yes,Yes,78,80,1,NotPlaced
8.2,0,1,0,7,4.3,No,No,77,64,1,NotPlaced
7.0,1,1,1,6,4.1,No,No,58,62,3,NotPlaced
7.6,1,2,1,7,4.3,Yes,Yes,76,83,0,Placed
6.8,0,1,1,6,3.9,No,No,64,62,4,NotPlaced
7.4,1,2,0,6,4.6,No,No,79,68,3,NotPlaced
6.5,1,2,0,8,4.6,Yes,Yes,73,65,4,NotPlaced
6.6,0,2,1,7,4.6,No,Yes,55,66,2,NotPlaced
7.5,0,1,0,8,4.1,No,Yes,62,73,4,NotPlaced
7.5,1,2,0,7,4.6,No,Yes,58,75,2,NotPlaced
6.7,1,1,0,6,4.0,No,No,61,62,3,NotPlaced
7.9,1,2,0,8,4.1,Yes,Yes,59,64,3,NotPlaced
7.3,1,1,1,6,4.2,No,Yes,62,70,3,NotPlaced
8.5,2,3,2,8,4.8,Yes,Yes,75,85,0,Placed
7.4,1,2,0,7,4.4,Yes,Yes,55,73,2,NotPlaced
7.4,0,2,0,7,3.5,No,Yes,67,66,2,NotPlaced
8.0,1,3,2,8,4.8,Yes,Yes,87,80,1,Placed
8.1,0,1,1,8,4.6,Yes,No,65,79,1,NotPlaced
7.2,0,2,0,7,3.7,No,Yes,55,63,3,NotPlaced
7.6,1,1,0,7,4.2,No,Yes,74,69,2,NotPlaced
7.8,1,3,0,8,4.6,Yes,Yes,77,88,1,Placed
7.6,2,2,1,7,3.9,Yes,No,79,80,3,NotPlaced
8.0,0,1,1,7,4.1,Yes,No,83,64,4,NotPlaced
6.5,0,3,2,8,3.9,Yes,Yes,83,88,1,Placed
7.1,0,1,1,6,3.7,Yes,No,61,66,2,NotPlaced
6.8,1,2,0,8,4.4,Yes,Yes,59,69,2,Placed
7.4,1,2,0,6,3.6,No,Yes,55,63,4,NotPlaced
7.8,1,2,0,7,4.5,Yes,No,79,61,2,NotPlaced
7.6,1,1,0,7,4.2,No,Yes,55,69,3,NotPlaced
8.6,2,3,2,9,4.8,Yes,Yes,73,86,0,Placed
7.5,2,3,2,9,4.1,No,Yes,63,83,0,Placed
8.2,2,3,2,9,4.8,Yes,Yes,81,81,0,Placed
6.5,0,1,0,6,4.1,No,No,75,60,4,NotPlaced
7.4,1,3,0,8,4.1,Yes,Yes,59,73,4,NotPlaced
7.6,1,1,0,7,3.8,No,No,56,67,2,NotPlaced
8.1,0,3,2,7,4.3,Yes,Yes,72,83,0,Placed
8.1,0,1,2,9,4.7,Yes,Yes,78,74,1,Placed
8.8,1,3,2,8,4.2,Yes,Yes,73,82,0,Placed
8.2,2,3,2,9,4.8,Yes,Yes,74,85,1,Placed
8.4,2,3,2,8,4.8,Yes,Yes,76,85,0,Placed
6.5,1,1,0,7,4.7,No,No,58,68,3,NotPlaced
7.5,2,1,1,9,4.1,Yes,Yes,71,67,2,NotPlaced
7.5,1,3,2,8,4.8,Yes,Yes,61,70,2,NotPlaced
8.2,1,3,1,7,4.2,Yes,Yes,70,84,1,Placed
7.6,0,1,1,7,4.2,Yes,Yes,55,79,2,NotPlaced
6.7,0,1,0,6,4.3,No,Yes,55,58,3,NotPlaced
7.8,0,1,0,7,4.0,No,No,55,63,3,NotPlaced
6.6,1,1,0,6,3.7,No,No,59,70,2,NotPlaced
8.1,2,3,2,8,4.4,No,No,73,82,0,Placed
7.4,0,1,0,7,3.3,No,Yes,58,61,2,NotPlaced
7.5,1,1,0,7,4.2,No,No,63,73,3,NotPlaced
8.7,1,2,0,6,4.6,Yes,Yes,65,81,0,Placed
7.6,1,3,1,7,3.9,Yes,Yes,70,85,1,Placed
6.5,0,2,0,7,4.1,No,Yes,55,82,3,NotPlaced
7.5,1,3,0,7,4.2,No,Yes,65,67,2,NotPlaced
7.9,1,2,1,6,4.2,Yes,Yes,80,71,3,NotPlaced
8.9,1,3,1,8,4.8,Yes,Yes,82,81,1,NotPlaced
7.5,1,1,0,8,4.3,No,Yes,55,59,4,NotPlaced
8.1,2,3,2,8,4.8,Yes,Yes,89,71,1,NotPlaced
7.5,1,3,1,7,4.0,No,Yes,55,68,4,NotPlaced
6.7,1,1,0,7,3.8,No,No,55,57,4,NotPlaced
8.3,1,2,1,7,4.2,No,No,55,72,1,NotPlaced
7.5,1,1,0,7,3.6,No,No,57,68,3,NotPlaced
8.3,0,3,1,8,4.2,Yes,Yes,69,86,0,Placed
8.4,1,3,2,8,4.6,Yes,Yes,75,67,0,Placed
8.1,2,1,3,7,4.2,Yes,Yes,62,67,0,Placed
6.9,1,1,0,7,4.7,Yes,No,71,71,4,NotPlaced
7.3,1,2,0,8,4.2,No,No,57,69,2,NotPlaced
7.5,0,2,0,6,4.1,Yes,Yes,69,58,2,NotPlaced
6.7,1,1,0,7,4.0,No,No,57,57,2,NotPlaced
6.8,0,3,1,7,4.5,Yes,Yes,83,69,0,Placed
7.5,1,2,0,6,3.4,No,Yes,55,68,2,NotPlaced
7.8,2,2,2,6,4.3,Yes,Yes,57,72,3,NotPlaced
7.6,1,1,0,7,3.4,No,No,77,67,2,NotPlaced
7.7,1,2,1,7,4.6,Yes,Yes,68,70,4,NotPlaced
7.7,1,1,1,7,4.6,No,Yes,55,66,3,NotPlaced
8.1,1,3,2,8,4.7,No,Yes,67,67,1,Placed
8.9,2,3,2,9,4.8,Yes,Yes,83,82,0,Placed
8.4,1,3,2,7,4.1,Yes,Yes,75,83,1,Placed
8.0,2,3,2,8,4.7,Yes,Yes,85,85,0,Placed
7.4,1,1,1,6,4.5,No,No,55,73,2,NotPlaced
7.4,1,2,0,7,4.0,No,Yes,78,74,4,NotPlaced
8.4,0,3,2,7,4.6,Yes,No,63,79,0,Placed
8.1,2,3,2,9,4.8,Yes,Yes,89,85,0,Placed
7.7,1,1,0,6,4.1,No,No,55,59,2,NotPlaced
7.6,1,2,0,7,3.7,No,No,55,64,3,NotPlaced
8.3,2,3,2,7,4.4,Yes,Yes,83,85,1,Placed
7.6,1,1,0,7,4.0,No,No,56,58,2,NotPlaced
7.5,2,2,2,8,4.6,Yes,Yes,77,88,0,Placed
8.0,1,3,0,9,4.8,Yes,Yes,76,83,0,Placed
8.1,1,2,2,7,3.3,Yes,Yes,73,71,1,NotPlaced
8.5,1,3,2,8,4.0,Yes,Yes,68,74,1,NotPlaced
8.2,2,2,0,8,4.5,Yes,Yes,55,83,1,Placed
8.3,1,3,2,9,4.8,Yes,Yes,79,80,1,Placed
7.0,1,1,1,6,4.6,No,Yes,55,70,3,NotPlaced
7.5,1,1,0,7,4.3,No,No,59,65,4,NotPlaced
7.6,1,2,2,7,4.0,Yes,Yes,55,64,4,NotPlaced
8.4,2,3,2,9,4.6,Yes,Yes,80,88,0,Placed
8.0,1,1,2,8,4.6,Yes,Yes,63,88,2,NotPlaced
7.4,0,3,2,7,4.8,Yes,Yes,76,72,3,NotPlaced
7.6,2,3,2,9,4.4,Yes,Yes,77,83,0,Placed
6.7,1,1,1,7,4.0,No,Yes,59,66,2,NotPlaced
8.1,2,3,1,7,3.9,Yes,Yes,82,80,1,Placed
8.6,2,3,2,9,4.6,Yes,Yes,88,86,0,Placed
7.8,0,3,1,8,4.4,Yes,Yes,71,70,4,NotPlaced
7.8,1,1,1,7,3.8,No,No,59,63,4,NotPlaced
8.0,1,3,2,8,4.8,Yes,Yes,70,85,2,NotPlaced
7.6,1,1,0,6,3.4,Yes,Yes,73,59,3,NotPlaced
7.5,2,3,0,8,4.6,Yes,No,80,81,0,Placed
8.2,1,3,0,7,4.2,Yes,Yes,60,66,1,Placed
8.3,1,3,2,8,4.8,Yes,Yes,79,81,1,Placed
7.4,1,1,0,8,3.9,No,Yes,62,69,4,NotPlaced
7.5,0,3,2,8,4.4,No,Yes,83,85,3,NotPlaced
7.6,1,2,1,6,3.7,No,Yes,63,76,1,Placed
7.9,1,3,1,6,4.4,Yes,No,71,77,3,NotPlaced
7.5,1,3,0,7,4.7,No,No,73,66,3,NotPlaced
7.8,1,3,0,9,3.7,Yes,Yes,71,85,4,NotPlaced
8.1,2,3,2,8,4.8,No,Yes,76,82,1,NotPlaced
8.1,2,1,0,7,4.3,No,No,67,71,1,NotPlaced
7.4,1,1,1,7,4.8,Yes,Yes,72,61,4,NotPlaced
7.5,0,1,1,6,3.7,No,Yes,55,66,4,NotPlaced
8.2,2,3,2,9,4.8,Yes,Yes,86,83,0,Placed
7.5,0,1,0,8,3.8,Yes,Yes,61,67,3,NotPlaced
6.5,0,1,1,7,4.5,No,No,55,67,2,NotPlaced
7.5,1,3,2,8,4.8,Yes,Yes,71,88,1,Placed
7.6,1,1,0,7,4.0,Yes,Yes,69,88,3,NotPlaced
8.1,1,3,2,9,4.8,Yes,Yes,80,88,0,Placed
7.5,0,3,1,7,4.8,Yes,Yes,75,83,4,NotPlaced
8.7,1,3,1,9,4.0,Yes,Yes,81,80,0,Placed
6.5,0,1,0,7,4.1,Yes,No,66,61,2,NotPlaced
8.4,2,3,2,9,4.8,Yes,Yes,73,85,0,Placed
8.0,1,3,3,9,4.8,Yes,Yes,67,84,1,Placed
6.5,1,1,1,6,4.2,Yes,No,70,69,2,Placed
7.5,1,2,1,6,4.0,No,No,64,68,2,NotPlaced
7.5,1,1,2,7,4.3,Yes,No,58,70,0,Placed
7.3,1,1,1,6,4.6,No,Yes,55,61,2,NotPlaced
8.1,2,3,2,9,4.8,Yes,Yes,74,88,1,Placed
6.9,0,2,0,6,3.4,No,No,66,72,3,NotPlaced
7.0,1,1,1,7,4.4,Yes,Yes,78,71,3,Placed
7.9,1,3,3,8,4.5,Yes,Yes,69,67,0,Placed
8.3,1,3,2,8,4.7,Yes,Yes,85,80,0,Placed
7.7,1,1,0,9,4.6,No,No,73,88,0,Placed
7.1,0,3,2,9,4.8,Yes,Yes,74,87,0,Placed
8.4,2,3,0,9,4.8,Yes,Yes,58,88,0,Placed
8.7,2,3,2,9,4.8,Yes,Yes,78,84,0,Placed
7.7,2,3,2,9,4.8,Yes,Yes,82,81,1,Placed
8.6,1,1,1,8,4.8,Yes,Yes,75,80,1,NotPlaced
8.2,0,3,2,8,4.8,Yes,Yes,56,74,0,Placed
8.6,1,1,0,8,4.3,Yes,Yes,55,63,1,NotPlaced
7.6,1,2,2,7,4.1,No,No,62,67,3,NotPlaced
7.9,1,3,0,8,4.3,No,Yes,55,74,2,NotPlaced
6.5,0,1,1,8,3.4,Yes,Yes,60,66,4,NotPlaced
8.3,1,3,2,8,4.7,Yes,Yes,69,85,1,Placed
7.8,1,2,0,8,4.6,No,Yes,56,66,2,NotPlaced
6.9,1,2,1,8,4.6,Yes,Yes,77,86,2,NotPlaced
6.9,0,3,1,8,4.6,Yes,Yes,66,75,2,NotPlaced
8.2,1,3,2,9,4.7,Yes,Yes,65,84,1,Placed
7.7,1,2,1,7,4.6,Yes,Yes,68,70,4,NotPlaced
8.3,2,1,2,8,4.8,Yes,Yes,78,83,1,Placed
8.5,2,3,2,9,4.8,Yes,Yes,82,83,0,Placed
8.4,1,1,0,7,4.8,No,No,64,63,1,NotPlaced
7.5,1,2,0,7,4.2,No,No,55,63,4,NotPlaced
8.6,1,2,0,7,3.9,Yes,Yes,76,61,0,Placed
8.4,2,3,2,9,4.6,Yes,Yes,83,84,1,Placed
6.5,0,3,0,8,3.8,No,Yes,59,69,4,NotPlaced
6.9,1,1,1,7,4.5,No,No,65,72,4,NotPlaced
7.7,1,3,2,7,4.8,No,Yes,68,87,0,Placed
8.3,2,1,1,7,4.1,Yes,Yes,72,68,1,NotPlaced
8.4,1,3,2,9,4.5,Yes,Yes,77,87,1,Placed
7.6,1,1,0,7,3.7,No,Yes,55,65,1,Placed
8.6,0,3,2,9,4.8,Yes,No,81,85,0,Placed
8.2,0,3,0,8,4.8,Yes,Yes,77,83,1,Placed
6.5,1,1,2,8,4.5,Yes,Yes,73,67,2,Placed
7.7,2,2,2,9,4.8,Yes,Yes,90,84,1,Placed
7.6,1,1,2,8,4.3,No,Yes,60,87,0,Placed
7.7,1,3,2,9,4.5,No,Yes,72,88,1,Placed
7.6,2,1,1,6,3.7,No,No,64,71,2,NotPlaced
8.7,1,2,1,7,4.2,Yes,Yes,75,86,0,Placed
6.5,0,2,2,6,4.0,Yes,Yes,61,65,2,NotPlaced
7.6,1,1,0,6,3.6,No,Yes,56,68,3,NotPlaced
7.9,1,3,1,8,4.5,Yes,Yes,77,81,0,Placed
7.6,1,2,1,7,4.3,No,Yes,75,72,2,NotPlaced
7.6,1,3,0,7,3.9,Yes,Yes,85,67,2,NotPlaced
8.3,1,2,1,7,4.7,No,Yes,55,71,1,NotPlaced
8.8,1,3,2,9,4.8,Yes,Yes,81,84,0,Placed
7.6,1,1,1,7,4.0,No,Yes,83,68,3,NotPlaced
7.8,1,1,1,8,4.2,Yes,Yes,64,66,3,NotPlaced
7.5,1,2,0,8,4.3,No,No,76,71,3,NotPlaced
6.8,0,3,0,7,3.9,Yes,Yes,61,67,2,NotPlaced
8.4,1,3,0,8,4.6,Yes,Yes,82,80,0,Placed
8.6,1,3,2,9,4.7,Yes,Yes,84,84,0,Placed
8.1,2,3,2,9,4.5,Yes,Yes,80,85,1,Placed
7.7,1,2,1,6,4.5,No,Yes,56,63,3,NotPlaced
6.5,0,1,0,7,4.0,No,No,58,67,3,NotPlaced
7.7,1,1,0,7,4.1,No,No,62,65,1,Placed
7.1,2,1,1,8,4.6,Yes,Yes,77,83,4,NotPlaced
7.7,2,3,2,7,4.8,Yes,Yes,70,85,0,Placed
6.5,2,1,0,7,3.7,Yes,Yes,61,73,4,NotPlaced
6.7,0,1,1,6,4.4,No,Yes,57,70,2,NotPlaced
8.3,0,3,1,8,3.8,Yes,Yes,55,66,1,Placed
8.6,0,3,0,8,4.6,Yes,Yes,75,88,0,Placed
8.4,1,3,1,7,4.8,Yes,Yes,79,68,1,NotPlaced
8.3,1,1,2,8,4.3,Yes,No,55,83,1,NotPlaced
8.4,0,3,2,8,4.8,Yes,Yes,75,86,1,Placed
8.5,2,1,2,8,4.7,No,Yes,75,84,0,Placed
6.8,0,1,0,7,3.9,No,Yes,78,68,4,NotPlaced
7.7,2,2,1,8,4.8,Yes,No,81,86,1,Placed
7.4,1,3,0,8,4.1,Yes,Yes,77,87,1,Placed
8.7,2,3,2,9,4.8,Yes,Yes,88,84,0,Placed
7.7,1,3,0,8,4.6,Yes,Yes,80,83,1,Placed
7.4,1,1,1,7,4.0,Yes,Yes,55,62,2,NotPlaced
8.6,1,2,2,7,4.8,Yes,No,76,82,0,Placed
8.0,1,2,1,7,3.8,No,Yes,60,66,2,NotPlaced
7.4,0,1,0,6,4.2,No,No,64,67,4,NotPlaced
8.1,1,1,0,8,3.8,No,No,78,68,1,NotPlaced
6.8,1,1,0,7,4.0,No,No,66,69,4,NotPlaced
7.8,0,3,0,7,4.6,Yes,Yes,70,66,1,Placed
7.6,1,1,1,7,4.5,Yes,No,61,72,0,Placed
7.8,1,3,1,7,4.2,No,No,81,70,3,NotPlaced
8.4,2,3,2,8,4.5,Yes,Yes,82,83,1,Placed
6.8,1,2,0,7,4.3,No,Yes,55,67,4,NotPlaced
7.5,1,1,2,6,3.9,Yes,Yes,80,78,2,NotPlaced
7.4,1,2,1,7,4.6,No,Yes,55,66,2,NotPlaced
6.6,1,1,2,7,4.8,No,No,65,66,2,NotPlaced
7.5,1,2,1,6,4.1,No,No,58,64,2,NotPlaced
7.7,2,3,0,7,4.6,Yes,No,79,57,2,NotPlaced
7.0,1,3,0,7,4.6,Yes,Yes,77,67,3,NotPlaced
7.6,1,1,1,6,3.5,No,No,55,58,2,NotPlaced
7.7,1,1,2,8,4.5,Yes,Yes,81,83,2,NotPlaced
8.6,1,2,2,9,4.8,Yes,Yes,80,87,0,Placed
6.5,1,1,1,6,3.9,No,Yes,55,73,2,NotPlaced
7.3,2,3,2,9,4.3,Yes,Yes,74,72,2,NotPlaced
7.8,1,2,0,8,4.1,No,Yes,55,79,1,Placed
7.8,1,3,0,8,3.9,No,No,55,83,4,NotPlaced
7.4,1,2,0,7,4.1,No,Yes,71,66,2,NotPlaced
8.5,2,3,2,8,4.8,Yes,Yes,76,83,0,Placed
8.1,1,3,2,8,4.8,Yes,Yes,80,68,0,Placed
8.6,2,2,2,8,4.6,Yes,Yes,83,84,0,Placed
8.2,1,1,1,7,3.9,Yes,No,59,71,1,NotPlaced
7.4,1,1,1,8,4.1,No,Yes,55,70,4,NotPlaced
7.4,1,2,1,8,3.9,No,Yes,58,64,3,NotPlaced
8.1,2,3,2,8,4.6,Yes,Yes,83,85,1,Placed
8.4,2,3,0,9,4.2,Yes,Yes,82,85,0,Placed
8.2,1,3,1,8,4.5,Yes,Yes,80,86,0,Placed
8.2,0,2,2,7,4.1,Yes,No,55,63,1,NotPlaced
8.1,2,3,2,8,4.5,Yes,Yes,87,88,1,Placed
7.5,1,1,0,6,4.1,No,No,55,60,2,NotPlaced
7.5,0,1,1,7,4.5,No,Yes,55,67,2,NotPlaced
8.2,0,3,2,8,4.8,Yes,No,75,88,1,Placed
7.6,0,1,0,8,3.9,No,No,60,71,3,NotPlaced
7.5,1,2,0,8,3.6,Yes,Yes,71,87,0,Placed
6.6,0,1,1,6,3.9,No,No,64,63,4,NotPlaced
6.6,1,1,0,6,3.0,No,No,67,70,2,NotPlaced
8.4,1,3,2,8,4.8,Yes,Yes,71,81,1,NotPlaced
8.7,2,3,0,8,4.7,Yes,Yes,80,74,0,Placed
7.5,0,1,0,7,4.0,No,Yes,55,87,2,NotPlaced
7.4,1,2,2,6,3.8,No,Yes,57,67,4,NotPlaced
7.0,0,1,0,6,4.7,No,Yes,57,72,4,NotPlaced
8.0,1,2,2,8,4.6,Yes,Yes,70,69,1,Placed
8.2,0,1,2,7,4.4,No,Yes,80,73,1,Placed
7.8,2,1,1,7,4.3,Yes,Yes,69,68,0,Placed
7.5,1,1,1,7,4.1,Yes,Yes,56,63,2,NotPlaced
8.7,0,3,0,7,4.7,No,No,55,66,1,NotPlaced
7.6,1,1,0,7,3.1,No,Yes,55,61,2,NotPlaced
7.6,1,1,1,8,4.3,No,Yes,77,70,4,NotPlaced
6.5,2,2,1,6,3.5,No,No,59,67,3,NotPlaced
6.5,0,2,0,6,4.5,No,No,64,69,2,NotPlaced
7.4,1,1,0,6,3.7,No,Yes,81,82,3,NotPlaced
7.5,1,1,0,6,4.2,No,No,55,71,3,NotPlaced
8.5,2,3,2,9,4.8,Yes,Yes,77,88,0,Placed
8.0,2,3,2,9,4.2,Yes,Yes,73,87,0,Placed
8.2,2,3,2,9,4.8,Yes,Yes,77,88,1,Placed
7.7,1,2,0,8,4.1,No,Yes,57,68,4,NotPlaced
8.5,2,3,2,9,4.8,Yes,No,75,85,0,Placed
8.0,0,3,1,8,3.7,No,Yes,59,81,4,NotPlaced
7.2,0,2,1,7,4.0,No,Yes,55,64,3,NotPlaced
7.6,1,3,0,9,4.8,Yes,Yes,84,86,0,Placed
7.7,1,2,0,7,4.5,No,Yes,67,67,2,NotPlaced
7.5,2,1,0,7,3.6,No,Yes,61,60,3,NotPlaced
7.6,1,1,0,7,4.8,Yes,Yes,67,73,3,NotPlaced
7.4,0,1,2,7,3.5,No,Yes,55,66,3,NotPlaced
6.5,1,1,0,7,3.6,No,Yes,78,72,3,NotPlaced
6.5,1,1,1,7,3.3,No,Yes,55,60,4,NotPlaced
7.0,1,1,1,7,4.0,No,No,60,58,3,NotPlaced
8.1,1,1,0,7,3.4,No,Yes,70,62,1,Placed
8.1,2,3,2,8,4.1,Yes,Yes,87,85,0,Placed
7.8,1,2,1,7,4.4,No,Yes,58,66,0,Placed
7.3,1,1,3,8,4.5,Yes,Yes,64,76,1,Placed
6.5,1,1,0,8,3.9,No,Yes,55,65,3,NotPlaced
6.5,1,1,1,7,3.9,No,No,58,60,2,NotPlaced
7.8,1,3,2,8,4.8,Yes,Yes,88,83,1,Placed
7.5,1,3,1,7,4.3,No,Yes,55,64,3,NotPlaced
6.5,1,1,0,6,3.9,No,No,60,72,2,NotPlaced
7.6,1,2,1,9,3.8,Yes,Yes,72,65,2,NotPlaced
8.2,1,2,1,7,4.5,Yes,Yes,71,80,1,NotPlaced
8.4,2,1,1,8,4.2,Yes,Yes,76,78,1,NotPlaced
8.1,2,2,0,7,4.2,No,Yes,55,68,0,Placed
8.0,1,1,0,7,3.6,Yes,Yes,78,83,0,Placed
7.5,2,3,2,8,4.3,Yes,No,78,81,4,NotPlaced
8.4,0,3,2,8,4.8,Yes,Yes,86,85,1,Placed
8.4,2,3,2,9,4.8,Yes,Yes,73,84,1,Placed
7.5,1,3,0,8,4.6,Yes,Yes,81,80,2,NotPlaced
8.2,2,3,2,9,4.8,Yes,Yes,89,82,1,Placed
7.6,1,3,0,7,3.9,No,Yes,78,83,1,Placed
8.9,1,3,2,9,4.3,Yes,Yes,66,83,0,Placed
6.6,2,2,0,8,4.8,Yes,Yes,57,84,4,NotPlaced
8.1,2,3,2,9,4.8,Yes,Yes,73,85,0,Placed
6.8,1,1,0,6,4.0,No,Yes,64,66,3,NotPlaced
7.7,0,1,1,6,3.8,No,No,55,63,4,NotPlaced
7.4,1,1,0,6,4.4,No,No,56,64,2,NotPlaced
8.5,2,3,2,9,4.7,Yes,Yes,84,87,0,Placed
7.3,0,1,0,7,3.3,No,No,60,67,2,NotPlaced
8.1,0,3,0,8,4.7,Yes,No,88,86,1,Placed
6.5,1,1,1,6,4.0,No,No,62,69,2,NotPlaced
6.5,1,1,0,7,4.2,No,Yes,72,64,3,NotPlaced
7.7,0,1,1,8,3.7,No,Yes,55,69,2,NotPlaced
6.5,1,1,0,8,4.3,No,No,55,74,3,NotPlaced
7.0,1,1,0,8,4.0,No,Yes,55,83,3,Placed
8.0,0,3,2,7,4.7,Yes,Yes,77,88,1,Placed
7.7,2,1,0,7,3.6,Yes,Yes,69,70,3,NotPlaced
7.3,1,1,1,7,3.4,No,Yes,55,68,4,NotPlaced
8.3,1,1,1,7,4.3,No,No,58,70,1,NotPlaced
6.7,1,1,2,8,4.4,No,Yes,55,64,1,Placed
8.0,0,0,1,8,4.8,Yes,Yes,67,83,3,NotPlaced
7.6,0,1,0,7,4.0,No,Yes,55,73,3,NotPlaced
7.6,1,2,1,8,4.2,No,No,55,70,3,NotPlaced
7.7,1,1,3,7,3.6,Yes,No,62,84,4,NotPlaced
7.5,1,1,3,7,4.5,Yes,No,56,71,2,NotPlaced
8.6,1,3,3,8,3.9,Yes,Yes,75,84,0,Placed
7.6,1,2,2,8,4.7,Yes,Yes,57,65,1,Placed
7.5,0,2,0,6,4.3,No,No,55,70,3,NotPlaced
7.6,1,2,1,7,4.1,Yes,Yes,64,67,3,NotPlaced
7.0,1,1,1,7,4.3,Yes,Yes,62,57,2,NotPlaced
7.8,1,2,2,9,4.8,Yes,Yes,81,80,1,Placed
8.5,2,3,2,9,4.8,Yes,No,78,81,0,Placed
8.1,1,2,0,8,4.0,Yes,Yes,74,79,0,Placed
6.5,1,3,2,7,4.3,Yes,Yes,55,82,4,NotPlaced
8.5,1,3,2,8,4.6,Yes,Yes,84,86,0,Placed
7.4,1,2,2,8,4.2,Yes,Yes,55,86,4,NotPlaced
7.8,1,2,1,8,4.7,Yes,No,80,78,2,NotPlaced
7.5,1,2,0,6,3.8,No,No,64,67,4,NotPlaced
8.4,1,3,2,9,4.8,Yes,No,77,82,1,NotPlaced
8.1,1,3,0,6,3.9,No,Yes,61,68,1,NotPlaced
6.8,1,2,0,8,4.4,Yes,Yes,77,62,0,Placed
7.7,1,1,0,8,3.9,No,No,57,59,0,Placed
8.6,2,3,2,8,4.7,Yes,Yes,73,84,1,NotPlaced
7.6,1,1,1,8,4.0,Yes,Yes,59,67,4,NotPlaced
7.9,1,3,2,8,4.8,Yes,Yes,89,86,0,Placed
8.7,0,2,0,8,4.7,Yes,Yes,57,83,0,Placed
7.4,0,1,0,8,4.1,No,Yes,58,69,3,NotPlaced
6.7,0,1,0,7,4.2,No,No,62,67,3,NotPlaced
7.3,1,1,0,7,3.7,No,No,62,65,2,NotPlaced
8.2,1,3,2,9,4.4,Yes,Yes,82,85,1,NotPlaced
7.6,0,1,1,7,3.9,No,No,71,63,1,Placed
7.6,1,1,1,7,4.2,No,Yes,59,71,2,NotPlaced
6.7,1,1,0,9,4.3,No,No,80,82,2,Placed
8.3,1,2,0,8,3.6,Yes,Yes,81,84,1,NotPlaced
6.5,1,2,0,7,4.4,No,Yes,58,74,1,Placed
8.0,1,3,2,9,4.8,Yes,Yes,76,84,0,Placed
8.8,2,3,2,9,4.8,Yes,Yes,72,86,0,Placed
8.4,0,3,0,9,4.3,Yes,No,59,66,1,Placed
7.9,1,2,0,7,4.1,No,Yes,55,72,4,NotPlaced
7.6,0,2,1,8,4.6,Yes,Yes,72,83,3,NotPlaced
7.3,0,1,0,8,4.2,No,Yes,73,68,4,NotPlaced
6.7,1,3,1,7,4.1,Yes,Yes,55,82,1,Placed
7.6,1,2,0,8,4.2,No,Yes,56,70,3,NotPlaced
7.3,0,2,0,8,4.2,No,Yes,71,66,4,NotPlaced
8.5,2,3,0,8,4.4,Yes,Yes,87,83,1,Placed
8.7,1,3,2,9,4.8,Yes,Yes,77,79,0,Placed
7.7,1,3,0,8,4.8,Yes,Yes,79,85,0,Placed
6.5,1,1,0,6,4.1,No,No,58,70,4,NotPlaced
8.2,1,3,2,9,4.8,Yes,Yes,78,83,1,Placed
6.5,0,1,0,7,3.5,No,Yes,55,71,0,Placed
7.5,1,1,0,7,4.3,No,No,58,70,2,NotPlaced
7.4,1,1,1,6,3.1,No,Yes,55,63,2,NotPlaced
8.1,1,3,0,8,4.4,Yes,Yes,69,83,1,NotPlaced
7.6,0,2,0,7,4.0,Yes,Yes,62,63,0,Placed
6.6,1,1,1,6,3.3,No,No,56,66,3,NotPlaced
7.4,1,2,0,8,4.1,No,Yes,55,64,2,NotPlaced
8.9,2,3,2,8,4.4,Yes,Yes,64,74,0,Placed
6.5,1,2,1,7,3.9,Yes,Yes,74,85,2,NotPlaced
8.4,2,3,2,9,4.7,Yes,Yes,77,84,0,Placed
8.2,2,3,2,8,4.7,Yes,Yes,86,71,1,Placed
6.5,0,1,0,6,4.4,No,No,57,66,2,NotPlaced
7.0,1,3,0,8,4.7,Yes,Yes,60,67,5,Placed
6.5,2,2,0,7,3.8,No,No,59,57,1,Placed
6.5,1,1,0,8,3.4,No,Yes,59,65,4,NotPlaced
8.6,1,1,1,8,3.0,No,No,55,72,1,NotPlaced
8.2,1,3,2,8,4.6,Yes,Yes,65,85,1,Placed
7.5,1,1,0,6,3.5,No,No,74,67,2,NotPlaced
7.4,1,1,0,6,4.4,No,Yes,60,61,4,NotPlaced
7.4,1,1,0,7,3.9,No,No,57,72,2,NotPlaced
8.6,2,3,2,8,4.3,Yes,Yes,77,86,0,Placed
6.7,1,2,1,8,3.8,No,No,61,65,3,NotPlaced
8.6,2,3,2,7,4.8,Yes,Yes,68,80,1,NotPlaced
7.7,2,2,0,7,4.3,Yes,Yes,79,81,0,Placed
6.5,2,2,0,7,4.1,Yes,No,57,64,3,NotPlaced
6.5,1,1,1,8,3.9,No,Yes,57,70,3,NotPlaced
8.2,1,3,2,8,4.5,Yes,Yes,76,85,1,Placed
7.7,0,3,0,7,4.2,Yes,Yes,74,81,1,Placed
8.0,2,3,2,7,4.1,Yes,Yes,77,83,3,NotPlaced
6.5,0,2,1,8,4.8,Yes,Yes,74,88,2,Placed
7.7,1,2,2,7,4.2,Yes,Yes,69,76,0,Placed
8.1,1,2,3,8,4.6,Yes,Yes,55,63,1,NotPlaced
6.8,1,1,0,7,4.3,No,Yes,61,68,4,NotPlaced
7.9,1,1,2,8,4.1,Yes,Yes,76,83,3,NotPlaced
7.5,0,2,0,7,4.3,No,No,56,71,4,NotPlaced
7.4,0,2,1,8,4.1,No,No,66,64,3,NotPlaced
6.9,1,1,1,7,3.7,No,Yes,65,66,3,NotPlaced
7.5,1,1,0,6,3.8,No,No,66,59,2,NotPlaced
7.9,2,3,2,9,4.7,Yes,Yes,88,83,0,Placed
7.9,2,3,2,9,4.3,Yes,Yes,83,84,1,Placed
8.2,0,2,1,8,4.8,No,Yes,71,65,1,NotPlaced
7.6,1,3,2,7,4.3,Yes,No,55,64,2,NotPlaced
8.3,1,3,1,8,4.8,Yes,Yes,79,86,0,Placed
9.0,0,1,1,7,3.5,Yes,No,56,61,0,Placed
7.7,0,1,1,7,3.6,Yes,Yes,56,65,4,NotPlaced
8.2,0,3,0,8,4.6,Yes,Yes,71,84,1,NotPlaced
7.4,1,1,0,8,4.4,No,Yes,55,71,2,NotPlaced
8.2,1,3,0,9,4.7,Yes,Yes,55,70,1,Placed
8.1,1,3,2,8,4.3,Yes,Yes,76,65,1,Placed
8.2,2,3,2,9,4.8,Yes,Yes,77,86,1,NotPlaced
7.7,1,1,0,7,3.2,No,No,55,59,2,NotPlaced
7.4,1,3,1,8,3.7,Yes,Yes,64,70,0,Placed
8.2,2,3,2,9,4.8,Yes,Yes,85,83,1,Placed
8.3,0,3,2,8,4.4,Yes,Yes,76,88,1,Placed
8.5,1,1,2,7,4.6,No,Yes,55,82,0,Placed
8.4,2,3,3,9,4.8,Yes,No,66,71,1,NotPlaced
8.1,1,3,2,8,4.8,Yes,Yes,80,82,1,NotPlaced
6.5,1,3,0,7,4.4,No,No,55,70,2,NotPlaced
6.5,1,1,0,7,3.8,No,Yes,59,68,2,Placed
7.6,0,1,0,6,3.8,No,No,60,69,3,NotPlaced
6.5,1,1,1,7,3.4,No,No,55,65,4,NotPlaced
8.3,1,3,2,7,4.4,Yes,No,70,86,1,NotPlaced
7.2,2,2,0,8,4.8,No,Yes,55,65,4,NotPlaced
7.9,2,3,2,9,4.7,Yes,Yes,87,83,1,Placed
8.3,1,3,2,8,4.4,Yes,Yes,63,81,0,Placed
7.7,0,2,0,7,3.6,No,Yes,55,66,3,NotPlaced
8.9,2,3,2,8,4.8,Yes,Yes,81,79,0,Placed
8.6,0,3,1,8,4.6,Yes,Yes,72,85,1,NotPlaced
7.4,1,1,1,7,3.3,No,No,55,62,3,NotPlaced
9.0,2,3,3,8,4.8,Yes,Yes,76,87,0,Placed
6.5,1,3,0,8,4.3,Yes,Yes,82,68,2,NotPlaced
7.7,1,2,0,7,4.0,Yes,Yes,57,70,4,NotPlaced
7.6,1,2,0,8,4.7,No,Yes,83,86,0,Placed
7.3,1,1,1,7,4.5,No,Yes,68,73,3,NotPlaced
8.5,1,3,3,8,4.3,Yes,Yes,79,85,0,Placed
8.3,1,3,2,8,4.8,Yes,No,70,80,1,NotPlaced
8.4,2,3,2,9,4.6,Yes,Yes,74,80,1,NotPlaced
6.5,0,1,1,8,3.7,No,Yes,67,68,1,Placed
8.1,1,1,0,6,4.0,No,Yes,55,70,1,NotPlaced
8.6,2,3,1,9,4.8,Yes,Yes,77,84,0,Placed
7.6,1,1,1,6,4.3,Yes,Yes,64,71,4,NotPlaced
8.7,1,2,1,7,4.2,Yes,Yes,55,80,0,Placed
6.5,1,2,0,7,4.1,No,Yes,55,59,3,NotPlaced
7.4,2,3,2,8,4.6,Yes,Yes,79,73,3,NotPlaced
7.4,1,1,1,7,4.3,Yes,Yes,63,69,2,NotPlaced
8.5,1,2,3,8,4.3,Yes,Yes,55,86,1,NotPlaced
8.3,2,3,2,8,4.2,Yes,Yes,76,86,1,NotPlaced
8.4,2,3,1,7,4.8,Yes,Yes,56,80,1,NotPlaced
6.7,1,3,0,8,4.4,Yes,Yes,69,67,4,NotPlaced
7.4,1,1,0,7,3.1,No,No,68,64,3,NotPlaced
8.1,1,3,0,7,4.0,Yes,Yes,72,65,0,Placed
7.6,1,1,0,8,4.8,Yes,Yes,79,79,4,NotPlaced
7.0,1,3,0,8,4.8,Yes,Yes,72,84,7,Placed
7.5,1,3,0,8,4.0,Yes,Yes,79,83,3,NotPlaced
7.7,0,1,1,9,4.4,No,Yes,80,64,4,NotPlaced
8.1,2,3,2,8,3.8,Yes,Yes,71,84,0,Placed
8.1,0,2,1,7,4.3,No,Yes,58,78,1,NotPlaced
7.8,2,3,3,8,4.4,Yes,Yes,61,84,0,Placed
8.4,1,3,0,8,4.7,Yes,Yes,72,85,1,Placed
6.8,1,1,0,9,4.5,No,Yes,73,57,4,NotPlaced
8.4,1,3,2,7,4.5,Yes,Yes,68,83,0,Placed
8.5,2,3,2,9,4.8,Yes,Yes,85,84,1,Placed
8.3,1,3,1,8,4.4,Yes,Yes,72,81,0,Placed
7.5,1,3,2,9,4.8,Yes,Yes,67,88,1,Placed
7.5,0,3,0,8,4.4,Yes,Yes,67,86,3,NotPlaced
8.2,1,3,2,8,4.3,Yes,Yes,82,84,0,Placed
7.4,1,1,0,7,4.7,No,Yes,55,62,4,NotPlaced
7.4,1,1,0,6,4.2,No,Yes,56,71,2,NotPlaced
6.5,0,1,1,6,4.1,No,No,55,66,4,NotPlaced
7.6,1,1,1,7,3.8,No,Yes,55,69,1,Placed
8.4,1,3,2,9,4.8,Yes,Yes,76,84,0,Placed
7.5,1,1,2,6,3.7,Yes,Yes,57,70,4,NotPlaced
8.2,1,3,0,6,3.8,Yes,Yes,75,73,0,Placed
6.8,0,2,0,8,4.3,Yes,No,55,64,0,Placed
6.9,1,1,0,6,4.0,No,Yes,64,71,3,NotPlaced
7.7,2,3,2,9,4.8,Yes,Yes,86,88,0,Placed
8.2,1,1,2,7,4.8,Yes,Yes,61,58,1,NotPlaced
8.0,0,2,0,7,3.8,No,Yes,55,65,4,NotPlaced
8.4,1,2,1,7,4.0,Yes,Yes,55,84,1,Placed
7.6,1,2,2,7,4.7,Yes,Yes,61,75,3,NotPlaced
7.8,1,1,1,7,4.2,No,No,55,72,3,NotPlaced
7.7,1,2,0,7,3.9,Yes,Yes,59,70,4,NotPlaced
7.2,0,1,1,7,4.2,No,No,55,69,3,NotPlaced
6.6,1,2,0,7,3.8,No,No,58,62,3,NotPlaced
6.9,2,3,2,8,4.8,Yes,Yes,79,85,0,Placed
7.9,0,1,1,6,3.6,Yes,Yes,76,63,4,NotPlaced
8.4,2,3,0,9,4.8,Yes,Yes,88,80,1,Placed
6.8,1,1,0,8,3.9,No,No,58,61,4,NotPlaced
7.7,0,2,0,9,4.4,Yes,Yes,79,69,1,Placed
7.6,1,1,0,7,4.4,No,Yes,63,66,3,NotPlaced
8.2,2,2,2,7,4.0,No,No,65,63,1,NotPlaced
7.7,1,1,0,7,4.5,No,No,84,67,4,NotPlaced
7.1,1,1,1,7,4.3,No,Yes,78,71,4,NotPlaced
8.4,1,1,1,7,3.7,No,Yes,55,72,1,Placed
6.6,1,1,1,8,4.0,No,No,55,66,4,NotPlaced
8.5,2,3,2,9,4.6,Yes,Yes,71,84,1,Placed
8.8,2,3,2,9,4.7,Yes,Yes,84,86,0,Placed
8.3,1,3,0,9,4.8,Yes,Yes,82,68,1,Placed
7.7,1,1,0,7,3.9,No,Yes,69,72,2,NotPlaced
6.5,0,3,0,7,4.0,Yes,No,62,71,3,NotPlaced
7.5,2,1,1,8,4.3,No,Yes,72,64,2,NotPlaced
7.9,1,3,2,8,4.6,Yes,Yes,84,85,1,Placed
8.1,2,3,2,9,4.4,Yes,No,81,80,1,NotPlaced
7.6,0,1,1,7,3.7,No,Yes,71,72,3,NotPlaced
7.8,2,3,2,8,4.8,No,Yes,65,79,4,NotPlaced
6.5,0,2,0,7,4.1,No,No,59,69,2,NotPlaced
7.5,0,3,0,8,3.9,No,Yes,77,76,0,Placed
6.5,2,3,2,6,4.7,Yes,No,67,65,2,NotPlaced
7.4,1,2,0,8,4.3,No,Yes,71,69,2,NotPlaced
7.9,1,2,0,7,3.9,No,Yes,62,73,3,NotPlaced
6.7,0,3,1,8,4.1,Yes,No,60,84,3,NotPlaced
8.1,2,3,2,9,4.8,Yes,Yes,80,87,0,Placed
8.0,1,2,1,8,4.5,No,Yes,66,71,2,NotPlaced
7.5,0,2,1,8,4.8,Yes,Yes,66,71,0,Placed
7.6,1,3,1,7,4.3,Yes,Yes,68,64,0,Placed
8.4,2,3,2,8,4.5,Yes,Yes,73,83,0,Placed
7.5,1,2,0,6,3.4,No,Yes,55,68,2,NotPlaced
7.3,1,1,0,6,3.3,No,Yes,61,74,2,NotPlaced
7.6,1,1,1,6,3.6,No,Yes,67,65,4,NotPlaced
7.5,1,2,0,8,4.3,No,Yes,66,66,4,NotPlaced
7.9,1,3,2,8,4.8,Yes,Yes,58,81,3,NotPlaced
8.6,1,2,2,8,4.3,Yes,Yes,79,84,0,Placed
6.8,1,1,1,8,4.2,No,Yes,55,64,4,NotPlaced
8.3,2,3,2,8,4.3,Yes,Yes,81,81,1,NotPlaced
7.5,1,2,1,7,4.2,Yes,No,76,80,2,NotPlaced
7.2,1,1,0,7,3.8,No,Yes,62,59,3,NotPlaced
7.6,1,3,3,8,4.8,Yes,No,79,83,4,NotPlaced
8.6,2,3,2,9,4.8,Yes,Yes,81,82,0,Placed
6.5,1,2,1,6,4.5,Yes,Yes,69,71,2,NotPlaced
8.0,1,1,2,8,4.6,Yes,Yes,77,84,4,NotPlaced
8.4,0,2,1,7,4.0,Yes,No,75,64,1,NotPlaced
7.4,1,2,0,7,4.1,Yes,No,77,69,4,NotPlaced
7.7,0,1,0,8,4.7,Yes,Yes,62,68,2,NotPlaced
7.1,0,2,2,8,4.2,Yes,Yes,61,76,1,Placed
6.9,0,1,0,7,4.6,No,Yes,55,67,3,NotPlaced
6.7,0,1,1,6,4.5,No,No,62,59,3,NotPlaced
8.0,1,2,1,7,4.1,Yes,Yes,80,65,2,NotPlaced
8.1,1,3,3,8,4.8,No,Yes,72,83,1,Placed
8.5,1,3,2,7,4.8,Yes,Yes,76,84,0,Placed
7.7,1,2,1,7,4.8,Yes,Yes,70,66,2,NotPlaced
8.4,1,3,3,8,4.8,Yes,Yes,84,72,1,Placed
7.1,1,2,2,7,4.3,Yes,Yes,55,66,2,NotPlaced
6.9,0,2,0,7,4.0,No,Yes,55,71,4,NotPlaced
8.3,2,3,2,9,4.8,Yes,Yes,68,81,1,NotPlaced
8.3,2,3,2,8,4.8,Yes,Yes,78,83,1,Placed
8.5,2,3,2,8,4.1,Yes,Yes,85,83,1,Placed
6.5,1,1,2,7,4.7,Yes,Yes,66,67,3,NotPlaced
8.6,2,3,2,9,4.8,Yes,Yes,88,87,0,Placed
7.8,1,3,2,7,4.2,Yes,No,81,64,2,NotPlaced
8.0,0,3,2,9,4.8,Yes,Yes,71,83,0,Placed
8.3,2,3,2,9,4.8,Yes,Yes,75,85,0,Placed
8.3,2,3,2,8,4.5,Yes,No,73,84,1,Placed
7.7,2,3,0,9,4.7,Yes,No,88,78,2,NotPlaced
6.5,1,1,0,7,3.6,No,No,61,72,4,NotPlaced
8.7,2,3,2,8,4.8,Yes,Yes,72,88,0,Placed
7.5,1,1,0,7,3.4,No,Yes,57,73,4,NotPlaced
7.4,1,3,1,8,4.4,Yes,No,56,83,2,NotPlaced
7.4,1,2,1,7,4.1,No,Yes,61,82,2,NotPlaced
7.6,1,1,2,7,4.3,No,Yes,55,66,0,Placed
8.2,0,3,2,9,4.4,Yes,Yes,67,88,0,Placed
8.2,2,3,2,9,4.8,Yes,Yes,73,88,0,Placed
8.8,0,3,2,7,4.5,Yes,Yes,83,82,0,Placed
7.6,0,1,0,7,4.8,No,No,78,63,2,NotPlaced
7.5,0,3,2,9,4.7,Yes,Yes,71,85,0,Placed
7.8,1,2,1,7,4.3,No,No,55,68,4,NotPlaced
8.4,1,3,0,8,4.7,Yes,Yes,71,87,0,Placed
7.9,0,1,0,8,4.8,Yes,Yes,81,85,1,Placed
7.6,0,2,2,9,4.6,Yes,Yes,85,77,0,Placed
7.5,1,1,2,7,4.3,No,No,55,66,2,NotPlaced
8.0,1,1,1,7,3.8,Yes,Yes,62,69,3,NotPlaced
8.4,1,3,0,6,4.3,Yes,Yes,55,68,1,NotPlaced
7.4,1,2,1,6,3.6,No,Yes,58,67,3,NotPlaced
8.4,1,3,2,9,4.8,Yes,Yes,86,85,1,Placed
7.5,1,1,1,7,4.0,Yes,No,59,69,2,NotPlaced
8.2,1,1,1,8,4.8,No,Yes,68,77,0,Placed
7.7,1,3,1,9,4.6,Yes,Yes,81,82,0,Placed
8.3,1,2,2,8,4.6,Yes,Yes,75,88,1,Placed
7.6,0,3,1,8,4.7,Yes,No,78,81,1,Placed
8.6,2,2,2,8,4.8,Yes,Yes,80,83,0,Placed
8.1,1,2,1,8,4.6,No,Yes,82,81,1,NotPlaced
8.1,1,3,2,9,4.6,Yes,Yes,75,82,0,Placed
8.5,1,3,2,8,4.3,Yes,Yes,72,84,1,Placed
7.5,1,1,0,8,3.3,Yes,Yes,81,66,3,NotPlaced
7.9,1,1,0,8,4.2,No,Yes,72,69,4,NotPlaced
7.5,0,2,0,7,4.1,Yes,Yes,74,77,3,NotPlaced
6.9,1,1,1,7,4.4,Yes,Yes,80,83,2,Placed
7.5,1,3,1,7,4.8,No,Yes,69,73,1,Placed
8.2,2,3,2,9,4.8,Yes,Yes,72,82,0,Placed
7.6,1,2,1,7,3.9,No,No,81,64,4,NotPlaced
8.3,1,3,2,9,4.6,Yes,Yes,85,84,0,Placed
8.6,2,3,2,9,4.8,Yes,Yes,67,85,1,NotPlaced
8.5,2,3,3,7,4.7,No,Yes,66,85,0,Placed
7.9,2,2,0,9,3.6,Yes,Yes,69,71,2,NotPlaced
8.5,1,3,2,9,4.8,Yes,Yes,85,85,1,NotPlaced
7.0,1,1,0,6,4.1,No,No,65,57,4,NotPlaced
7.7,0,3,2,8,4.8,Yes,Yes,80,86,0,Placed
8.6,1,3,2,8,4.8,Yes,Yes,88,81,0,Placed
8.1,1,3,0,9,4.5,No,Yes,59,83,1,NotPlaced
7.7,1,2,0,7,4.7,Yes,Yes,79,66,1,Placed
6.5,1,1,1,8,4.3,No,Yes,67,70,4,NotPlaced
6.7,1,2,1,6,3.1,No,Yes,55,68,3,NotPlaced
7.0,1,1,2,8,4.1,No,No,69,59,7,Placed
8.6,1,3,2,9,4.7,Yes,Yes,77,80,0,Placed
6.8,1,3,0,8,4.4,Yes,No,78,67,2,NotPlaced
7.2,0,1,1,6,4.3,Yes,Yes,58,59,3,NotPlaced
7.5,1,1,1,9,4.6,Yes,Yes,59,86,1,Placed
7.0,1,1,0,7,4.1,No,Yes,56,73,4,NotPlaced
8.6,1,2,0,8,4.2,No,Yes,71,67,0,Placed
7.6,1,1,1,7,4.0,Yes,Yes,55,69,3,NotPlaced
8.5,1,2,1,6,4.8,No,No,66,67,1,NotPlaced
8.1,0,3,2,9,4.8,Yes,Yes,84,86,1,Placed
8.4,1,2,2,7,4.0,Yes,Yes,75,79,1,Placed
8.2,2,3,2,9,4.8,Yes,Yes,74,85,1,NotPlaced
7.3,2,1,1,8,4.2,Yes,No,90,65,3,NotPlaced
8.4,2,3,2,9,4.8,Yes,Yes,83,84,1,Placed
7.3,1,1,1,7,4.5,No,Yes,55,74,2,NotPlaced
7.4,0,2,0,8,4.4,No,No,89,69,4,NotPlaced
6.6,1,2,0,7,3.6,No,No,55,67,3,NotPlaced
8.6,1,2,1,6,4.0,Yes,Yes,55,67,1,NotPlaced
8.7,1,2,2,8,4.8,Yes,Yes,89,85,0,Placed
8.0,1,2,0,8,4.4,No,No,55,72,2,NotPlaced
7.6,1,3,1,7,4.8,Yes,Yes,55,74,3,NotPlaced
7.6,1,3,0,7,3.9,No,Yes,59,71,0,Placed
8.2,1,3,1,8,4.0,Yes,Yes,55,66,1,NotPlaced
7.5,1,2,0,6,4.4,No,No,55,62,4,NotPlaced
8.3,2,3,2,8,4.4,Yes,Yes,81,86,1,Placed
6.7,0,1,0,6,4.5,No,No,65,60,3,NotPlaced
7.5,1,1,1,8,4.5,No,Yes,73,67,3,NotPlaced
8.3,2,1,0,8,4.3,Yes,Yes,86,70,1,NotPlaced
7.4,1,1,0,6,4.1,No,Yes,55,72,0,Placed
8.2,2,3,0,8,4.3,Yes,Yes,84,87,0,Placed
8.5,2,3,2,7,4.8,Yes,Yes,68,84,0,Placed
8.3,1,2,1,7,4.2,No,Yes,67,84,1,NotPlaced
6.7,1,1,0,7,3.7,No,Yes,77,83,4,NotPlaced
8.1,1,3,2,8,4.2,Yes,Yes,75,88,1,NotPlaced
8.4,1,3,3,7,4.7,Yes,Yes,76,79,1,NotPlaced
8.0,1,1,0,8,3.3,No,No,78,80,2,NotPlaced
8.2,1,0,0,8,4.8,No,Yes,72,66,1,Placed
7.6,1,1,1,6,4.4,No,Yes,56,69,3,NotPlaced
8.3,1,3,2,8,4.7,Yes,No,77,87,1,Placed
8.0,1,1,0,8,4.8,No,Yes,61,68,2,NotPlaced
7.5,1,1,1,8,4.0,No,No,56,63,4,NotPlaced
7.8,1,2,0,9,4.8,Yes,Yes,84,84,2,NotPlaced
8.5,1,1,1,7,4.0,Yes,Yes,59,83,1,NotPlaced
7.8,2,1,2,8,4.3,Yes,Yes,77,70,3,NotPlaced
7.8,1,2,1,6,4.4,Yes,Yes,70,77,2,NotPlaced
7.6,2,3,0,8,3.9,Yes,Yes,68,80,1,Placed
8.4,0,3,2,8,4.7,Yes,Yes,70,70,1,Placed
7.4,1,3,1,7,4.3,No,Yes,71,62,3,NotPlaced
7.4,1,1,0,6,4.3,Yes,Yes,60,83,0,Placed
7.3,0,2,0,8,4.5,No,No,60,69,2,NotPlaced
7.1,1,3,2,7,3.8,Yes,No,57,62,4,NotPlaced
6.6,1,2,0,7,4.4,No,Yes,58,71,3,NotPlaced
8.1,2,3,2,9,4.8,Yes,Yes,73,88,0,Placed
8.5,2,3,2,9,4.8,Yes,No,80,87,0,Placed
8.4,1,3,0,8,4.1,Yes,Yes,87,85,0,Placed
8.3,2,1,0,7,4.0,Yes,Yes,62,67,0,Placed
7.7,1,3,0,8,4.8,Yes,Yes,59,62,4,NotPlaced
7.7,1,1,0,6,3.6,No,Yes,55,63,3,NotPlaced
7.6,1,1,1,7,4.4,Yes,Yes,55,70,3,NotPlaced
6.5,1,1,1,6,3.5,No,No,55,65,2,NotPlaced
8.1,2,3,2,9,4.7,Yes,Yes,78,84,1,Placed
8.6,2,3,1,8,4.8,Yes,Yes,71,83,0,Placed
8.0,1,3,2,9,4.0,No,Yes,78,86,0,Placed
8.5,2,3,2,8,4.8,Yes,Yes,73,83,0,Placed
7.9,0,3,2,9,4.6,Yes,Yes,79,88,0,Placed
8.0,0,3,2,7,4.6,Yes,No,82,82,1,Placed
8.4,1,3,2,8,4.6,Yes,Yes,59,85,1,NotPlaced
8.2,1,3,0,8,4.4,Yes,Yes,80,87,1,Placed
8.4,1,3,2,8,4.4,Yes,No,79,76,1,NotPlaced
8.6,1,3,2,9,4.8,No,Yes,78,83,1,NotPlaced
7.4,1,1,0,7,4.3,No,No,64,63,2,NotPlaced
7.9,1,3,0,7,4.1,Yes,Yes,73,82,2,NotPlaced
7.6,2,3,2,8,4.7,Yes,Yes,80,83,0,Placed
8.5,1,3,0,8,4.8,Yes,Yes,76,67,1,Placed
8.3,2,3,2,8,4.8,Yes,Yes,81,80,1,Placed
7.4,1,1,0,7,4.3,No,No,57,74,2,NotPlaced
7.4,1,2,2,7,4.4,Yes,Yes,82,68,4,NotPlaced
7.7,1,2,0,7,3.7,No,Yes,71,69,3,NotPlaced
8.7,1,3,2,9,4.8,Yes,Yes,84,86,0,Placed
8.2,0,3,2,8,4.8,Yes,Yes,83,79,0,Placed
7.8,1,1,0,7,4.0,No,Yes,55,66,2,NotPlaced
7.6,1,1,0,7,4.1,No,Yes,57,67,1,Placed
8.2,2,3,2,9,4.7,Yes,Yes,78,84,0,Placed
6.5,2,1,0,8,4.4,No,No,69,68,2,NotPlaced
8.2,2,3,2,9,4.8,Yes,Yes,81,88,0,Placed
8.6,0,1,0,6,4.4,No,Yes,56,72,1,NotPlaced
7.8,2,3,2,9,4.8,Yes,Yes,76,88,1,Placed
8.1,0,1,1,7,4.1,No,No,56,66,1,NotPlaced
8.2,1,1,1,6,3.7,No,No,59,66,1,NotPlaced
8.2,1,3,2,8,4.7,Yes,Yes,64,84,1,NotPlaced
8.4,1,1,0,8,4.5,No,Yes,68,71,1,NotPlaced
8.2,1,3,2,9,4.3,Yes,Yes,77,87,1,Placed
8.5,2,2,0,8,4.7,Yes,Yes,80,87,1,NotPlaced
8.1,2,1,2,8,4.2,Yes,No,75,80,1,Placed
8.1,1,3,3,9,4.8,Yes,Yes,67,83,0,Placed
7.8,1,1,1,7,4.2,No,Yes,58,68,3,NotPlaced
8.3,2,1,0,8,4.6,No,No,74,77,1,Placed
7.6,2,3,2,9,4.7,Yes,Yes,89,82,0,Placed
8.4,1,3,3,7,4.7,Yes,Yes,77,83,1,NotPlaced
8.7,0,3,2,8,4.2,Yes,Yes,76,85,0,Placed
8.9,0,1,1,9,4.6,No,Yes,79,87,0,Placed
8.1,1,1,0,7,4.4,Yes,No,66,67,1,NotPlaced
8.3,0,3,0,8,4.5,Yes,Yes,83,70,1,Placed
7.5,2,2,2,7,4.2,No,No,59,71,2,NotPlaced
8.8,0,3,1,9,4.8,Yes,Yes,77,85,0,Placed
7.4,2,1,2,7,4.4,Yes,No,64,66,3,NotPlaced
8.5,2,3,2,8,4.8,Yes,Yes,78,82,0,Placed
7.3,1,2,0,8,4.1,No,Yes,55,69,3,NotPlaced
7.8,2,2,0,7,4.2,No,Yes,55,69,3,NotPlaced
6.7,1,1,1,6,4.3,No,No,57,60,4,NotPlaced
7.6,1,2,1,7,4.2,No,Yes,70,81,4,NotPlaced
6.5,1,2,0,7,3.8,No,No,56,85,4,NotPlaced
7.3,1,2,1,7,3.9,No,Yes,55,82,3,NotPlaced
7.9,0,1,0,6,4.2,No,Yes,60,66,4,NotPlaced
8.4,1,2,1,8,4.8,Yes,Yes,80,64,1,NotPlaced
7.5,2,2,0,8,3.9,Yes,Yes,84,88,4,NotPlaced
7.0,1,1,1,7,4.8,No,No,64,70,2,NotPlaced
7.3,1,2,3,8,3.8,No,Yes,76,64,2,NotPlaced
7.6,1,3,0,8,4.7,Yes,Yes,77,84,1,Placed
7.9,0,1,0,7,4.4,Yes,Yes,77,73,4,NotPlaced
6.6,1,1,0,7,4.2,No,No,64,70,2,NotPlaced
7.7,1,3,2,7,3.6,Yes,Yes,78,64,3,NotPlaced
7.6,1,2,0,8,4.0,No,Yes,78,73,3,NotPlaced
7.6,2,3,3,7,4.1,No,Yes,76,57,0,Placed
7.5,2,1,0,8,4.3,No,Yes,71,63,3,NotPlaced
8.4,0,3,2,9,4.8,Yes,Yes,81,86,1,Placed
7.8,1,2,0,8,3.8,No,Yes,64,60,0,Placed
6.7,1,1,1,7,3.5,No,Yes,66,69,4,NotPlaced
7.5,1,1,0,7,3.7,No,Yes,55,72,4,NotPlaced
8.2,2,3,2,8,4.5,Yes,Yes,84,88,0,Placed
7.6,1,1,1,7,4.2,Yes,No,55,87,3,NotPlaced
7.8,1,3,2,7,4.7,Yes,Yes,83,77,1,Placed
8.2,1,2,0,8,4.5,Yes,Yes,74,66,1,NotPlaced
7.7,0,2,0,6,4.4,Yes,Yes,71,66,3,NotPlaced
8.7,2,3,2,8,4.6,Yes,Yes,77,81,0,Placed
8.3,2,3,1,8,4.5,Yes,Yes,60,63,0,Placed
8.2,1,1,1,8,4.1,Yes,Yes,57,71,1,NotPlaced
7.8,1,3,0,8,4.8,Yes,Yes,70,85,3,NotPlaced
7.7,1,1,1,7,4.2,Yes,Yes,61,71,1,Placed
8.2,2,3,2,9,4.8,Yes,Yes,84,88,0,Placed
8.0,0,2,2,7,4.8,Yes,No,83,81,4,NotPlaced
7.9,1,2,0,8,4.5,Yes,Yes,76,70,3,NotPlaced
7.8,0,3,1,9,4.7,No,No,75,74,1,Placed
7.6,2,3,0,9,4.8,Yes,Yes,78,88,1,Placed
8.3,2,3,2,9,4.8,Yes,Yes,68,82,1,Placed
7.4,0,2,0,8,3.8,Yes,Yes,72,73,4,NotPlaced
7.4,1,2,2,7,4.1,No,No,55,71,0,Placed
6.9,1,2,1,7,3.5,No,Yes,58,70,2,NotPlaced
8.0,1,1,0,7,4.0,No,No,55,65,4,NotPlaced
7.1,2,3,2,8,4.7,Yes,Yes,76,86,0,Placed
8.6,1,3,2,8,4.8,Yes,Yes,77,77,0,Placed
8.7,2,3,2,9,4.8,Yes,Yes,75,87,0,Placed
8.3,1,2,0,7,4.3,Yes,Yes,72,81,1,NotPlaced
7.9,1,3,3,7,4.3,No,No,60,74,3,NotPlaced
8.0,1,3,2,7,3.7,Yes,Yes,80,86,0,Placed
8.0,2,3,0,7,4.4,No,Yes,70,82,2,NotPlaced
7.4,0,1,0,7,4.3,No,Yes,65,68,2,NotPlaced
8.4,0,1,3,7,4.2,Yes,Yes,74,82,1,NotPlaced
8.6,2,2,0,7,4.1,Yes,Yes,79,64,0,Placed
7.7,2,3,2,9,4.8,Yes,Yes,80,83,0,Placed
8.4,1,1,1,7,3.8,Yes,Yes,55,67,1,NotPlaced
7.6,0,1,0,7,4.0,No,No,55,63,4,NotPlaced
6.5,1,1,1,6,4.3,Yes,Yes,57,68,2,NotPlaced
8.5,2,3,2,9,4.8,Yes,Yes,84,88,0,Placed
7.0,2,3,2,8,4.8,Yes,Yes,79,82,5,Placed
7.1,1,1,3,8,4.2,Yes,Yes,82,86,1,Placed
7.7,0,1,2,8,4.4,Yes,Yes,56,61,1,Placed
8.2,1,2,3,8,4.4,Yes,Yes,76,84,1,Placed
7.4,1,2,2,7,4.5,Yes,Yes,78,83,4,NotPlaced
8.5,0,3,0,8,4.7,Yes,Yes,83,80,0,Placed
7.9,1,3,3,8,4.5,Yes,Yes,60,84,0,Placed
7.8,2,3,2,9,4.8,Yes,Yes,87,87,0,Placed
8.2,1,3,2,8,4.8,Yes,Yes,77,80,1,NotPlaced
6.8,1,1,1,7,4.2,No,No,65,66,3,NotPlaced
8.7,1,3,2,7,4.6,Yes,Yes,82,81,0,Placed
6.7,0,1,0,6,3.4,No,No,69,69,3,NotPlaced
7.6,1,2,0,8,4.4,Yes,Yes,72,86,0,Placed
8.3,1,3,0,7,4.6,Yes,Yes,76,70,0,Placed
7.9,1,1,1,6,3.9,No,No,62,57,3,NotPlaced
7.6,0,3,2,8,4.8,No,Yes,76,71,0,Placed
8.4,2,3,2,8,4.7,Yes,Yes,77,78,1,Placed
7.5,1,1,0,6,3.6,No,Yes,67,66,4,NotPlaced
7.9,1,1,1,8,4.7,No,No,55,66,4,NotPlaced
7.8,1,2,0,7,4.0,Yes,Yes,55,69,3,NotPlaced
7.6,1,1,0,7,4.0,No,Yes,58,73,4,NotPlaced
8.4,2,3,2,8,4.8,Yes,Yes,70,84,0,Placed
7.9,1,2,2,8,4.8,Yes,Yes,82,83,1,Placed
6.5,1,3,1,8,4.8,Yes,Yes,78,69,2,NotPlaced
7.3,1,1,1,7,3.8,No,Yes,57,57,4,NotPlaced
7.8,1,2,1,8,4.2,Yes,Yes,57,82,2,NotPlaced
8.1,1,3,2,9,4.8,Yes,Yes,74,82,0,Placed
7.7,1,1,1,7,4.5,Yes,Yes,72,88,1,Placed
8.1,0,1,1,7,3.3,No,No,56,65,1,NotPlaced
7.6,1,3,2,7,4.4,Yes,Yes,72,81,0,Placed
8.0,2,3,0,8,4.1,Yes,No,83,66,1,Placed
8.2,0,3,2,9,4.7,Yes,Yes,76,88,0,Placed
6.8,1,2,0,7,4.1,No,Yes,62,82,1,Placed
8.0,1,1,0,8,4.4,Yes,Yes,73,76,4,NotPlaced
8.3,1,3,2,9,4.8,Yes,No,82,84,1,Placed
8.1,0,3,2,8,4.8,Yes,Yes,78,83,0,Placed
8.1,1,3,1,8,4.0,Yes,Yes,75,85,1,NotPlaced
6.9,1,3,0,8,4.5,No,No,72,76,2,Placed
7.5,0,1,0,8,4.7,No,Yes,55,70,4,NotPlaced
7.8,2,3,2,8,4.5,Yes,No,90,83,3,NotPlaced
7.6,1,1,1,7,4.6,No,Yes,60,72,3,NotPlaced
7.8,0,2,2,7,3.6,No,Yes,64,72,0,Placed
8.4,2,2,2,7,4.5,Yes,Yes,75,80,1,Placed
7.8,1,1,0,7,4.1,Yes,Yes,77,67,1,Placed
8.0,1,1,2,8,4.4,Yes,No,71,74,4,NotPlaced
7.8,1,3,2,7,4.1,Yes,Yes,73,81,1,Placed
8.7,2,3,2,9,4.8,Yes,Yes,77,86,0,Placed
8.4,1,1,0,7,4.6,Yes,Yes,77,60,0,Placed
8.2,0,1,1,6,4.2,Yes,Yes,74,66,1,NotPlaced
7.8,1,1,0,7,3.6,No,Yes,58,65,2,NotPlaced
7.7,0,1,2,8,3.9,No,Yes,60,65,2,NotPlaced
8.5,2,3,2,9,4.8,Yes,Yes,80,80,1,NotPlaced
8.1,2,2,1,7,4.0,No,Yes,75,74,1,Placed
8.1,0,3,2,8,4.7,Yes,No,87,79,1,NotPlaced
7.0,1,2,0,7,4.2,No,Yes,55,69,4,Placed
8.0,2,3,2,9,4.8,Yes,Yes,85,83,0,Placed
7.7,2,3,2,9,4.8,Yes,Yes,84,88,2,NotPlaced
8.4,2,3,2,9,4.8,Yes,Yes,82,84,0,Placed
7.5,1,2,1,9,4.6,No,Yes,72,83,1,Placed
6.8,1,1,0,6,3.3,No,No,63,63,3,NotPlaced
8.6,1,1,2,7,4.6,Yes,Yes,87,86,0,Placed
8.2,2,3,2,9,4.8,Yes,Yes,80,87,0,Placed
6.5,1,3,0,7,4.3,Yes,Yes,55,85,0,Placed
7.6,2,1,2,7,4.5,Yes,Yes,80,80,0,Placed
8.4,1,1,1,7,4.3,No,Yes,64,73,1,NotPlaced
8.3,1,3,2,8,4.8,Yes,Yes,77,68,1,Placed
7.4,1,1,1,7,4.5,No,No,55,67,3,NotPlaced
7.9,0,1,0,8,4.5,No,Yes,75,75,1,Placed
7.6,1,2,1,8,4.8,No,Yes,82,65,2,NotPlaced
8.0,2,3,2,9,4.8,Yes,Yes,75,86,1,Placed
7.9,2,3,2,8,4.8,Yes,Yes,81,87,1,Placed
7.6,1,3,2,8,4.8,Yes,Yes,78,87,0,Placed
7.6,1,1,1,7,4.5,No,No,55,66,4,NotPlaced
8.2,0,2,2,7,4.4,Yes,Yes,55,73,0,Placed
7.4,1,2,1,8,4.5,No,Yes,59,66,2,NotPlaced
8.3,2,3,1,8,4.5,Yes,Yes,80,84,0,Placed
7.8,2,1,1,7,4.2,No,No,55,67,2,NotPlaced
8.4,1,3,2,8,4.8,Yes,Yes,73,84,1,NotPlaced
8.5,1,3,2,7,4.8,Yes,Yes,67,83,0,Placed
7.6,1,3,0,8,4.8,Yes,Yes,71,85,4,NotPlaced
6.8,0,2,1,7,3.7,Yes,Yes,61,65,3,NotPlaced
8.0,0,3,0,8,4.5,Yes,Yes,74,85,1,Placed
6.6,2,3,2,8,4.8,Yes,Yes,79,85,1,Placed
7.8,1,2,0,7,4.6,No,Yes,55,64,3,NotPlaced
6.5,1,2,0,7,4.0,Yes,Yes,57,78,4,NotPlaced
8.8,2,3,2,9,4.8,Yes,Yes,70,83,0,Placed
8.3,1,1,1,7,4.3,Yes,Yes,59,62,1,NotPlaced
7.5,1,2,1,9,4.8,Yes,Yes,61,82,0,Placed
8.7,1,3,2,8,4.8,Yes,Yes,80,80,0,Placed
6.5,1,1,1,8,4.8,No,Yes,55,64,2,NotPlaced
6.7,2,2,2,7,4.5,Yes,Yes,57,67,3,NotPlaced
7.6,0,2,0,6,3.8,No,No,55,57,2,NotPlaced
6.5,2,1,0,8,4.8,No,Yes,72,68,4,NotPlaced
6.5,0,2,1,7,3.5,No,Yes,61,68,3,NotPlaced
7.4,1,2,0,8,4.6,No,Yes,73,66,3,NotPlaced
7.4,0,2,0,6,4.4,No,Yes,58,68,4,NotPlaced
6.5,1,1,0,7,4.2,No,Yes,61,59,4,NotPlaced
7.9,0,1,0,6,3.6,No,No,55,62,3,NotPlaced
6.5,1,2,0,7,4.0,No,Yes,68,66,2,NotPlaced
7.3,0,3,0,7,4.3,No,No,55,70,0,Placed
8.0,1,1,2,8,3.8,Yes,Yes,76,70,1,Placed
8.4,2,3,1,7,4.8,Yes,Yes,55,87,1,NotPlaced
7.5,1,1,2,8,4.5,No,No,64,70,3,NotPlaced
8.3,2,3,3,8,4.8,Yes,Yes,78,84,0,Placed
7.4,1,1,0,7,4.3,No,No,55,68,3,NotPlaced
6.9,1,1,1,8,4.6,Yes,No,55,67,1,Placed
7.5,0,2,0,8,4.2,Yes,Yes,74,66,1,Placed
7.7,1,1,1,6,4.5,No,Yes,55,60,2,NotPlaced
7.6,1,1,1,8,3.6,No,Yes,59,75,3,NotPlaced
8.2,2,3,2,8,4.8,Yes,No,78,82,0,Placed
7.9,0,1,0,6,4.1,No,Yes,55,65,2,NotPlaced
6.6,1,1,1,6,4.5,No,Yes,61,68,3,NotPlaced
7.2,1,2,0,7,3.2,No,No,55,69,3,NotPlaced
6.5,0,2,0,8,4.8,Yes,Yes,55,83,2,Placed
7.3,2,3,1,8,4.8,No,Yes,73,80,1,Placed
8.7,1,3,2,8,4.7,Yes,Yes,74,74,0,Placed
7.7,1,3,3,9,4.8,Yes,Yes,82,73,4,NotPlaced
8.0,0,3,2,8,4.1,Yes,Yes,70,79,0,Placed
8.6,1,3,2,9,4.8,Yes,Yes,73,83,0,Placed
8.5,1,3,0,8,4.7,Yes,Yes,74,88,1,Placed
8.8,2,3,2,8,4.7,Yes,Yes,78,88,0,Placed
8.0,1,1,0,7,3.8,No,No,55,66,4,NotPlaced
7.2,1,2,0,7,4.1,No,Yes,55,64,3,NotPlaced
8.3,1,3,2,9,4.7,Yes,No,71,83,0,Placed
8.2,1,3,0,7,4.6,No,Yes,71,68,1,NotPlaced
8.3,2,3,2,8,4.3,Yes,Yes,67,84,1,Placed
7.3,1,1,0,7,4.0,No,Yes,66,66,3,NotPlaced
7.6,1,1,1,6,3.6,Yes,Yes,62,65,2,NotPlaced
7.8,1,2,0,8,4.8,No,Yes,55,62,3,NotPlaced
8.5,2,3,2,9,4.8,Yes,Yes,76,82,1,Placed
7.9,1,2,0,9,4.2,Yes,Yes,55,66,4,NotPlaced
6.7,1,3,2,7,3.7,Yes,Yes,87,71,2,NotPlaced
8.8,2,3,2,8,4.1,Yes,Yes,73,83,0,Placed
7.6,1,2,0,6,4.7,No,No,55,63,4,NotPlaced
8.2,2,3,2,9,4.8,Yes,Yes,84,82,1,Placed
7.6,1,1,0,8,4.0,No,No,65,58,2,NotPlaced
6.5,1,1,1,7,3.5,No,Yes,60,75,4,NotPlaced
8.6,2,3,2,8,4.8,Yes,Yes,69,81,0,Placed
7.9,0,3,2,9,4.5,Yes,No,79,88,1,Placed
7.3,0,1,1,6,3.7,No,Yes,59,59,4,NotPlaced
8.2,1,1,0,7,4.6,Yes,No,56,61,1,NotPlaced
8.0,0,3,1,7,4.8,Yes,Yes,57,64,3,NotPlaced
8.3,2,3,2,9,4.8,Yes,Yes,73,84,1,Placed
7.7,1,2,1,6,4.3,No,No,64,69,2,NotPlaced
6.5,1,1,1,6,4.5,No,No,59,69,3,NotPlaced
8.4,0,3,0,7,4.6,Yes,Yes,79,84,1,Placed
6.6,1,3,2,8,4.4,Yes,Yes,57,88,0,Placed
8.2,1,3,0,9,4.7,Yes,Yes,68,60,0,Placed
6.6,1,2,1,6,4.8,No,No,64,69,2,NotPlaced
6.7,1,1,1,6,4.6,No,No,55,69,2,NotPlaced
7.6,0,1,1,7,3.8,No,No,58,66,2,NotPlaced
8.1,2,1,0,7,3.4,Yes,No,66,67,1,NotPlaced
8.1,1,3,1,9,4.8,No,No,87,84,1,Placed
7.6,1,1,0,7,3.9,No,Yes,57,68,0,Placed
7.6,1,1,1,8,4.3,Yes,Yes,68,66,0,Placed
6.5,1,1,0,8,4.4,Yes,Yes,55,66,2,NotPlaced
7.6,1,2,0,6,4.1,No,Yes,55,64,4,NotPlaced
6.6,0,1,1,7,3.9,No,No,64,62,2,NotPlaced
8.0,0,2,1,7,4.2,Yes,Yes,77,82,3,NotPlaced
8.2,0,3,1,8,4.1,Yes,Yes,73,81,1,Placed
6.5,1,2,0,7,4.6,No,Yes,56,62,2,Placed
7.2,1,2,2,6,4.1,Yes,Yes,78,75,0,Placed
6.5,1,1,0,7,4.0,No,Yes,56,71,2,NotPlaced
8.2,2,3,2,8,4.5,No,No,77,80,1,NotPlaced
8.5,2,3,2,8,4.0,Yes,Yes,72,80,1,Placed
7.5,0,3,1,7,4.4,Yes,Yes,55,67,4,NotPlaced
8.2,1,3,0,9,3.9,Yes,Yes,75,87,1,NotPlaced
6.7,1,1,1,8,4.4,Yes,Yes,82,73,3,NotPlaced
7.6,0,3,2,9,4.7,Yes,Yes,80,69,0,Placed
7.6,1,2,1,7,3.8,No,Yes,55,67,4,NotPlaced
7.5,1,1,1,6,3.8,No,No,59,63,3,NotPlaced
6.9,2,3,1,6,3.7,No,No,64,64,4,NotPlaced
6.7,2,3,0,7,4.2,No,Yes,78,85,3,NotPlaced
7.6,0,1,0,8,3.8,No,No,55,83,3,NotPlaced
8.1,1,3,0,8,4.5,Yes,Yes,72,88,1,Placed
8.1,2,3,2,9,4.6,Yes,Yes,71,87,1,Placed
7.4,0,2,1,7,4.8,Yes,Yes,66,68,2,NotPlaced
8.4,1,3,2,9,4.3,Yes,Yes,73,85,0,Placed
8.0,0,1,0,8,4.3,No,Yes,72,65,2,NotPlaced
7.5,1,1,1,6,4.4,No,No,69,61,2,NotPlaced
8.3,2,3,2,9,4.7,Yes,Yes,82,83,0,Placed
8.8,1,3,0,8,4.6,No,Yes,69,72,0,Placed
6.5,1,3,1,7,4.1,No,No,59,62,4,NotPlaced
7.5,1,1,1,8,4.7,Yes,Yes,68,65,0,Placed
8.2,2,3,2,9,4.8,Yes,Yes,81,82,0,Placed
6.5,1,1,1,6,3.8,No,Yes,81,65,4,NotPlaced
6.8,1,2,0,7,4.3,Yes,Yes,73,73,2,NotPlaced
8.4,2,3,2,8,4.7,Yes,Yes,86,82,1,Placed
8.4,0,3,2,9,4.8,Yes,Yes,82,62,0,Placed
7.9,1,1,0,6,4.5,No,No,63,62,3,NotPlaced
7.8,0,2,1,8,4.4,Yes,Yes,73,88,1,Placed
7.3,1,2,0,7,3.9,No,Yes,80,71,4,NotPlaced
8.0,2,2,2,9,4.8,Yes,Yes,84,87,0,Placed
6.8,0,1,0,8,4.0,No,Yes,65,63,0,Placed
8.2,2,3,2,9,4.5,Yes,Yes,83,83,0,Placed
6.7,1,2,1,6,4.0,No,Yes,59,64,4,NotPlaced
8.5,2,3,2,9,4.7,Yes,Yes,90,86,1,Placed
7.4,1,1,1,6,4.3,Yes,Yes,55,64,4,NotPlaced
7.6,0,2,0,7,4.1,No,Yes,67,73,3,NotPlaced
8.5,1,3,2,8,4.2,No,Yes,55,86,1,NotPlaced
6.5,1,1,0,6,4.1,No,No,66,69,3,NotPlaced
7.9,2,1,0,7,4.4,Yes,No,66,57,0,Placed
8.3,1,3,2,8,4.4,Yes,Yes,79,88,0,Placed
8.6,1,3,2,9,4.8,Yes,Yes,71,79,0,Placed
8.2,2,2,0,9,4.2,No,Yes,71,85,1,Placed
7.0,1,1,0,7,4.4,No,Yes,74,65,2,NotPlaced
7.6,0,1,1,6,4.1,No,No,55,58,3,NotPlaced
6.7,1,2,0,8,3.5,No,No,59,73,2,NotPlaced
6.8,1,2,0,8,4.8,Yes,Yes,80,64,2,Placed
8.0,2,3,1,8,4.3,Yes,No,70,84,2,NotPlaced
8.0,1,3,2,9,4.8,Yes,Yes,66,79,3,NotPlaced
7.8,1,2,1,7,4.0,Yes,Yes,55,87,2,NotPlaced
7.9,1,2,1,6,4.0,No,Yes,71,68,2,NotPlaced
7.9,1,2,0,7,4.5,Yes,No,68,74,1,Placed
7.5,1,2,1,7,4.0,No,Yes,64,82,1,Placed
7.6,1,3,1,8,4.3,No,Yes,55,83,4,NotPlaced
8.6,2,3,2,9,4.8,Yes,Yes,84,85,1,NotPlaced
7.7,1,3,3,7,3.6,Yes,Yes,71,83,4,NotPlaced
8.1,1,3,2,8,4.8,No,Yes,55,73,1,Placed
7.1,1,2,1,6,4.2,No,No,76,64,2,NotPlaced
8.2,0,2,0,8,4.5,Yes,Yes,77,72,1,Placed
8.4,1,3,1,7,4.3,Yes,No,73,73,1,NotPlaced
7.3,1,2,1,7,4.7,No,Yes,67,73,2,NotPlaced
8.8,2,3,2,9,4.8,Yes,Yes,71,84,0,Placed
7.4,1,1,0,7,3.8,No,Yes,55,65,2,NotPlaced
7.7,1,3,2,8,4.8,No,Yes,70,67,2,NotPlaced
7.7,0,2,1,7,4.4,No,Yes,55,70,2,NotPlaced
6.5,2,3,0,7,4.3,No,Yes,87,67,2,NotPlaced
8.1,2,1,3,7,4.0,Yes,Yes,78,79,0,Placed
6.5,0,1,2,7,3.2,No,No,58,61,4,NotPlaced
8.4,1,3,2,9,4.8,Yes,Yes,74,81,0,Placed
6.5,0,1,0,6,4.5,No,No,59,69,2,NotPlaced
7.6,1,1,0,8,3.7,No,No,56,70,2,NotPlaced
8.1,1,3,0,8,3.7,Yes,Yes,55,79,1,Placed
6.6,0,1,0,7,3.8,Yes,Yes,60,71,3,NotPlaced
7.8,1,1,1,7,3.8,No,Yes,55,66,3,NotPlaced
7.9,2,3,0,9,4.8,Yes,Yes,88,84,1,Placed
7.3,1,1,0,7,3.8,No,No,64,59,2,NotPlaced
7.4,1,2,1,6,3.1,No,Yes,55,71,2,NotPlaced
8.2,0,3,2,9,4.7,Yes,Yes,67,83,1,Placed
6.6,1,1,0,6,3.8,No,No,59,63,2,NotPlaced
8.1,2,3,2,8,4.5,Yes,Yes,76,71,1,Placed
8.3,2,1,2,7,4.2,Yes,Yes,58,87,1,Placed
7.3,0,1,0,7,4.4,Yes,No,67,67,4,NotPlaced
8.3,1,2,0,8,4.2,Yes,Yes,82,81,1,Placed
6.8,1,1,0,6,3.7,No,No,64,64,2,NotPlaced
6.5,1,1,0,6,3.7,No,No,55,62,3,NotPlaced
8.5,2,3,1,8,4.5,No,No,55,84,1,Placed
6.5,2,1,2,7,4.2,No,No,74,59,3,NotPlaced
8.3,1,1,0,6,4.8,Yes,No,83,67,0,Placed
6.5,1,1,1,7,4.5,No,No,55,65,3,NotPlaced
7.8,1,1,1,9,3.9,No,Yes,81,67,0,Placed
7.5,1,1,0,8,4.1,Yes,Yes,74,86,3,NotPlaced
7.4,1,3,1,7,3.9,No,Yes,55,71,3,NotPlaced
7.6,1,3,0,8,4.3,Yes,Yes,80,82,1,Placed
8.3,1,2,2,7,4.6,Yes,Yes,75,73,1,Placed
6.5,0,1,0,7,4.2,No,No,55,67,4,NotPlaced
7.8,1,3,1,7,4.3,No,No,65,61,2,NotPlaced
7.5,1,2,0,9,4.6,No,Yes,65,68,3,NotPlaced
7.3,1,2,1,6,3.7,No,No,55,74,4,NotPlaced
8.6,1,3,2,7,4.3,Yes,Yes,80,87,0,Placed
7.6,1,2,0,8,4.2,Yes,Yes,56,72,3,NotPlaced
7.4,1,3,0,8,4.7,No,Yes,55,69,3,NotPlaced
7.9,1,3,2,8,4.7,Yes,Yes,90,86,0,Placed
8.6,1,3,2,8,4.7,Yes,Yes,82,85,0,Placed
7.9,2,3,2,9,4.8,Yes,Yes,70,86,0,Placed
6.5,1,1,1,6,4.2,No,Yes,64,69,3,NotPlaced
7.8,2,3,2,8,4.7,Yes,Yes,78,85,0,Placed
6.7,0,1,0,6,3.5,No,No,63,68,3,NotPlaced
7.7,1,2,0,8,4.0,Yes,Yes,68,69,3,NotPlaced
8.0,2,2,0,8,4.7,Yes,Yes,64,88,1,Placed
6.5,1,1,0,7,3.7,No,No,67,65,2,NotPlaced
7.9,2,3,2,9,4.5,Yes,No,78,84,4,NotPlaced
7.9,1,1,2,7,3.5,No,No,88,72,4,NotPlaced
8.2,2,3,2,8,4.8,No,Yes,65,66,1,Placed
6.5,2,1,2,8,4.7,No,Yes,66,85,2,NotPlaced
7.9,2,3,2,9,4.8,Yes,Yes,70,83,1,Placed
7.6,1,2,1,7,4.0,No,Yes,81,78,4,NotPlaced
7.6,1,1,1,7,3.9,No,Yes,59,63,3,NotPlaced
7.5,1,1,1,7,4.0,Yes,Yes,55,64,2,NotPlaced
7.3,2,2,1,7,3.8,No,Yes,55,72,1,Placed
7.8,0,1,0,7,4.3,No,No,55,66,4,NotPlaced
8.1,1,1,1,8,4.7,Yes,Yes,75,83,1,NotPlaced
6.9,0,2,2,7,4.3,Yes,Yes,55,70,2,NotPlaced
6.8,0,1,0,7,4.7,Yes,Yes,64,68,2,NotPlaced
6.9,1,1,1,6,3.3,No,No,58,62,4,NotPlaced
7.6,1,3,0,8,4.8,Yes,Yes,61,75,0,Placed
8.5,2,3,2,9,4.8,Yes,Yes,83,86,1,Placed
8.5,0,3,2,7,4.8,Yes,Yes,81,84,0,Placed
7.8,1,1,1,7,3.4,Yes,Yes,65,66,4,NotPlaced
8.0,1,3,2,7,4.2,Yes,No,78,85,4,NotPlaced
7.4,1,1,0,6,3.6,No,Yes,55,70,4,NotPlaced
7.4,1,2,1,7,4.3,No,Yes,55,64,3,NotPlaced
8.7,1,3,1,9,4.7,Yes,Yes,83,88,0,Placed
8.1,1,2,1,7,4.4,No,Yes,55,68,1,NotPlaced
8.5,1,2,2,9,4.8,Yes,Yes,80,83,1,Placed
8.0,0,1,1,8,4.0,No,Yes,55,74,2,NotPlaced
8.0,2,3,2,9,4.7,Yes,Yes,74,87,3,NotPlaced
8.5,2,2,1,8,4.4,Yes,Yes,81,82,0,Placed
7.6,1,3,0,8,4.2,No,Yes,83,69,1,Placed
7.8,1,3,0,7,4.7,Yes,Yes,57,82,1,Placed
8.8,0,3,0,9,4.4,Yes,Yes,78,85,1,NotPlaced
6.5,1,3,1,8,4.7,No,Yes,55,67,3,NotPlaced
7.7,0,3,0,9,4.8,Yes,Yes,76,80,4,NotPlaced
6.7,1,1,1,7,4.7,Yes,No,69,70,4,NotPlaced
7.6,1,2,0,7,4.0,No,Yes,66,73,2,NotPlaced
7.4,0,1,0,7,3.8,Yes,Yes,58,66,3,NotPlaced
8.3,2,3,2,9,4.8,Yes,Yes,77,86,0,Placed
7.6,1,1,0,8,4.2,Yes,No,55,82,3,NotPlaced
7.6,1,2,1,9,3.8,Yes,Yes,74,86,2,NotPlaced
8.0,0,3,2,8,4.5,Yes,Yes,85,88,1,Placed
7.8,1,2,0,7,4.0,Yes,Yes,63,88,3,NotPlaced
8.5,0,2,0,8,4.5,Yes,Yes,70,83,1,NotPlaced
7.5,1,1,0,8,4.6,No,No,58,65,0,Placed
6.5,0,1,0,6,3.5,No,No,61,66,4,NotPlaced
7.1,1,1,2,7,4.2,Yes,No,78,62,4,NotPlaced
8.2,2,3,2,9,4.8,Yes,Yes,84,88,1,Placed
6.8,0,1,0,8,4.0,No,No,55,71,3,NotPlaced
7.6,1,3,2,9,4.8,Yes,Yes,60,83,2,NotPlaced
8.3,1,3,0,8,4.8,Yes,Yes,73,85,1,Placed
6.5,0,2,0,7,4.3,No,Yes,82,70,4,NotPlaced
7.8,0,3,3,7,4.8,Yes,Yes,72,66,0,Placed
8.5,1,1,0,7,4.1,Yes,Yes,75,66,1,NotPlaced
8.6,2,3,2,8,4.8,Yes,Yes,86,86,0,Placed
7.0,1,1,0,6,3.8,No,No,62,63,3,NotPlaced
8.2,2,3,2,8,4.0,Yes,No,77,82,1,Placed
8.4,1,3,2,9,4.8,Yes,Yes,72,87,0,Placed
8.0,2,3,2,8,4.5,Yes,Yes,79,87,0,Placed
7.5,2,1,0,7,4.3,No,No,69,69,2,NotPlaced
6.5,2,2,0,6,4.0,Yes,No,69,69,3,NotPlaced
8.5,2,3,0,8,4.8,Yes,Yes,74,86,0,Placed
8.2,1,1,0,7,4.5,No,Yes,55,68,1,NotPlaced
8.4,1,1,0,8,4.6,No,Yes,71,72,0,Placed
8.2,1,3,1,8,4.5,No,Yes,65,82,0,Placed
6.9,1,3,2,7,3.8,Yes,Yes,75,74,4,NotPlaced
8.0,2,3,2,9,4.7,Yes,Yes,79,83,1,Placed
7.8,2,1,1,7,4.1,Yes,Yes,62,61,1,Placed
7.6,1,3,1,7,3.9,Yes,Yes,81,66,0,Placed
8.4,1,2,0,7,4.1,No,No,56,62,1,NotPlaced
7.5,1,1,0,6,3.3,Yes,Yes,55,64,3,NotPlaced
8.2,2,3,2,9,4.8,Yes,Yes,86,76,1,Placed
7.7,1,3,2,9,4.0,Yes,Yes,80,86,0,Placed
7.6,1,3,2,9,4.8,Yes,Yes,72,71,0,Placed
8.6,2,3,2,9,4.8,Yes,Yes,80,82,0,Placed
7.6,1,3,0,7,4.5,No,No,73,65,3,NotPlaced
8.4,2,3,2,8,4.7,Yes,Yes,55,75,1,Placed
6.9,0,2,0,6,3.6,No,No,55,67,2,NotPlaced
7.4,0,1,1,6,4.1,No,Yes,58,69,4,NotPlaced
6.6,1,1,0,7,4.2,No,No,64,59,3,NotPlaced
8.4,1,2,2,8,4.8,Yes,Yes,64,79,1,Placed
6.6,1,1,0,8,4.2,No,Yes,74,72,3,NotPlaced
7.3,1,3,0,8,4.8,Yes,Yes,56,66,1,Placed
8.2,1,3,1,8,4.7,Yes,Yes,76,83,1,Placed
8.2,2,2,2,9,4.6,Yes,Yes,68,87,1,Placed
6.5,0,2,0,8,4.8,No,No,68,69,4,NotPlaced
7.4,1,1,1,7,4.3,Yes,Yes,61,68,4,NotPlaced
8.8,2,2,0,8,4.4,Yes,Yes,68,84,1,NotPlaced
6.6,0,1,2,8,4.0,No,Yes,64,71,2,NotPlaced
8.2,1,2,0,9,4.3,Yes,No,84,80,0,Placed
7.5,1,1,1,8,4.4,Yes,Yes,64,68,0,Placed
7.5,1,1,0,7,4.4,Yes,Yes,77,88,3,NotPlaced
8.1,2,3,2,9,4.5,Yes,Yes,81,84,0,Placed
8.2,0,2,0,6,3.6,No,No,64,70,1,NotPlaced
8.2,2,3,2,9,4.8,Yes,No,83,86,0,Placed
8.5,1,3,0,7,4.8,Yes,Yes,78,64,1,NotPlaced
8.5,1,3,2,9,4.3,Yes,Yes,76,84,0,Placed
7.2,1,2,1,6,4.4,No,No,55,74,4,NotPlaced
8.1,0,2,0,8,4.2,Yes,No,68,75,1,Placed
8.3,0,3,2,9,4.8,Yes,Yes,85,85,1,Placed
8.6,1,3,2,8,4.8,Yes,Yes,82,84,0,Placed
8.2,2,3,2,9,4.8,Yes,Yes,73,84,1,Placed
6.5,2,1,3,8,4.2,Yes,No,55,68,2,NotPlaced
6.7,1,1,0,6,4.6,No,Yes,57,64,3,NotPlaced
7.9,2,1,0,8,4.5,Yes,Yes,73,78,4,NotPlaced
8.0,1,3,2,9,4.5,Yes,Yes,87,70,1,Placed
8.2,1,3,0,8,4.5,Yes,Yes,63,72,0,Placed
6.7,2,2,1,7,4.4,No,No,55,67,3,NotPlaced
7.6,1,1,0,6,3.4,No,No,67,70,3,NotPlaced
7.4,0,1,0,7,3.7,No,No,55,64,4,NotPlaced
8.1,2,1,1,7,4.4,Yes,Yes,77,67,1,NotPlaced
7.9,2,3,2,8,4.0,Yes,No,88,81,3,NotPlaced
8.8,2,3,2,9,4.8,Yes,Yes,66,85,0,Placed
7.5,1,2,1,7,4.4,No,Yes,69,79,4,NotPlaced
8.7,1,3,0,9,4.5,Yes,Yes,82,85,0,Placed
7.2,2,3,0,8,4.8,No,Yes,79,82,2,NotPlaced
7.4,1,1,0,8,3.2,No,No,61,72,3,NotPlaced
6.5,1,2,0,7,4.3,Yes,Yes,65,68,1,Placed
7.8,2,3,0,7,4.8,Yes,No,74,82,0,Placed
6.8,1,1,1,7,3.3,No,Yes,55,58,2,NotPlaced
8.0,2,1,2,7,4.4,No,Yes,80,66,0,Placed
8.7,1,3,3,8,4.7,Yes,Yes,68,84,0,Placed
6.5,1,1,0,7,3.9,Yes,Yes,55,72,2,NotPlaced
7.3,1,2,0,8,3.7,No,Yes,55,69,1,Placed
6.8,0,1,0,8,4.0,No,Yes,80,69,2,NotPlaced
7.5,2,3,3,8,4.1,Yes,Yes,69,86,3,NotPlaced
7.7,2,1,0,6,3.5,Yes,No,64,62,3,NotPlaced
7.3,1,1,0,7,3.7,No,No,60,85,4,NotPlaced
6.8,1,1,1,8,3.5,No,Yes,64,70,2,NotPlaced
7.5,1,2,1,7,4.1,Yes,Yes,55,62,3,NotPlaced
6.6,2,1,2,9,4.8,Yes,No,84,67,2,NotPlaced
7.4,0,2,0,6,4.2,No,Yes,59,62,3,NotPlaced
7.4,1,3,0,8,4.1,Yes,Yes,55,73,2,NotPlaced
8.0,2,2,2,8,4.7,Yes,Yes,75,84,1,Placed
7.5,1,1,0,8,4.7,Yes,Yes,79,85,0,Placed
7.6,0,1,1,7,4.6,No,Yes,55,68,4,NotPlaced
8.2,2,3,2,9,4.8,Yes,Yes,79,79,1,Placed
8.0,2,3,2,8,3.7,No,Yes,81,83,0,Placed
8.4,2,2,3,8,4.3,Yes,No,75,83,1,NotPlaced
7.6,1,1,0,8,3.9,No,Yes,55,68,3,NotPlaced
6.5,0,2,0,9,4.5,No,No,55,64,4,NotPlaced
7.8,2,3,2,9,4.8,Yes,Yes,87,84,0,Placed
7.4,0,1,0,7,4.1,No,No,63,72,4,NotPlaced
8.5,2,3,2,9,4.8,Yes,Yes,82,87,0,Placed
7.6,1,2,0,7,3.7,No,Yes,67,61,2,NotPlaced
7.6,1,1,1,7,4.1,Yes,Yes,62,79,3,NotPlaced
8.2,1,2,2,9,4.8,Yes,Yes,71,88,1,Placed
8.4,2,3,2,9,4.8,Yes,Yes,73,88,1,Placed
6.9,1,1,0,7,4.0,No,Yes,77,76,4,NotPlaced
6.5,1,1,0,6,4.0,Yes,No,69,66,4,NotPlaced
7.6,2,3,2,7,4.8,Yes,Yes,79,77,2,NotPlaced
7.4,1,0,2,7,4.2,No,Yes,90,72,4,NotPlaced
6.5,1,1,0,7,4.0,No,No,64,71,2,NotPlaced
8.3,1,3,1,9,4.8,Yes,Yes,71,84,1,NotPlaced
7.4,1,3,0,7,4.8,No,Yes,56,68,3,NotPlaced
7.7,1,1,1,6,3.9,No,No,55,65,2,NotPlaced
7.4,1,3,2,7,4.1,Yes,Yes,79,81,1,Placed
6.6,0,3,0,8,4.8,Yes,Yes,78,73,0,Placed
8.3,1,1,1,7,4.3,No,No,58,67,1,NotPlaced
8.3,2,3,2,9,4.6,Yes,Yes,78,79,1,Placed
7.9,1,3,0,6,4.1,Yes,Yes,56,70,4,NotPlaced
8.1,1,3,2,9,4.8,Yes,Yes,85,82,1,Placed
8.0,1,1,2,7,4.6,No,No,58,70,3,NotPlaced
7.9,0,3,2,8,4.4,Yes,Yes,74,83,1,Placed
7.6,2,1,0,8,4.4,Yes,No,55,83,2,NotPlaced
7.5,1,1,3,7,4.4,No,Yes,55,64,2,NotPlaced
8.4,1,2,1,8,3.6,No,Yes,55,57,1,NotPlaced
8.3,0,1,1,7,4.3,No,Yes,59,71,1,Placed
6.5,1,1,0,7,3.5,No,Yes,64,69,4,NotPlaced
7.7,1,3,2,9,4.8,Yes,Yes,77,81,1,Placed
8.1,0,2,1,8,4.8,Yes,No,87,80,1,NotPlaced
6.5,1,1,0,8,4.0,No,Yes,62,75,4,NotPlaced
8.3,2,3,0,8,4.8,Yes,Yes,84,79,1,Placed
7.3,1,2,0,8,4.4,Yes,No,55,65,4,NotPlaced
7.5,1,1,1,6,4.0,No,No,55,71,3,NotPlaced
7.7,1,2,0,8,4.4,No,Yes,55,69,3,NotPlaced
7.7,0,1,2,6,4.2,Yes,No,75,71,4,NotPlaced
8.2,1,3,0,9,4.4,No,Yes,70,84,1,NotPlaced
8.7,2,1,2,8,4.5,Yes,Yes,80,80,1,NotPlaced
6.5,1,1,1,7,4.3,No,No,55,75,2,NotPlaced
6.7,1,2,0,7,4.3,No,Yes,55,72,3,NotPlaced
8.0,2,2,3,8,4.0,Yes,Yes,59,82,0,Placed
7.1,0,1,0,7,3.8,No,No,55,61,2,NotPlaced
7.4,1,1,1,7,3.5,No,No,68,83,2,NotPlaced
7.2,0,1,1,7,4.1,No,No,63,80,3,NotPlaced
8.4,1,3,0,8,4.7,Yes,Yes,79,84,1,Placed
8.3,2,2,2,8,4.8,Yes,Yes,76,88,1,Placed
7.7,1,2,0,7,3.9,No,Yes,69,79,4,NotPlaced
6.8,1,2,1,7,4.6,No,No,63,78,4,NotPlaced
8.2,1,3,0,8,4.6,Yes,Yes,81,71,1,Placed
8.2,2,3,2,8,4.8,Yes,Yes,81,83,0,Placed
8.3,2,3,2,9,4.7,Yes,Yes,63,87,1,Placed
7.6,1,2,1,7,4.6,No,Yes,72,69,3,NotPlaced
8.6,1,3,2,8,4.8,Yes,Yes,79,88,0,Placed
8.0,1,1,2,8,4.8,No,No,69,68,4,NotPlaced
7.6,1,1,1,8,4.0,No,Yes,59,61,2,NotPlaced
8.2,1,1,0,7,4.8,No,Yes,82,82,1,Placed
6.5,0,1,0,6,3.9,No,Yes,62,66,2,NotPlaced
7.6,2,3,2,9,4.8,Yes,Yes,81,84,0,Placed
8.4,0,3,2,9,4.8,Yes,Yes,75,83,1,Placed
6.5,1,1,1,6,3.5,No,No,55,73,4,NotPlaced
7.5,2,2,0,7,4.2,Yes,Yes,77,86,0,Placed
8.5,2,2,2,8,4.5,Yes,Yes,68,86,1,NotPlaced
7.6,1,2,0,7,4.1,No,Yes,55,58,2,NotPlaced
8.5,1,2,0,8,4.8,Yes,Yes,74,82,0,Placed
7.5,0,1,0,7,4.0,No,Yes,55,86,4,NotPlaced
6.6,2,3,2,7,4.4,Yes,Yes,82,83,0,Placed
8.0,2,1,1,7,3.8,No,Yes,83,64,3,NotPlaced
6.6,1,1,0,7,3.1,No,Yes,64,67,2,NotPlaced
7.5,1,1,1,7,3.8,No,Yes,55,68,4,NotPlaced
8.5,2,3,2,9,4.8,Yes,Yes,79,88,1,Placed
6.8,2,2,0,7,4.2,No,Yes,59,65,4,NotPlaced
8.1,2,3,3,9,4.7,Yes,No,83,82,1,NotPlaced
7.6,1,3,0,8,3.9,No,Yes,66,84,3,NotPlaced
6.8,1,1,0,6,3.5,No,Yes,55,57,4,NotPlaced
7.7,1,1,1,6,3.7,No,No,55,68,3,NotPlaced
8.1,1,3,0,8,4.8,Yes,Yes,75,83,1,Placed
7.4,1,1,0,8,3.9,No,Yes,62,68,3,NotPlaced
7.4,1,1,0,8,4.3,Yes,Yes,67,70,4,NotPlaced
7.6,0,1,0,7,3.6,No,No,55,61,3,NotPlaced
7.9,1,1,0,7,4.3,Yes,Yes,73,68,3,NotPlaced
8.2,1,3,0,9,4.8,Yes,Yes,82,72,1,Placed
7.6,1,2,0,6,4.5,No,Yes,55,76,4,NotPlaced
6.5,1,3,0,8,4.7,Yes,Yes,55,82,2,Placed
6.5,2,3,0,7,3.8,No,Yes,86,70,4,NotPlaced
7.6,1,1,0,6,3.4,No,No,55,59,3,NotPlaced
8.3,1,2,1,7,3.5,No,Yes,65,68,1,NotPlaced
6.5,2,3,2,8,4.8,Yes,Yes,71,84,0,Placed
6.8,1,2,0,8,4.3,No,No,57,64,2,NotPlaced
7.6,0,3,0,8,4.4,Yes,Yes,83,74,3,NotPlaced
8.0,1,1,2,7,4.3,Yes,No,67,69,2,NotPlaced
8.2,2,3,2,9,4.8,Yes,Yes,82,84,0,Placed
6.5,0,1,0,6,3.8,No,No,55,62,2,NotPlaced
8.3,2,3,2,9,4.8,Yes,Yes,78,84,0,Placed
7.3,1,1,0,7,4.3,No,No,57,69,4,NotPlaced
7.8,1,1,1,7,4.8,No,No,59,70,3,NotPlaced
7.8,1,1,1,7,4.1,No,No,69,68,4,NotPlaced
8.6,1,3,2,8,4.8,Yes,Yes,78,85,0,Placed
6.5,1,2,3,8,4.2,No,Yes,57,67,3,NotPlaced
6.9,1,1,1,8,4.0,No,Yes,70,70,0,Placed
6.5,1,2,1,6,4.3,Yes,Yes,73,74,4,NotPlaced
8.5,2,2,2,9,4.8,Yes,Yes,78,77,0,Placed
8.1,1,2,2,8,4.5,Yes,Yes,62,84,0,Placed
6.7,0,1,0,7,4.2,Yes,Yes,62,66,4,NotPlaced
7.4,2,3,1,8,4.8,Yes,Yes,71,78,3,NotPlaced
7.6,1,1,2,8,4.8,No,No,84,67,3,NotPlaced
7.7,0,1,1,6,4.4,No,No,55,61,3,NotPlaced
8.0,2,3,2,9,4.5,Yes,Yes,85,82,0,Placed
8.1,2,3,2,9,4.7,Yes,Yes,78,82,0,Placed
6.5,2,1,1,7,3.5,No,Yes,61,67,3,NotPlaced
8.4,2,2,0,7,4.6,No,Yes,65,86,0,Placed
7.4,1,2,1,6,4.6,No,Yes,55,68,4,NotPlaced
7.5,0,2,1,7,3.6,No,Yes,55,65,3,NotPlaced
8.1,2,3,1,9,4.7,Yes,No,74,84,0,Placed
7.6,0,2,0,6,3.8,No,Yes,55,67,2,NotPlaced
7.0,1,1,0,7,4.8,Yes,No,70,63,6,Placed
6.8,1,1,0,7,4.2,No,Yes,60,68,3,NotPlaced
7.8,2,2,1,7,4.6,Yes,No,79,71,3,NotPlaced
8.5,0,3,0,9,4.8,Yes,Yes,79,82,0,Placed
6.5,1,1,0,6,4.8,Yes,No,60,64,2,NotPlaced
8.5,0,1,0,7,4.3,Yes,Yes,73,67,1,NotPlaced
8.5,1,1,2,8,4.3,Yes,Yes,57,61,1,NotPlaced
8.5,2,3,2,9,4.8,Yes,Yes,83,88,0,Placed
6.5,1,2,0,8,4.4,Yes,Yes,55,66,3,NotPlaced
6.6,1,1,0,7,3.6,No,No,55,67,2,NotPlaced
8.5,1,3,0,8,4.7,Yes,Yes,76,83,0,Placed
6.8,1,3,0,8,3.9,Yes,No,60,70,4,NotPlaced
8.3,2,3,2,8,4.7,Yes,Yes,68,80,0,Placed
8.4,1,3,0,7,4.5,Yes,Yes,82,83,1,NotPlaced
8.4,1,1,2,7,3.7,No,Yes,55,60,1,NotPlaced
8.5,0,3,0,9,4.8,Yes,Yes,55,86,1,Placed
6.5,1,1,0,7,4.3,Yes,Yes,62,70,4,NotPlaced
8.3,1,3,2,8,4.3,Yes,Yes,61,66,1,NotPlaced
8.4,1,1,1,7,4.2,No,No,62,68,1,NotPlaced
8.1,2,3,0,8,4.4,Yes,Yes,69,78,0,Placed
7.3,1,2,1,6,4.7,Yes,Yes,68,72,2,NotPlaced
7.5,0,1,0,8,4.2,No,No,67,60,4,NotPlaced
7.4,0,2,1,7,4.1,No,Yes,78,65,0,Placed
7.7,1,3,2,7,4.6,Yes,Yes,83,81,4,NotPlaced
6.6,1,1,0,8,4.4,No,No,55,62,3,NotPlaced
7.9,1,3,0,8,4.7,Yes,No,57,72,2,NotPlaced
8.4,0,2,2,8,4.3,Yes,Yes,77,67,1,NotPlaced
8.0,1,2,1,7,3.6,Yes,Yes,79,83,4,NotPlaced
8.0,0,3,2,9,4.1,Yes,Yes,59,86,3,NotPlaced
8.3,1,3,2,9,4.8,Yes,Yes,75,85,1,Placed
7.8,0,1,0,7,4.5,No,No,55,69,2,NotPlaced
7.8,1,2,1,6,3.9,No,No,61,63,3,NotPlaced
7.6,1,1,2,8,4.8,No,Yes,76,86,2,NotPlaced
6.6,1,2,0,8,4.5,Yes,Yes,62,64,0,Placed
7.4,0,3,1,8,4.3,Yes,Yes,82,68,1,Placed
7.6,1,3,2,9,4.8,Yes,Yes,74,83,4,NotPlaced
6.6,0,1,2,8,4.3,No,Yes,67,72,2,NotPlaced
8.3,1,1,0,9,4.3,Yes,Yes,77,80,1,NotPlaced
8.5,0,1,1,6,3.8,Yes,No,56,81,1,NotPlaced
7.4,1,2,1,6,4.4,Yes,Yes,62,69,1,Placed
8.3,2,3,2,9,4.8,Yes,Yes,84,88,1,Placed
7.7,1,1,0,8,3.8,Yes,Yes,82,87,0,Placed
8.2,2,3,0,7,4.2,Yes,Yes,72,67,1,Placed
8.1,2,3,2,9,4.8,Yes,Yes,75,84,0,Placed
8.3,2,3,3,8,4.8,Yes,No,74,77,1,NotPlaced
7.7,1,1,1,7,4.6,Yes,Yes,59,82,3,NotPlaced
8.3,1,3,2,8,4.8,Yes,Yes,81,85,1,Placed
7.5,0,3,2,8,4.5,No,Yes,75,73,0,Placed
8.3,0,3,0,8,4.3,Yes,No,56,65,1,NotPlaced
8.0,1,3,1,7,4.2,Yes,Yes,76,84,4,NotPlaced
7.5,1,2,0,6,4.2,No,Yes,55,65,2,NotPlaced
8.0,1,1,0,9,4.4,No,Yes,74,62,4,NotPlaced
7.7,2,2,2,8,4.7,Yes,Yes,83,82,0,Placed
8.1,1,3,0,8,4.7,Yes,Yes,83,85,1,Placed
7.3,1,1,0,8,3.7,No,No,55,62,3,NotPlaced
6.5,0,2,1,8,4.8,Yes,Yes,55,69,2,NotPlaced
7.3,1,1,0,7,4.3,No,Yes,63,76,4,NotPlaced
7.8,0,2,2,8,3.9,Yes,Yes,55,67,2,NotPlaced
6.7,0,1,0,7,3.0,No,No,55,65,2,NotPlaced
7.5,1,1,1,6,4.1,No,Yes,56,69,3,NotPlaced
7.6,2,3,1,8,4.4,No,No,63,65,2,NotPlaced
6.8,1,1,0,6,4.2,No,Yes,55,63,3,NotPlaced
7.2,1,3,3,8,4.6,No,Yes,76,84,0,Placed
7.4,1,1,1,7,3.6,No,Yes,62,63,4,NotPlaced
8.0,2,3,0,8,4.5,Yes,No,77,84,3,NotPlaced
7.3,1,1,1,7,4.8,No,No,55,66,3,NotPlaced
6.5,1,1,0,8,4.2,Yes,Yes,65,65,4,NotPlaced
8.5,2,3,2,8,4.6,Yes,Yes,73,86,0,Placed
6.6,1,1,0,7,4.5,Yes,No,72,66,2,NotPlaced
8.4,1,2,0,9,4.8,Yes,Yes,78,86,0,Placed
8.4,1,3,1,8,4.8,Yes,Yes,55,80,1,NotPlaced
8.3,0,1,2,8,4.4,Yes,Yes,76,81,1,Placed
6.6,1,1,0,7,4.6,No,Yes,55,67,2,NotPlaced
7.7,2,2,0,7,4.0,No,Yes,55,72,0,Placed
8.5,1,3,2,8,4.5,Yes,Yes,89,77,1,Placed
7.7,1,2,0,7,4.7,Yes,Yes,69,71,1,Placed
8.5,0,3,2,9,4.6,No,Yes,74,72,1,Placed
7.5,0,1,1,7,4.0,No,Yes,55,69,2,NotPlaced
8.4,2,3,2,9,4.5,Yes,Yes,75,80,0,Placed
6.6,1,2,0,7,4.0,No,No,55,62,3,NotPlaced
8.6,2,3,2,9,4.8,Yes,Yes,81,87,0,Placed
8.7,2,3,2,9,4.8,Yes,Yes,79,87,0,Placed
8.2,2,3,2,8,4.8,Yes,Yes,72,88,1,Placed
8.0,2,3,2,9,4.7,Yes,Yes,78,80,1,Placed
8.4,0,1,1,6,3.6,Yes,Yes,64,65,1,NotPlaced
8.2,0,3,1,9,4.8,Yes,No,61,75,1,NotPlaced
7.5,1,1,0,7,3.6,No,No,60,65,2,NotPlaced
8.5,2,3,2,9,4.7,Yes,Yes,74,86,1,Placed
7.8,1,3,1,8,4.8,Yes,Yes,75,85,1,Placed
7.7,0,1,0,8,4.7,Yes,Yes,78,84,4,NotPlaced
8.3,1,2,0,8,3.6,No,Yes,72,63,1,NotPlaced
7.1,1,3,1,7,4.2,Yes,Yes,62,60,2,NotPlaced
7.2,1,2,2,7,4.2,No,Yes,65,69,2,NotPlaced
8.0,2,3,2,9,4.8,Yes,Yes,81,87,0,Placed
7.9,2,3,2,8,4.7,Yes,Yes,72,86,1,Placed
7.8,1,3,2,7,4.8,Yes,No,84,66,3,NotPlaced
7.9,1,1,0,8,4.5,Yes,Yes,78,81,0,Placed
6.7,1,1,0,7,3.5,Yes,Yes,55,63,3,NotPlaced
8.1,0,3,2,8,4.8,Yes,No,82,83,0,Placed
7.5,2,3,0,8,4.8,Yes,Yes,80,80,0,Placed
6.5,1,1,2,6,4.2,No,No,68,64,3,NotPlaced
7.5,0,1,0,6,3.9,No,No,55,65,4,NotPlaced
6.7,1,1,2,7,4.3,Yes,No,62,72,1,Placed
7.6,2,1,0,7,4.4,No,Yes,57,66,4,NotPlaced
6.8,1,1,0,8,4.6,No,Yes,58,75,2,Placed
7.8,2,2,2,8,4.6,Yes,Yes,90,79,0,Placed
7.6,1,1,0,6,3.6,No,No,55,64,4,NotPlaced
8.1,2,3,2,9,4.7,Yes,Yes,79,88,1,Placed
7.4,0,1,1,6,4.3,No,Yes,55,76,2,NotPlaced
7.6,1,1,0,6,3.3,No,No,63,72,4,NotPlaced
7.6,1,2,3,8,4.0,No,Yes,55,83,4,NotPlaced
8.3,1,3,2,8,4.7,Yes,Yes,71,86,1,NotPlaced
8.3,1,3,2,9,4.8,Yes,Yes,69,88,1,Placed
7.5,1,1,1,7,4.5,No,Yes,59,65,4,NotPlaced
7.5,1,1,1,7,4.4,Yes,No,70,67,4,NotPlaced
6.5,1,1,0,6,3.9,No,No,84,66,3,NotPlaced
7.7,1,1,0,6,3.9,No,No,55,72,4,NotPlaced
8.1,1,3,2,8,4.7,Yes,Yes,71,80,1,NotPlaced
7.5,0,1,1,6,4.1,Yes,Yes,58,67,2,NotPlaced
6.5,0,3,1,6,4.5,No,No,57,63,3,NotPlaced
6.5,1,1,0,6,3.5,No,Yes,59,74,3,NotPlaced
7.5,0,1,0,6,4.4,No,Yes,67,69,4,NotPlaced
8.2,1,3,2,8,4.8,Yes,Yes,75,82,1,Placed
8.1,1,2,2,8,4.8,Yes,Yes,81,82,1,Placed
7.4,1,2,0,7,4.6,No,No,63,68,2,NotPlaced
8.3,2,3,1,8,4.6,Yes,No,55,80,1,NotPlaced
8.0,1,1,1,8,4.2,No,Yes,74,68,2,NotPlaced
8.7,2,3,0,8,4.8,Yes,Yes,78,83,0,Placed
7.1,1,1,0,6,3.6,Yes,Yes,55,70,4,NotPlaced
7.3,1,1,0,6,3.7,No,Yes,56,70,2,NotPlaced
7.4,1,1,1,6,3.5,No,Yes,55,70,3,NotPlaced
7.7,1,2,1,7,4.8,Yes,Yes,74,85,2,NotPlaced
6.5,0,1,0,7,4.2,No,No,64,72,3,NotPlaced
8.9,2,3,2,9,4.8,Yes,Yes,72,84,0,Placed
8.2,1,3,0,8,4.3,Yes,Yes,79,68,1,Placed
8.1,0,2,0,8,4.0,Yes,Yes,68,69,1,NotPlaced
7.2,1,1,0,6,4.1,Yes,No,64,73,3,NotPlaced
7.9,0,3,1,8,4.0,No,Yes,82,67,1,Placed
6.5,1,2,0,6,4.5,No,No,75,68,3,NotPlaced
7.6,1,3,3,7,4.2,No,Yes,61,70,4,NotPlaced
8.2,2,3,2,8,4.0,Yes,Yes,85,88,1,Placed
6.8,1,1,1,6,3.3,No,No,55,68,4,NotPlaced
6.5,1,1,0,6,3.5,No,Yes,61,69,2,NotPlaced
7.7,1,1,1,7,3.5,No,No,71,66,0,Placed
7.6,1,2,1,6,4.6,No,Yes,61,67,4,NotPlaced
7.5,1,2,0,7,3.9,No,No,66,68,2,NotPlaced
6.5,1,1,1,7,4.5,No,No,55,59,4,NotPlaced
7.4,1,1,1,6,4.2,Yes,No,60,69,2,NotPlaced
8.0,1,2,1,8,4.8,Yes,Yes,79,80,1,Placed
7.5,2,3,0,8,4.5,Yes,Yes,71,68,2,NotPlaced
8.7,0,3,2,8,4.7,Yes,Yes,74,86,0,Placed
7.8,1,2,0,7,4.5,Yes,Yes,83,75,2,NotPlaced
7.4,1,1,0,6,3.9,No,No,62,74,3,NotPlaced
8.2,2,3,2,8,4.3,Yes,No,70,88,1,Placed
8.9,1,2,1,8,4.1,Yes,Yes,68,62,1,NotPlaced
7.5,1,2,2,7,4.5,No,Yes,75,70,1,Placed
7.1,1,1,1,7,4.2,Yes,Yes,65,69,4,NotPlaced
8.1,0,3,2,9,4.8,Yes,Yes,79,86,0,Placed
7.5,0,1,2,7,4.4,No,Yes,55,69,3,NotPlaced
7.7,1,3,2,9,4.6,No,Yes,81,79,1,Placed
8.3,0,2,0,9,4.6,Yes,Yes,75,82,0,Placed
6.5,1,1,1,7,3.8,No,Yes,60,68,4,NotPlaced
8.4,1,2,2,8,4.2,Yes,Yes,80,82,1,NotPlaced
6.5,2,1,1,8,3.7,Yes,Yes,58,68,4,NotPlaced
8.5,0,2,2,8,4.1,Yes,Yes,59,82,0,Placed
7.8,1,1,0,8,4.6,No,Yes,59,69,4,NotPlaced
8.2,1,3,1,7,4.6,Yes,Yes,73,84,1,NotPlaced
7.6,1,2,0,7,3.6,No,Yes,56,66,4,NotPlaced
6.5,2,1,0,7,4.4,No,Yes,75,65,4,NotPlaced
7.4,1,1,1,6,4.8,Yes,Yes,55,71,4,NotPlaced
8.5,1,3,2,8,4.7,Yes,Yes,73,83,1,Placed
7.7,1,2,1,7,4.1,No,Yes,56,69,2,NotPlaced
8.1,1,2,0,8,4.8,No,Yes,82,63,1,NotPlaced
6.9,2,2,0,6,3.2,No,Yes,55,65,4,NotPlaced
7.7,0,2,0,7,4.5,No,Yes,63,87,4,NotPlaced
7.5,1,1,0,8,3.6,No,Yes,56,71,3,NotPlaced
8.3,2,3,2,9,4.2,Yes,Yes,71,81,1,Placed
7.6,1,1,0,7,4.2,No,No,56,66,4,NotPlaced
7.7,1,2,1,7,4.6,Yes,Yes,64,57,0,Placed
8.4,1,2,1,7,4.0,Yes,Yes,79,84,1,NotPlaced
7.5,1,2,0,7,4.2,No,Yes,55,72,1,Placed
7.4,1,1,0,8,4.6,No,No,83,81,2,NotPlaced
6.9,1,1,1,6,4.6,Yes,Yes,55,64,2,NotPlaced
8.1,1,2,0,8,4.3,No,No,58,80,1,Placed
8.0,0,2,0,8,3.8,Yes,Yes,75,69,3,NotPlaced
6.5,1,1,1,8,4.8,No,Yes,58,77,2,NotPlaced
8.4,1,1,2,8,4.6,Yes,Yes,70,70,1,Placed
7.5,1,1,1,6,4.5,No,No,55,67,3,NotPlaced
7.7,1,3,0,7,4.3,Yes,Yes,75,86,3,NotPlaced
8.3,2,3,2,9,4.8,Yes,Yes,78,80,1,Placed
6.5,0,3,0,7,3.6,Yes,No,60,74,4,NotPlaced
7.6,1,1,1,8,4.8,Yes,Yes,55,84,1,Placed
7.4,0,1,1,7,4.3,No,Yes,55,69,4,NotPlaced
6.6,1,1,0,7,3.1,No,No,58,61,2,NotPlaced
6.5,1,1,1,7,4.1,No,No,65,66,3,NotPlaced
8.2,1,2,1,7,4.4,Yes,Yes,83,65,0,Placed
6.5,1,2,1,7,3.9,No,Yes,56,68,4,NotPlaced
6.7,1,1,0,7,4.4,Yes,Yes,55,69,4,NotPlaced
8.8,2,3,2,9,4.7,Yes,Yes,74,86,0,Placed
8.0,2,3,2,8,3.7,Yes,Yes,72,83,1,Placed
6.7,1,2,0,7,3.4,No,Yes,55,59,3,NotPlaced
8.8,0,2,1,7,4.5,Yes,Yes,78,71,1,NotPlaced
7.5,1,1,0,7,3.5,No,Yes,60,68,1,Placed
7.9,1,2,0,6,3.7,Yes,No,62,64,3,NotPlaced
8.2,2,2,3,8,4.8,Yes,Yes,79,80,1,NotPlaced
7.8,2,2,2,7,4.5,Yes,No,72,86,4,NotPlaced
6.5,1,3,2,7,3.8,Yes,Yes,79,67,4,NotPlaced
8.2,0,1,1,6,3.9,No,Yes,55,82,1,NotPlaced
6.9,1,2,1,7,4.0,Yes,Yes,59,66,3,NotPlaced
8.5,0,3,2,8,4.5,Yes,Yes,85,88,1,Placed
7.4,1,1,1,7,4.0,Yes,Yes,57,72,2,NotPlaced
8.1,2,3,2,9,4.8,Yes,No,79,88,1,Placed
7.8,0,1,0,7,3.7,No,No,55,62,4,NotPlaced
6.5,1,2,0,8,4.1,Yes,Yes,56,81,4,NotPlaced
8.4,0,1,1,7,3.8,Yes,No,64,68,1,NotPlaced
7.8,1,1,1,8,4.8,Yes,Yes,82,83,1,Placed
7.9,1,3,2,8,4.8,Yes,Yes,82,88,1,Placed
6.5,1,1,0,8,4.3,No,Yes,57,70,2,NotPlaced
8.0,2,3,0,9,4.5,Yes,Yes,85,79,0,Placed
8.1,2,3,2,8,4.5,Yes,Yes,83,82,1,Placed
7.4,1,1,2,6,3.6,No,Yes,62,72,3,NotPlaced
8.1,2,3,0,8,4.1,Yes,No,81,67,1,NotPlaced
7.8,1,3,2,9,4.8,Yes,Yes,58,78,0,Placed
6.6,2,1,0,6,3.9,No,No,55,74,4,NotPlaced
7.3,1,1,2,8,4.0,Yes,Yes,59,75,3,NotPlaced
8.3,1,1,2,9,4.5,Yes,Yes,79,81,0,Placed
6.5,1,1,0,7,4.1,No,No,65,72,4,NotPlaced
8.4,2,3,2,9,4.8,Yes,Yes,76,85,1,Placed
7.7,1,3,0,7,4.0,Yes,Yes,78,81,0,Placed
6.5,2,3,2,7,3.8,Yes,Yes,66,80,0,Placed
7.6,1,3,2,7,3.8,Yes,Yes,75,88,1,Placed
8.5,1,2,0,8,4.5,Yes,Yes,77,81,1,NotPlaced
6.5,2,2,2,8,4.6,Yes,Yes,81,72,0,Placed
6.7,1,1,0,7,4.1,No,No,60,68,3,NotPlaced
7.5,1,1,1,6,4.0,No,Yes,61,72,4,NotPlaced
7.5,0,2,1,8,4.2,Yes,Yes,80,85,3,NotPlaced
7.9,1,2,0,7,4.2,No,Yes,75,63,2,NotPlaced
7.7,1,3,2,8,4.5,Yes,Yes,76,81,4,NotPlaced
7.8,2,3,1,9,4.0,Yes,Yes,81,84,4,NotPlaced
8.6,2,3,2,9,4.8,Yes,Yes,73,68,0,Placed
8.1,2,3,2,8,4.8,Yes,Yes,83,84,1,Placed
6.6,1,1,0,7,3.8,No,Yes,59,71,2,NotPlaced
8.0,2,3,2,8,4.8,Yes,Yes,75,81,0,Placed
8.6,1,3,2,9,4.5,Yes,Yes,72,83,0,Placed
8.3,1,3,2,9,4.7,Yes,Yes,76,80,0,Placed
8.0,2,1,0,9,4.7,Yes,Yes,83,85,1,Placed
7.5,1,2,0,8,4.1,No,No,64,61,3,NotPlaced
7.8,0,1,0,6,4.2,No,Yes,56,70,3,NotPlaced
7.5,0,2,0,8,3.6,No,Yes,55,68,1,Placed
7.8,1,1,1,6,4.1,No,Yes,55,67,4,NotPlaced
6.7,1,1,0,6,4.3,Yes,No,55,71,2,NotPlaced
7.6,1,3,1,8,3.9,Yes,Yes,82,84,1,Placed
7.6,0,2,1,7,4.7,Yes,Yes,76,65,4,NotPlaced
8.1,1,3,2,8,4.5,Yes,No,76,87,1,NotPlaced
8.2,1,2,2,8,4.8,Yes,Yes,75,87,1,Placed
7.6,1,2,0,7,4.1,No,Yes,67,69,4,NotPlaced
7.5,1,1,1,6,3.9,No,Yes,59,66,2,NotPlaced
7.3,1,2,1,8,4.8,No,No,55,74,2,NotPlaced
6.7,0,2,0,7,4.2,No,Yes,55,64,4,NotPlaced
8.7,0,1,0,8,4.8,Yes,No,77,79,0,Placed
8.0,2,1,2,8,4.7,Yes,Yes,62,66,1,Placed
8.3,0,1,0,6,4.3,Yes,No,68,63,1,NotPlaced
7.6,0,3,1,8,4.6,Yes,Yes,61,71,4,NotPlaced
6.5,2,1,0,8,3.4,No,Yes,55,64,2,NotPlaced
7.4,1,1,1,7,3.5,No,Yes,57,61,2,NotPlaced
8.7,2,3,2,7,4.3,Yes,Yes,82,83,0,Placed
6.5,1,1,0,7,3.7,No,No,63,62,4,NotPlaced
8.4,1,3,2,7,3.8,Yes,No,75,86,1,NotPlaced
7.4,1,1,0,6,3.7,No,No,65,65,4,NotPlaced
7.4,0,1,0,6,4.2,No,Yes,58,66,4,NotPlaced
6.7,0,2,0,7,3.0,No,Yes,55,69,3,NotPlaced
8.3,2,3,2,9,4.4,Yes,Yes,90,84,1,Placed
8.3,2,3,0,9,4.8,Yes,Yes,79,82,1,Placed
6.5,1,2,0,6,4.3,No,No,55,70,2,NotPlaced
7.4,1,2,0,8,4.7,No,Yes,59,64,2,NotPlaced
7.1,0,1,0,9,4.5,Yes,No,79,78,4,NotPlaced
6.5,0,3,2,7,4.5,Yes,Yes,74,84,0,Placed
8.6,2,3,2,9,4.5,Yes,Yes,79,84,0,Placed
6.5,2,1,0,6,3.7,No,No,55,68,2,NotPlaced
8.5,1,3,0,9,4.5,Yes,Yes,74,83,1,Placed
6.9,1,1,0,7,3.8,Yes,Yes,55,66,3,NotPlaced
6.5,1,1,2,8,4.5,No,Yes,78,68,2,NotPlaced
8.1,2,3,2,8,4.8,Yes,No,84,86,1,Placed
7.5,0,1,1,7,4.4,No,No,55,66,3,NotPlaced
6.8,1,2,1,7,4.0,No,Yes,62,76,2,NotPlaced
7.9,1,0,3,9,4.8,Yes,Yes,68,88,4,NotPlaced
8.2,1,3,0,8,4.7,Yes,Yes,76,84,1,NotPlaced
7.7,1,1,0,7,4.0,No,Yes,61,71,1,Placed
8.3,2,2,0,8,4.7,Yes,Yes,78,86,1,NotPlaced
6.8,0,2,0,7,4.1,No,Yes,57,88,3,NotPlaced
7.7,1,1,0,6,4.4,No,No,59,66,4,NotPlaced
6.5,2,1,3,8,4.5,Yes,Yes,55,68,2,NotPlaced
8.2,1,1,2,8,4.8,Yes,Yes,87,84,1,Placed
7.0,1,1,2,8,4.8,Yes,Yes,83,80,7,Placed
7.5,1,1,0,6,3.9,No,No,55,71,4,NotPlaced
7.3,1,1,0,6,3.2,No,No,61,70,2,NotPlaced
7.3,1,1,0,8,3.8,Yes,Yes,59,58,0,Placed
7.0,1,2,1,6,4.0,No,Yes,70,65,4,NotPlaced
7.4,1,1,0,8,4.5,Yes,Yes,69,86,3,NotPlaced
6.7,1,3,1,8,4.8,Yes,Yes,75,80,2,Placed
8.0,0,3,2,9,4.8,Yes,Yes,84,82,1,Placed
8.0,2,3,2,8,4.8,Yes,No,72,63,1,Placed
8.4,1,3,2,9,4.8,Yes,Yes,79,87,1,Placed
7.6,1,1,0,6,4.0,No,Yes,59,65,2,NotPlaced
8.2,1,2,0,8,4.4,No,Yes,55,62,1,NotPlaced
7.5,1,1,0,7,4.0,No,No,63,64,2,NotPlaced
8.2,2,1,2,9,4.6,Yes,Yes,74,79,0,Placed
8.1,0,2,0,7,3.8,Yes,Yes,84,62,1,NotPlaced
7.7,1,2,0,8,3.5,Yes,Yes,79,84,2,NotPlaced
7.4,1,2,0,7,4.5,No,Yes,70,68,0,Placed
8.4,2,3,2,9,4.8,Yes,Yes,80,80,0,Placed
7.4,1,1,0,7,3.9,No,Yes,55,69,4,NotPlaced
7.6,0,2,0,7,3.6,No,No,56,70,3,NotPlaced
7.7,1,2,0,8,4.4,No,Yes,75,83,2,NotPlaced
7.4,2,3,2,7,4.7,Yes,No,87,84,0,Placed
7.7,1,2,0,8,4.0,No,Yes,57,67,4,NotPlaced
7.6,0,2,0,8,4.0,Yes,Yes,70,86,1,Placed
8.5,1,3,2,9,4.7,Yes,Yes,69,86,0,Placed
7.5,0,2,0,8,4.1,No,No,63,64,4,NotPlaced
7.4,1,1,1,7,4.2,Yes,No,66,87,4,NotPlaced
6.5,1,1,0,7,4.0,Yes,No,59,67,1,Placed
8.3,2,1,2,7,3.9,No,No,55,64,1,NotPlaced
7.4,1,2,0,7,4.2,No,No,55,61,3,NotPlaced
8.7,1,3,2,8,4.1,Yes,Yes,70,88,0,Placed
8.4,2,3,2,8,3.7,No,No,81,82,1,NotPlaced
7.6,0,1,0,7,4.2,Yes,No,55,59,2,NotPlaced
8.5,1,3,3,8,4.6,Yes,Yes,69,88,0,Placed
7.5,1,1,0,7,3.7,No,Yes,73,71,3,NotPlaced
7.5,1,1,0,7,4.0,No,Yes,55,63,4,NotPlaced
7.6,0,2,0,7,3.8,No,Yes,63,69,4,NotPlaced
8.1,1,2,0,9,4.5,No,No,70,61,1,NotPlaced
7.7,1,2,1,8,4.4,No,Yes,81,57,4,NotPlaced
7.5,1,1,1,8,4.1,Yes,Yes,73,69,2,NotPlaced
8.5,1,2,0,8,4.3,Yes,Yes,72,83,0,Placed
7.6,0,1,1,7,4.3,No,No,59,66,3,NotPlaced
6.5,0,1,1,6,3.9,No,No,55,62,2,NotPlaced
8.2,2,3,3,8,4.0,Yes,Yes,83,80,1,Placed
6.9,1,2,0,7,4.8,Yes,Yes,78,88,4,NotPlaced
8.4,2,3,2,8,4.7,Yes,No,85,85,1,NotPlaced
7.6,1,2,2,7,4.5,Yes,Yes,80,85,1,Placed
7.7,1,1,0,8,4.6,No,Yes,76,68,3,NotPlaced
8.0,1,2,2,9,4.7,Yes,Yes,77,88,3,NotPlaced
8.3,2,3,0,9,4.8,Yes,Yes,84,86,1,Placed
8.3,2,3,2,9,4.8,Yes,Yes,86,85,0,Placed
7.5,1,1,0,6,3.9,No,No,55,74,2,NotPlaced
8.3,1,3,2,8,3.4,Yes,Yes,77,85,0,Placed
6.5,0,1,0,6,4.0,No,Yes,66,72,2,NotPlaced
8.6,1,1,2,9,4.7,Yes,Yes,76,85,0,Placed
7.3,0,1,1,7,3.9,No,No,55,71,2,NotPlaced
8.2,2,3,2,8,4.8,Yes,Yes,83,83,0,Placed
8.5,1,1,2,7,4.5,No,Yes,58,73,1,NotPlaced
7.7,0,2,0,7,4.2,No,Yes,55,71,2,NotPlaced
8.4,1,3,2,8,4.5,Yes,Yes,71,64,1,NotPlaced
8.6,1,1,2,9,4.7,Yes,Yes,87,66,0,Placed
7.3,0,2,2,8,4.8,Yes,Yes,74,86,1,Placed
8.3,0,3,3,8,4.8,Yes,Yes,74,74,1,Placed
6.5,1,1,0,6,3.9,No,No,55,73,2,NotPlaced
6.8,0,1,0,7,4.2,No,No,55,69,3,NotPlaced
8.3,0,3,2,9,4.5,Yes,Yes,74,83,0,Placed
8.5,1,2,0,8,4.4,Yes,Yes,79,75,0,Placed
6.5,1,1,1,7,4.5,No,No,55,74,3,NotPlaced
7.9,2,3,2,8,4.5,Yes,Yes,72,84,2,NotPlaced
6.7,0,1,1,7,4.2,No,No,55,69,4,NotPlaced
8.1,1,1,0,7,4.3,Yes,Yes,76,69,1,NotPlaced
7.5,0,2,0,7,4.1,No,Yes,55,67,3,NotPlaced
6.7,0,2,1,7,3.7,No,No,55,67,4,NotPlaced
8.4,2,3,2,9,4.8,Yes,Yes,72,84,1,Placed
6.7,2,1,0,7,4.4,No,Yes,56,62,3,NotPlaced
6.5,1,1,1,7,3.8,No,Yes,56,64,3,NotPlaced
6.5,1,2,0,7,4.0,Yes,Yes,75,74,4,NotPlaced
7.7,1,3,2,8,4.5,Yes,Yes,79,70,3,NotPlaced
7.3,0,3,1,8,3.8,No,No,84,62,2,NotPlaced
7.6,0,1,2,7,3.7,No,No,55,61,2,NotPlaced
6.8,1,1,1,7,3.9,No,Yes,78,67,2,NotPlaced
7.6,1,2,3,8,4.6,Yes,Yes,73,82,4,NotPlaced
6.5,1,2,0,6,4.0,No,No,56,61,2,NotPlaced
6.9,1,1,1,7,4.1,No,Yes,55,61,4,NotPlaced
6.8,1,1,0,7,4.3,No,Yes,59,67,2,Placed
7.4,1,1,0,8,4.7,Yes,Yes,84,87,2,NotPlaced
8.2,2,3,1,9,3.9,Yes,Yes,76,82,1,Placed
7.9,0,2,0,8,4.5,Yes,Yes,74,87,3,NotPlaced
6.7,1,2,1,8,4.5,Yes,Yes,71,83,0,Placed
8.2,1,1,0,7,4.4,Yes,Yes,77,68,1,NotPlaced
7.6,1,1,1,7,3.8,No,No,62,71,2,NotPlaced
7.3,1,3,0,7,4.5,No,No,58,70,2,NotPlaced
8.4,1,2,2,7,4.3,Yes,No,71,79,0,Placed
7.6,1,1,0,8,4.1,No,No,68,63,4,NotPlaced
6.5,0,1,1,7,4.4,No,Yes,55,62,3,NotPlaced
8.3,1,1,1,7,4.8,No,No,56,65,1,NotPlaced
8.2,2,1,2,9,4.5,Yes,No,66,83,1,NotPlaced
7.4,1,1,1,8,4.2,Yes,Yes,75,65,0,Placed
8.1,2,3,0,7,4.8,Yes,Yes,70,82,1,NotPlaced
7.5,0,3,0,7,4.5,Yes,No,68,83,2,NotPlaced
6.6,0,1,1,7,3.4,No,No,56,70,2,NotPlaced
7.6,1,2,1,6,4.2,No,No,63,60,4,NotPlaced
7.5,1,2,1,8,4.8,No,Yes,61,84,3,NotPlaced
8.2,1,2,0,8,4.3,No,No,76,81,0,Placed
8.4,1,1,2,7,4.6,Yes,Yes,74,85,1,NotPlaced
8.5,2,3,2,9,4.8,Yes,Yes,85,88,0,Placed
6.8,1,1,0,7,4.0,Yes,No,62,83,2,NotPlaced
6.5,1,3,1,7,4.6,Yes,Yes,74,76,1,Placed
8.0,1,2,0,7,4.8,No,Yes,79,70,3,NotPlaced
8.4,1,1,2,8,4.8,Yes,Yes,75,84,1,Placed
6.6,1,1,1,8,4.1,Yes,Yes,80,85,2,NotPlaced
8.2,2,3,0,6,4.3,Yes,Yes,78,83,1,Placed
7.7,1,1,2,8,4.5,Yes,Yes,71,82,0,Placed
8.3,2,3,1,8,4.8,Yes,Yes,79,86,1,Placed
6.5,1,1,0,6,4.0,No,No,60,67,3,NotPlaced
8.4,1,3,2,7,4.5,Yes,Yes,75,72,1,NotPlaced
8.3,1,3,0,8,4.6,Yes,Yes,71,80,0,Placed
6.5,1,2,1,8,4.7,Yes,Yes,77,72,4,NotPlaced
7.6,0,2,0,8,4.4,No,Yes,55,69,4,NotPlaced
7.4,0,2,1,6,3.7,No,No,73,68,2,NotPlaced
8.2,1,2,2,6,4.0,Yes,No,58,63,1,NotPlaced
6.5,1,2,0,8,3.5,No,Yes,62,63,1,Placed
8.8,1,2,0,7,4.2,Yes,No,61,67,1,NotPlaced
8.5,1,0,2,7,4.6,Yes,Yes,73,83,1,Placed
8.3,1,2,0,7,4.6,Yes,Yes,74,60,1,NotPlaced
8.0,0,3,2,9,4.8,Yes,Yes,80,85,1,Placed
8.5,2,3,0,8,4.6,Yes,Yes,69,85,1,Placed
8.5,1,3,2,9,4.8,Yes,Yes,84,81,1,Placed
8.1,1,3,2,8,4.5,No,Yes,70,85,1,NotPlaced
8.6,1,3,2,9,4.6,Yes,Yes,88,85,0,Placed
8.2,2,3,2,9,4.7,Yes,No,81,87,0,Placed
7.5,0,1,0,8,4.1,Yes,Yes,58,69,2,NotPlaced
8.3,2,3,0,9,4.8,Yes,Yes,75,86,1,Placed
7.7,1,1,2,7,3.9,No,Yes,56,66,2,NotPlaced
7.4,1,1,1,7,4.8,Yes,Yes,61,69,2,NotPlaced
8.3,2,3,2,9,4.8,Yes,Yes,79,88,0,Placed
7.4,1,1,0,7,4.5,No,Yes,57,66,1,Placed
8.3,1,2,1,7,4.8,Yes,Yes,87,85,1,Placed
6.6,0,1,1,6,4.6,Yes,Yes,64,71,2,NotPlaced
7.8,1,2,1,6,3.7,Yes,Yes,64,67,4,NotPlaced
6.6,0,3,1,9,4.4,No,Yes,55,71,3,NotPlaced
7.7,0,3,1,7,4.3,Yes,Yes,78,65,4,NotPlaced
7.4,1,1,0,8,3.4,No,No,55,63,4,NotPlaced
7.5,2,3,1,7,4.4,Yes,Yes,68,71,0,Placed
8.4,1,3,3,9,4.8,Yes,Yes,76,86,1,Placed
8.7,1,1,0,8,3.8,Yes,Yes,71,69,1,NotPlaced
8.4,1,2,0,8,4.5,Yes,Yes,76,85,1,NotPlaced
8.0,1,2,1,8,4.7,Yes,Yes,70,81,3,NotPlaced
7.5,0,1,1,7,3.9,No,Yes,55,69,3,NotPlaced
6.5,0,2,0,7,4.5,No,No,62,68,3,NotPlaced
6.7,0,1,1,7,3.9,No,Yes,55,65,3,NotPlaced
7.4,0,1,0,7,4.4,No,No,55,72,3,NotPlaced
8.4,2,3,1,8,4.4,Yes,Yes,77,79,1,NotPlaced
8.0,1,3,0,7,4.3,Yes,Yes,79,78,3,NotPlaced
8.7,2,3,0,8,4.1,Yes,Yes,72,79,0,Placed
7.5,1,2,0,7,4.4,Yes,No,62,69,2,NotPlaced
7.4,1,2,1,8,3.9,No,Yes,55,70,3,NotPlaced
7.7,0,2,0,7,4.1,No,No,65,69,2,NotPlaced
7.6,0,3,0,8,4.7,Yes,Yes,70,75,1,Placed
7.5,0,3,1,7,4.8,Yes,Yes,76,71,3,NotPlaced
8.1,1,3,0,7,4.0,Yes,Yes,75,73,1,Placed
8.4,0,3,0,9,4.8,Yes,Yes,78,66,1,Placed
7.5,1,1,1,6,4.8,Yes,Yes,75,70,2,NotPlaced
8.0,1,3,0,8,4.2,Yes,Yes,73,88,1,Placed
7.5,1,1,0,6,4.1,No,No,57,67,3,NotPlaced
6.5,1,2,1,6,4.3,No,No,55,61,3,NotPlaced
8.4,0,1,2,8,4.0,Yes,Yes,62,85,0,Placed
7.7,2,3,3,8,4.2,Yes,Yes,72,79,2,NotPlaced
8.0,1,3,0,9,4.8,Yes,Yes,72,88,1,Placed
6.5,1,3,2,8,4.8,Yes,Yes,55,70,4,NotPlaced
6.8,0,1,0,6,3.9,No,No,67,61,2,NotPlaced
7.4,1,3,0,7,4.6,No,No,78,86,2,NotPlaced
7.7,1,1,1,7,4.0,No,Yes,58,67,4,NotPlaced
8.1,1,1,0,8,3.7,Yes,No,64,64,1,NotPlaced
7.9,2,1,0,7,3.4,Yes,Yes,55,63,4,NotPlaced
8.5,1,2,3,7,4.8,Yes,Yes,66,85,1,NotPlaced
8.3,1,2,0,7,3.8,No,Yes,55,67,1,NotPlaced
6.6,1,3,1,7,3.2,No,Yes,62,69,2,NotPlaced
8.6,2,3,2,9,4.8,Yes,Yes,85,81,0,Placed
8.1,1,3,2,8,4.5,Yes,Yes,81,88,0,Placed
6.5,1,2,0,7,3.8,No,Yes,62,68,3,NotPlaced
8.4,1,1,1,7,3.8,Yes,No,69,76,1,NotPlaced
8.1,1,3,2,7,3.7,Yes,Yes,73,83,1,Placed
8.1,1,3,0,8,4.1,No,Yes,78,85,0,Placed
8.0,1,3,2,9,4.8,Yes,Yes,77,88,0,Placed
7.4,0,1,1,8,4.2,No,No,55,69,4,NotPlaced
8.2,1,3,2,9,4.4,Yes,Yes,71,81,0,Placed
8.4,0,3,1,8,4.0,Yes,Yes,85,67,1,NotPlaced
7.3,0,1,2,7,4.0,No,No,69,73,3,NotPlaced
6.7,1,1,1,8,4.1,No,No,64,72,4,NotPlaced
6.5,0,2,1,7,3.0,No,Yes,59,76,2,NotPlaced
6.5,0,1,3,7,4.4,Yes,No,64,70,3,NotPlaced
7.9,2,1,1,7,4.7,No,No,61,63,4,NotPlaced
7.4,1,1,0,6,4.2,No,Yes,55,65,3,NotPlaced
7.3,1,1,1,7,4.4,No,Yes,69,72,3,NotPlaced
6.5,1,3,0,7,4.0,No,Yes,69,68,2,Placed
6.5,1,1,0,6,4.2,No,No,78,62,2,NotPlaced
8.2,2,3,2,9,4.8,Yes,Yes,83,82,0,Placed
8.5,2,3,2,9,4.8,Yes,Yes,83,85,1,Placed
7.8,2,3,2,9,4.8,Yes,No,81,87,4,NotPlaced
7.5,1,1,0,7,4.7,No,No,55,64,3,NotPlaced
7.5,1,1,0,8,4.1,No,No,76,70,4,NotPlaced
6.9,1,3,0,8,4.6,Yes,Yes,62,76,1,Placed
8.6,2,3,2,9,4.8,Yes,Yes,72,86,0,Placed
8.5,2,3,1,8,4.4,Yes,Yes,87,84,0,Placed
8.5,2,3,2,8,4.7,Yes,Yes,78,68,0,Placed
8.1,1,2,1,8,4.8,Yes,Yes,69,85,0,Placed
6.6,2,3,1,8,4.1,No,No,74,69,3,NotPlaced
8.2,1,1,2,7,4.7,Yes,Yes,67,86,0,Placed
6.5,1,1,1,6,3.0,No,No,61,79,4,NotPlaced
7.5,1,2,3,7,3.5,No,Yes,55,66,2,NotPlaced
7.4,1,1,1,7,4.4,Yes,Yes,66,65,3,NotPlaced
7.2,1,1,0,6,4.4,No,Yes,57,77,4,NotPlaced
7.6,1,1,0,7,4.1,No,Yes,58,59,4,NotPlaced
8.4,1,1,1,7,4.1,No,No,59,66,1,NotPlaced
7.7,2,3,0,7,3.9,Yes,Yes,82,86,1,Placed
7.7,2,3,0,9,4.6,Yes,No,55,80,4,NotPlaced
8.1,2,2,1,7,4.8,Yes,Yes,71,81,1,NotPlaced
8.5,1,3,2,9,4.7,Yes,Yes,75,81,0,Placed
7.6,1,3,2,9,4.5,Yes,No,87,71,1,Placed
7.4,1,3,1,8,4.6,No,No,69,83,4,NotPlaced
6.6,1,1,0,7,4.7,Yes,No,68,64,2,NotPlaced
8.3,2,3,2,9,4.8,Yes,Yes,87,81,1,NotPlaced
8.3,2,3,0,8,4.8,Yes,Yes,75,83,0,Placed
8.0,2,3,2,9,4.8,Yes,Yes,80,87,1,Placed
8.3,1,3,1,8,4.8,Yes,Yes,65,83,1,NotPlaced
7.8,1,2,0,7,4.4,Yes,Yes,71,81,4,NotPlaced
6.9,0,1,2,7,4.8,Yes,Yes,58,85,2,Placed
7.8,1,1,1,6,3.5,No,No,60,70,2,NotPlaced
8.8,2,3,2,9,4.7,Yes,Yes,81,79,0,Placed
7.5,0,2,0,6,3.1,No,No,55,70,4,NotPlaced
7.0,0,1,3,8,4.2,No,Yes,62,81,3,NotPlaced
8.4,1,1,0,7,3.7,Yes,No,59,65,1,NotPlaced
6.5,1,1,1,7,4.3,No,Yes,77,69,3,NotPlaced
7.4,1,2,2,8,3.9,No,Yes,77,88,0,Placed
7.6,1,1,2,8,3.9,No,Yes,62,78,2,NotPlaced
6.5,1,2,0,7,4.7,No,Yes,76,72,4,NotPlaced
6.5,1,3,1,7,4.1,Yes,Yes,55,74,4,NotPlaced
6.5,1,1,0,7,4.4,No,Yes,66,74,2,NotPlaced
8.5,1,2,2,8,3.8,Yes,Yes,78,85,1,NotPlaced
6.5,1,1,0,7,4.4,No,No,64,68,3,NotPlaced
7.4,1,3,2,9,4.0,Yes,Yes,71,83,0,Placed
7.7,1,1,1,7,4.2,No,No,71,59,3,NotPlaced
7.7,1,1,1,7,4.8,No,No,65,72,3,NotPlaced
6.5,1,3,1,7,4.2,Yes,Yes,69,71,4,NotPlaced
7.9,2,3,2,7,4.5,Yes,No,87,82,0,Placed
8.0,2,3,2,7,4.8,Yes,Yes,85,85,0,Placed
8.6,2,2,1,7,4.5,Yes,Yes,87,82,1,NotPlaced
7.5,0,1,1,8,4.4,No,Yes,59,66,2,NotPlaced
8.4,0,1,0,8,4.8,No,Yes,78,81,0,Placed
7.2,2,3,0,8,4.8,Yes,Yes,81,82,0,Placed
6.9,0,1,0,7,4.5,No,Yes,55,63,4,NotPlaced
8.0,1,3,0,8,3.8,No,No,55,66,2,NotPlaced
6.9,0,1,0,7,3.6,No,No,55,70,4,NotPlaced
7.9,0,2,1,7,4.3,Yes,Yes,60,72,2,NotPlaced
8.4,1,1,2,9,4.8,Yes,Yes,83,86,0,Placed
8.4,1,3,2,9,4.8,Yes,Yes,75,87,0,Placed
6.7,1,2,1,8,4.8,Yes,Yes,75,83,0,Placed
8.0,0,3,2,8,4.3,Yes,Yes,81,88,1,Placed
8.3,1,3,0,8,4.4,Yes,Yes,73,84,1,NotPlaced
8.1,1,3,1,7,4.1,Yes,Yes,66,73,1,NotPlaced
6.8,1,2,0,7,4.0,No,Yes,69,68,4,NotPlaced
7.5,1,3,0,7,4.5,Yes,Yes,75,82,2,NotPlaced
7.7,1,1,0,7,4.2,Yes,Yes,86,64,4,NotPlaced
8.0,2,3,2,8,4.8,Yes,Yes,78,85,0,Placed
7.5,1,2,1,8,4.0,No,No,63,63,2,NotPlaced
6.6,1,3,1,8,4.6,No,Yes,59,87,4,NotPlaced
6.5,1,1,1,6,4.3,No,No,55,69,2,NotPlaced
8.3,1,2,2,8,4.8,Yes,Yes,75,83,1,Placed
6.8,1,1,0,7,4.4,No,No,60,68,2,NotPlaced
8.1,1,1,1,7,4.5,No,No,62,67,1,NotPlaced
8.9,1,3,0,8,4.8,Yes,Yes,73,81,0,Placed
8.3,2,3,2,9,4.7,Yes,Yes,77,81,0,Placed
8.5,2,3,2,8,4.7,Yes,Yes,71,79,1,Placed
7.8,1,1,0,8,3.8,No,Yes,69,66,4,NotPlaced
8.2,1,1,0,8,3.9,Yes,Yes,61,84,1,NotPlaced
7.9,1,2,2,8,3.6,Yes,No,80,88,0,Placed
7.6,0,1,0,8,4.0,No,Yes,79,86,2,NotPlaced
7.3,0,1,0,7,3.4,No,No,55,70,3,NotPlaced
6.6,0,2,0,6,3.8,No,No,66,70,4,NotPlaced
8.5,1,2,0,8,4.0,Yes,Yes,78,70,0,Placed
8.3,1,1,0,7,3.6,No,Yes,74,68,1,NotPlaced
7.4,1,2,1,7,4.0,No,Yes,60,67,3,NotPlaced
8.4,0,1,0,8,4.5,Yes,Yes,87,78,1,NotPlaced
8.5,2,1,0,8,4.7,No,Yes,70,71,1,NotPlaced
6.5,1,1,0,6,4.1,No,No,55,62,3,NotPlaced
7.5,1,3,1,8,4.6,Yes,Yes,81,86,1,Placed
8.4,2,3,2,9,4.8,Yes,Yes,67,82,1,Placed
7.6,1,3,2,7,4.8,Yes,Yes,75,70,3,NotPlaced
8.2,2,3,2,9,4.8,Yes,Yes,73,88,0,Placed
6.5,1,3,2,8,4.5,No,Yes,70,75,0,Placed
8.5,2,3,2,9,4.8,Yes,Yes,83,86,1,Placed
7.6,1,1,1,7,3.7,No,No,55,72,4,NotPlaced
7.6,1,1,1,6,3.8,No,No,56,67,3,NotPlaced
8.1,2,3,2,9,4.8,Yes,Yes,85,88,1,Placed
7.3,1,3,2,9,4.5,Yes,Yes,77,85,0,Placed
6.6,2,3,0,7,4.4,Yes,Yes,78,76,0,Placed
8.9,2,3,2,8,4.8,Yes,Yes,73,83,1,NotPlaced
7.9,2,2,1,9,4.8,Yes,Yes,82,87,1,Placed
7.7,1,2,0,8,4.0,Yes,Yes,73,84,0,Placed
7.1,1,1,1,6,4.5,No,No,66,64,2,NotPlaced
7.6,1,2,0,8,4.6,No,Yes,69,69,2,NotPlaced
7.9,1,3,0,7,3.9,Yes,Yes,55,72,2,NotPlaced
7.6,1,2,1,6,3.9,No,No,55,65,2,NotPlaced
8.0,1,2,0,9,4.5,Yes,Yes,75,83,3,NotPlaced
7.4,2,1,0,7,4.1,Yes,Yes,78,79,4,NotPlaced
6.5,0,1,1,6,3.5,No,Yes,62,69,4,NotPlaced
8.1,2,3,2,8,4.3,Yes,Yes,83,79,1,Placed
8.2,1,3,2,8,4.4,Yes,Yes,77,85,0,Placed
7.9,1,2,1,8,4.3,No,No,58,70,2,NotPlaced
7.8,2,3,2,9,4.7,Yes,Yes,85,82,0,Placed
7.3,0,1,0,7,3.7,No,Yes,79,86,2,NotPlaced
8.1,1,2,2,8,4.8,Yes,Yes,76,85,0,Placed
7.6,1,2,0,7,4.1,No,Yes,69,65,0,Placed
7.6,1,2,1,6,4.0,Yes,Yes,70,65,4,NotPlaced
7.8,2,2,2,8,4.5,Yes,Yes,85,57,1,Placed
7.6,0,2,0,6,4.2,No,No,55,63,3,NotPlaced
7.5,1,3,2,8,4.6,No,No,73,80,1,Placed
8.0,1,3,3,8,4.7,Yes,Yes,79,84,2,NotPlaced
8.0,2,3,2,8,4.8,Yes,Yes,74,87,0,Placed
8.3,0,3,1,7,4.4,Yes,Yes,76,75,1,NotPlaced
6.8,1,1,0,7,4.3,No,Yes,56,70,1,Placed
7.2,1,3,2,8,4.4,Yes,Yes,88,85,2,NotPlaced
8.6,1,1,2,8,4.3,Yes,Yes,65,67,1,NotPlaced
7.5,2,1,3,7,3.4,Yes,No,90,64,2,NotPlaced
8.7,2,3,3,9,4.7,Yes,Yes,84,81,0,Placed
6.6,0,2,1,6,4.2,No,Yes,55,66,2,NotPlaced
8.3,2,2,2,7,3.8,No,Yes,71,66,1,NotPlaced
7.6,1,1,0,7,3.8,No,No,55,72,3,NotPlaced
6.7,1,1,1,7,4.2,No,Yes,55,63,3,NotPlaced
6.7,1,2,1,8,4.8,Yes,Yes,59,86,1,Placed
7.3,1,2,0,8,4.5,Yes,Yes,55,64,0,Placed
8.5,1,2,2,7,4.3,Yes,Yes,80,77,1,Placed
8.3,2,3,2,9,4.8,Yes,Yes,90,81,1,Placed
7.5,1,1,0,8,4.5,No,No,55,68,3,NotPlaced
7.9,1,1,0,7,4.4,Yes,Yes,82,88,1,Placed
8.0,0,2,0,6,4.2,No,No,55,70,4,NotPlaced
8.0,2,3,2,9,4.8,Yes,Yes,82,78,1,Placed
7.7,1,1,1,6,3.5,No,No,60,69,3,NotPlaced
8.9,1,3,2,9,4.8,Yes,Yes,75,84,0,Placed
8.2,2,3,2,8,4.8,Yes,No,84,76,1,NotPlaced
8.3,1,2,0,7,4.5,No,Yes,83,81,0,Placed
7.6,1,2,1,7,4.4,No,No,74,73,4,NotPlaced
7.8,0,2,0,7,4.3,Yes,Yes,65,70,0,Placed
7.4,0,2,1,7,4.7,No,Yes,69,81,3,NotPlaced
7.9,1,1,1,7,3.8,Yes,Yes,80,67,0,Placed
8.1,1,2,1,8,4.8,No,Yes,77,88,1,Placed
8.1,2,3,2,9,4.8,Yes,Yes,84,87,1,Placed
8.0,1,3,2,9,4.8,Yes,Yes,70,84,1,Placed
7.5,1,1,1,8,4.6,No,Yes,59,74,2,NotPlaced
8.5,0,3,2,9,4.6,Yes,Yes,74,87,0,Placed
7.6,1,2,0,8,4.8,Yes,Yes,62,80,4,NotPlaced
8.3,1,3,1,9,4.5,Yes,Yes,88,77,1,Placed
8.3,1,3,2,8,4.8,Yes,Yes,76,86,1,Placed
8.2,2,3,2,9,4.7,Yes,Yes,89,78,0,Placed
8.5,2,3,0,8,4.5,Yes,Yes,81,80,1,Placed
6.6,1,1,2,6,4.0,No,No,55,67,3,NotPlaced
8.2,1,1,2,7,4.2,Yes,Yes,77,83,1,NotPlaced
8.6,1,2,2,7,4.3,No,No,55,59,0,Placed
6.7,0,1,1,7,3.7,No,No,63,67,3,NotPlaced
7.6,1,1,0,6,4.5,No,No,73,71,3,NotPlaced
8.1,1,3,2,9,4.7,Yes,Yes,80,84,1,Placed
7.7,0,1,1,7,3.5,No,Yes,64,67,3,NotPlaced
7.6,1,2,0,7,4.8,No,Yes,63,65,3,NotPlaced
8.0,0,3,3,8,4.8,Yes,Yes,90,84,1,Placed
8.3,0,1,0,8,4.5,No,Yes,74,69,0,Placed
7.2,1,2,0,8,4.6,No,Yes,65,58,3,NotPlaced
7.4,1,1,0,6,4.1,No,No,67,66,2,NotPlaced
7.3,1,2,1,6,4.3,Yes,Yes,62,71,3,NotPlaced
6.5,0,1,0,6,4.1,No,No,63,70,2,NotPlaced
8.7,1,3,2,9,4.7,Yes,Yes,79,80,0,Placed
7.7,1,1,1,7,4.0,No,Yes,60,67,2,NotPlaced
8.4,2,3,2,9,4.8,Yes,Yes,82,88,1,Placed
6.6,1,1,0,7,4.2,Yes,No,55,65,2,NotPlaced
7.7,1,3,0,8,4.8,Yes,Yes,76,86,1,Placed
8.2,1,2,3,8,4.0,Yes,Yes,82,63,1,NotPlaced
6.5,2,3,2,8,4.2,No,Yes,75,72,4,NotPlaced
8.1,1,1,0,8,3.5,Yes,Yes,78,84,1,NotPlaced
8.7,2,3,2,9,4.8,Yes,Yes,77,82,0,Placed
7.5,0,1,0,6,4.1,No,No,57,58,3,NotPlaced
6.7,0,1,1,8,3.7,Yes,Yes,75,70,2,NotPlaced
8.4,2,2,0,9,4.5,Yes,Yes,76,85,1,NotPlaced
6.7,1,1,0,7,3.8,Yes,Yes,57,66,0,Placed
8.3,0,3,0,9,4.6,Yes,Yes,81,88,0,Placed
6.8,1,3,0,6,3.6,Yes,Yes,55,61,0,Placed
6.5,1,2,0,8,4.7,No,Yes,55,59,1,Placed
7.5,0,1,0,6,3.7,No,Yes,55,71,0,Placed
8.3,1,3,2,8,4.8,Yes,Yes,77,88,0,Placed
7.3,0,1,3,8,4.8,Yes,Yes,76,87,4,NotPlaced
6.7,0,1,1,7,4.6,Yes,Yes,64,73,4,NotPlaced
7.2,0,1,0,6,3.8,No,No,66,66,3,NotPlaced
8.7,2,2,2,9,4.8,Yes,Yes,74,84,0,Placed
7.7,1,2,0,7,4.3,Yes,Yes,73,80,1,Placed
7.9,0,2,0,8,3.6,No,No,60,86,4,NotPlaced
6.5,0,3,2,8,4.6,Yes,Yes,90,84,0,Placed
8.9,2,3,2,9,4.8,Yes,Yes,77,82,0,Placed
7.3,1,2,1,8,4.2,No,No,61,64,2,NotPlaced
8.3,0,1,0,7,4.1,Yes,Yes,55,59,1,Placed
6.5,0,1,0,8,3.9,No,Yes,75,69,3,NotPlaced
7.5,2,3,0,8,4.3,No,No,55,69,1,Placed
8.5,2,2,0,7,3.7,Yes,Yes,55,83,1,NotPlaced
7.6,1,1,0,8,3.9,No,No,56,67,3,NotPlaced
7.4,1,2,0,7,4.4,No,Yes,61,69,2,NotPlaced
8.6,2,3,2,9,4.8,Yes,Yes,85,78,0,Placed
8.1,2,3,2,9,4.6,Yes,Yes,79,84,0,Placed
7.5,1,1,0,8,4.3,No,No,86,84,4,NotPlaced
7.5,1,1,1,6,4.5,No,No,55,61,3,NotPlaced
7.4,1,2,0,8,4.2,Yes,Yes,62,79,3,NotPlaced
8.6,1,3,0,8,4.8,Yes,Yes,74,61,0,Placed
6.8,1,1,1,7,3.8,No,Yes,57,67,3,NotPlaced
8.6,2,1,2,9,4.8,Yes,Yes,81,80,0,Placed
8.0,1,3,1,7,4.6,No,No,70,67,2,NotPlaced
7.9,1,3,1,8,4.3,Yes,Yes,76,81,1,Placed
8.1,1,3,2,8,4.6,Yes,Yes,80,85,0,Placed
6.5,1,3,2,8,4.5,No,No,72,82,0,Placed
7.0,1,2,0,6,4.3,No,Yes,55,68,3,NotPlaced
8.0,2,3,2,8,4.8,Yes,Yes,82,81,1,Placed
6.9,1,2,1,9,3.9,Yes,Yes,78,85,2,NotPlaced
8.3,2,3,2,9,4.8,Yes,No,75,80,0,Placed
7.8,1,2,0,8,3.0,Yes,Yes,62,70,4,NotPlaced
7.4,0,1,0,7,4.0,No,No,60,70,2,NotPlaced
6.7,1,2,0,6,3.9,No,No,59,69,2,NotPlaced
6.6,1,3,0,6,3.8,Yes,Yes,57,72,4,NotPlaced
6.6,1,3,2,8,4.5,Yes,No,72,77,3,NotPlaced
7.5,1,1,1,7,3.9,No,Yes,60,62,4,NotPlaced
7.2,1,2,2,7,4.3,No,Yes,75,75,4,NotPlaced
7.5,1,2,0,6,3.5,No,No,55,62,3,NotPlaced
8.1,1,3,2,8,4.5,Yes,Yes,83,84,1,Placed
8.3,2,3,2,9,4.7,Yes,Yes,80,83,1,Placed
8.1,1,1,1,7,4.1,Yes,Yes,62,75,1,Placed
8.2,1,2,1,8,4.8,Yes,Yes,68,88,1,NotPlaced
8.1,2,2,0,8,4.7,Yes,Yes,78,86,0,Placed
7.5,0,1,0,7,4.1,No,Yes,73,66,3,NotPlaced
8.3,0,1,2,8,4.7,Yes,Yes,83,68,0,Placed
6.9,0,1,1,6,4.1,Yes,Yes,70,61,0,Placed
8.0,1,3,2,9,4.7,Yes,Yes,74,84,0,Placed
8.1,1,3,0,8,4.0,No,Yes,81,87,1,Placed
8.3,0,3,2,8,4.3,Yes,Yes,76,84,0,Placed
8.4,2,3,1,7,4.2,No,Yes,75,86,1,NotPlaced
7.6,1,2,1,6,4.1,No,Yes,55,68,4,NotPlaced
8.1,1,2,0,8,4.1,Yes,No,66,66,1,NotPlaced
8.4,0,1,2,7,4.2,Yes,Yes,55,68,1,NotPlaced
8.2,2,3,2,8,4.8,Yes,Yes,77,83,1,Placed
6.5,1,1,1,7,4.1,No,Yes,55,58,2,NotPlaced
8.4,0,1,2,8,4.8,Yes,Yes,62,87,0,Placed
8.1,2,3,2,9,4.8,Yes,Yes,83,84,0,Placed
8.2,0,3,2,9,4.5,Yes,Yes,81,85,1,Placed
6.9,1,1,0,7,4.1,Yes,Yes,55,76,3,NotPlaced
8.2,1,2,2,8,4.8,Yes,Yes,73,70,1,Placed
7.6,0,1,1,6,4.2,Yes,Yes,55,67,3,NotPlaced
8.3,1,1,0,8,4.0,No,Yes,65,66,1,NotPlaced
8.3,1,1,1,7,4.7,Yes,Yes,66,71,1,NotPlaced
7.9,0,3,2,8,4.8,Yes,Yes,73,79,0,Placed
6.5,0,2,0,7,3.7,No,Yes,64,72,3,NotPlaced
6.5,1,1,0,8,3.8,No,Yes,64,69,3,NotPlaced
6.6,0,1,0,7,3.9,No,Yes,63,63,2,NotPlaced
7.6,1,1,0,8,4.1,Yes,Yes,72,72,2,NotPlaced
7.9,1,2,2,6,3.8,Yes,Yes,55,62,4,NotPlaced
7.6,2,3,2,9,4.8,Yes,Yes,89,84,1,Placed
6.6,0,2,0,7,3.9,No,Yes,55,69,0,Placed
8.3,1,3,2,9,4.7,Yes,Yes,69,80,0,Placed
8.4,2,3,2,9,4.8,Yes,Yes,79,84,1,Placed
6.5,0,2,0,8,4.2,No,No,57,71,3,NotPlaced
7.4,2,3,0,8,4.6,No,No,80,69,2,NotPlaced
7.7,0,1,1,7,3.6,No,Yes,55,68,2,NotPlaced
8.2,1,1,1,6,4.2,No,Yes,76,65,1,NotPlaced
6.5,1,1,1,8,4.2,No,No,58,76,4,NotPlaced
7.0,1,1,1,6,3.7,No,No,55,68,4,NotPlaced
8.7,2,3,2,9,4.8,Yes,Yes,80,79,0,Placed
8.5,2,3,2,8,4.5,Yes,Yes,78,84,0,Placed
6.7,1,1,0,6,3.7,No,Yes,55,60,2,NotPlaced
8.9,1,3,2,9,4.6,Yes,Yes,71,81,0,Placed
7.4,1,1,1,7,3.6,No,Yes,59,64,2,NotPlaced
8.8,1,3,2,9,4.8,Yes,Yes,75,82,0,Placed
7.4,0,1,0,6,4.2,No,No,55,70,4,NotPlaced
7.5,2,3,2,9,4.7,Yes,Yes,83,85,1,Placed
8.3,1,2,2,8,4.6,Yes,Yes,79,84,1,Placed
8.5,2,1,2,8,4.8,Yes,Yes,78,85,0,Placed
8.0,2,3,2,9,4.8,Yes,Yes,77,86,0,Placed
8.2,2,3,2,8,4.5,Yes,Yes,77,83,0,Placed
8.4,1,2,2,8,4.7,Yes,Yes,76,71,1,NotPlaced
8.1,2,3,2,8,4.6,No,Yes,73,85,0,Placed
6.7,1,2,2,6,4.1,Yes,No,79,70,4,NotPlaced
8.1,1,3,3,7,4.1,Yes,Yes,74,85,1,Placed
7.6,1,3,2,9,4.8,Yes,Yes,85,80,1,Placed
7.3,1,1,0,8,3.9,No,No,81,60,2,NotPlaced
7.9,1,1,0,7,4.3,No,No,75,75,1,Placed
6.5,1,2,0,6,4.1,No,Yes,57,71,3,NotPlaced
7.7,1,1,0,7,4.4,Yes,Yes,65,70,3,NotPlaced
8.5,2,3,2,9,4.8,Yes,Yes,85,86,0,Placed
8.2,1,2,0,7,4.7,No,Yes,68,66,1,NotPlaced
8.3,2,3,2,9,4.8,Yes,Yes,72,88,0,Placed
8.2,2,3,2,9,4.4,Yes,Yes,88,87,1,Placed
8.7,1,1,2,8,4.2,Yes,Yes,74,87,1,NotPlaced
8.5,1,1,1,8,4.6,No,Yes,71,81,1,NotPlaced
7.6,1,1,0,8,3.7,No,Yes,55,67,3,NotPlaced
8.1,1,3,0,9,4.8,Yes,Yes,75,81,1,Placed
8.6,1,3,0,8,3.8,Yes,Yes,78,72,1,NotPlaced
7.5,1,1,1,7,3.6,No,No,58,70,4,NotPlaced
7.4,1,1,1,7,4.3,No,No,61,76,3,NotPlaced
8.2,1,3,0,8,4.7,Yes,Yes,81,88,0,Placed
7.6,1,1,0,7,3.3,No,Yes,64,72,3,NotPlaced
7.4,1,1,0,7,4.0,No,Yes,55,61,3,NotPlaced
8.3,2,3,2,8,4.4,Yes,Yes,83,84,0,Placed
7.8,1,3,0,8,4.3,Yes,Yes,76,82,0,Placed
8.5,2,3,1,8,4.5,Yes,Yes,75,81,1,Placed
8.1,1,1,1,6,3.8,No,No,59,57,1,NotPlaced
7.4,0,2,1,7,4.4,No,Yes,60,70,0,Placed
8.1,1,3,0,6,3.9,No,No,82,69,1,NotPlaced
7.6,1,1,1,7,3.8,No,Yes,68,83,1,Placed
7.6,1,3,1,7,4.8,No,Yes,62,73,0,Placed
7.8,2,1,0,7,3.5,No,No,70,66,3,NotPlaced
7.3,1,1,1,6,4.7,No,Yes,68,58,3,NotPlaced
8.6,1,3,2,7,4.0,Yes,Yes,80,64,0,Placed
8.3,2,3,2,9,4.8,Yes,Yes,87,81,0,Placed
8.2,2,3,2,9,4.6,Yes,Yes,85,85,1,Placed
7.9,1,2,0,9,4.1,Yes,Yes,77,78,1,Placed
6.5,0,1,0,7,3.7,No,No,57,67,3,NotPlaced
7.7,0,1,0,6,4.2,Yes,Yes,56,69,3,NotPlaced
8.1,2,3,0,8,3.8,Yes,No,67,60,1,Placed
7.5,2,3,2,7,4.8,Yes,Yes,58,73,1,Placed
7.2,0,2,0,6,4.1,Yes,Yes,71,83,3,NotPlaced
7.7,2,1,1,8,4.7,No,No,56,65,4,NotPlaced
8.0,1,3,1,8,4.8,Yes,No,72,81,0,Placed
7.8,1,3,0,7,4.2,Yes,Yes,82,82,0,Placed
8.2,1,1,0,7,3.8,No,No,57,67,1,NotPlaced
7.6,1,3,0,7,4.3,Yes,Yes,70,83,4,NotPlaced
8.5,1,3,1,8,4.8,Yes,Yes,73,84,1,Placed
8.4,1,3,2,9,4.8,Yes,Yes,82,88,1,Placed
7.6,0,3,0,7,4.6,Yes,Yes,63,61,3,NotPlaced
8.2,2,3,2,9,4.8,Yes,Yes,70,86,1,NotPlaced
7.4,1,3,0,8,4.6,No,Yes,71,72,3,NotPlaced
6.6,1,1,0,8,3.9,Yes,No,73,78,3,NotPlaced
7.4,2,2,2,8,4.0,No,Yes,74,68,3,NotPlaced
6.5,0,1,0,6,3.5,No,Yes,55,67,2,NotPlaced
7.7,2,2,2,9,4.8,Yes,Yes,81,88,0,Placed
7.5,1,2,0,6,4.1,No,Yes,55,68,3,NotPlaced
7.4,0,2,1,8,4.3,Yes,Yes,79,70,2,NotPlaced
8.2,0,3,0,7,4.0,Yes,No,69,85,1,NotPlaced
7.5,0,3,0,8,3.8,Yes,Yes,75,65,0,Placed
8.1,2,3,1,8,4.8,Yes,Yes,74,84,0,Placed
7.9,0,1,1,6,4.4,No,No,55,64,2,NotPlaced
7.7,1,1,0,6,3.8,No,No,60,68,2,NotPlaced
8.3,2,3,2,9,4.4,Yes,Yes,78,87,1,Placed
7.4,2,1,1,8,4.1,Yes,No,55,71,2,NotPlaced
7.9,2,3,2,8,4.8,Yes,Yes,75,81,1,Placed
7.4,1,2,1,8,4.5,No,Yes,82,65,4,NotPlaced
7.7,1,2,0,7,4.4,No,Yes,59,74,4,NotPlaced
8.5,1,3,2,9,4.8,No,No,82,63,0,Placed
7.7,1,1,2,7,4.0,No,Yes,59,62,1,Placed
7.5,1,2,1,6,4.0,No,Yes,58,76,4,NotPlaced
8.2,2,3,2,8,4.8,Yes,Yes,74,87,1,Placed
7.9,1,2,1,8,4.8,No,No,81,79,1,Placed
7.5,0,1,1,7,4.6,Yes,Yes,55,64,2,NotPlaced
7.8,1,3,1,7,4.6,Yes,Yes,83,80,0,Placed
7.6,1,2,1,8,4.3,No,No,60,80,3,NotPlaced
7.5,1,1,1,6,4.3,No,No,57,63,2,NotPlaced
7.8,2,3,2,9,4.7,Yes,Yes,78,82,1,Placed
8.3,1,1,0,8,4.2,No,Yes,55,71,0,Placed
8.3,2,3,3,9,4.8,Yes,Yes,76,77,0,Placed
8.2,2,3,2,9,4.6,Yes,Yes,76,85,1,Placed
7.0,1,1,0,7,4.3,No,No,55,70,3,NotPlaced
6.6,1,1,0,7,3.9,No,Yes,55,61,3,NotPlaced
8.6,2,3,2,9,4.8,Yes,Yes,79,87,0,Placed
8.0,2,3,0,9,4.8,No,Yes,65,86,4,NotPlaced
7.7,2,3,2,8,4.8,Yes,Yes,80,82,1,Placed
8.2,0,3,0,8,4.2,Yes,Yes,68,85,0,Placed
8.4,2,3,2,9,4.8,Yes,Yes,70,82,0,Placed
6.5,0,1,0,7,4.7,No,Yes,59,68,2,NotPlaced
6.9,0,1,0,6,4.6,No,No,80,67,4,NotPlaced
8.1,2,3,2,9,4.8,Yes,Yes,89,84,0,Placed
6.6,1,1,1,7,3.9,Yes,Yes,63,69,2,NotPlaced
7.9,1,1,2,8,4.2,No,Yes,80,75,4,NotPlaced
7.5,1,2,0,8,4.7,No,Yes,62,83,0,Placed
8.6,0,3,3,9,4.8,Yes,Yes,70,84,0,Placed
8.4,1,3,2,7,4.5,Yes,Yes,78,73,1,Placed
7.9,2,3,2,9,4.6,Yes,Yes,75,87,0,Placed
7.5,0,2,0,7,3.5,Yes,Yes,80,76,0,Placed
9.0,2,3,0,9,4.8,Yes,Yes,85,80,0,Placed
7.9,0,3,2,8,4.7,Yes,Yes,77,83,1,Placed
6.5,1,1,0,8,3.9,No,No,69,67,2,NotPlaced
7.3,1,1,1,6,4.4,No,Yes,57,58,3,NotPlaced
7.9,0,3,1,8,4.6,Yes,Yes,76,88,0,Placed
7.0,1,1,0,7,4.5,No,No,57,61,3,NotPlaced
7.1,1,1,3,7,4.4,Yes,Yes,74,82,2,NotPlaced
7.3,1,2,0,8,4.5,Yes,Yes,56,71,1,Placed
6.7,0,1,0,7,4.7,Yes,Yes,61,85,1,Placed
8.6,1,2,1,9,4.2,No,Yes,71,68,0,Placed
8.4,0,3,2,8,4.3,Yes,Yes,84,84,1,Placed
8.4,2,3,0,8,4.8,Yes,Yes,71,85,1,NotPlaced
7.9,0,2,0,6,4.0,No,Yes,57,73,3,NotPlaced
7.6,1,1,1,7,3.9,Yes,No,55,65,4,NotPlaced
7.9,1,3,1,9,4.8,Yes,Yes,77,85,0,Placed
7.6,1,2,0,6,4.2,No,Yes,74,75,2,NotPlaced
6.5,1,2,0,8,4.5,No,Yes,61,70,4,NotPlaced
7.4,1,2,1,8,4.6,No,Yes,55,70,3,NotPlaced
8.2,0,2,2,8,4.5,Yes,No,78,65,1,NotPlaced
8.1,2,3,2,7,4.5,Yes,Yes,84,68,1,NotPlaced
7.6,1,1,1,7,4.4,No,No,58,63,4,NotPlaced
8.4,2,3,2,9,4.8,Yes,Yes,79,83,0,Placed
8.6,2,3,2,8,4.7,Yes,Yes,86,84,0,Placed
7.4,1,1,0,7,3.8,No,No,73,70,2,NotPlaced
7.6,1,1,1,7,4.2,No,No,64,71,3,NotPlaced
7.6,0,1,0,7,3.0,No,No,55,69,3,NotPlaced
8.0,2,3,3,9,4.8,Yes,Yes,78,85,0,Placed
6.5,1,2,0,6,3.9,No,No,55,67,2,NotPlaced
7.6,1,2,1,7,4.4,Yes,Yes,76,87,2,NotPlaced
7.3,0,2,0,8,4.5,No,Yes,57,82,4,NotPlaced
6.5,1,1,2,6,4.2,Yes,No,57,65,2,NotPlaced
8.4,2,3,0,9,4.8,Yes,Yes,80,86,0,Placed
8.3,0,1,1,7,3.8,No,No,58,67,1,NotPlaced
6.9,1,2,0,8,3.4,No,No,55,71,2,NotPlaced
7.5,0,2,1,7,3.8,Yes,Yes,78,87,1,Placed
8.1,2,3,0,8,4.8,Yes,Yes,83,82,0,Placed
8.0,2,1,2,9,4.6,Yes,Yes,87,85,3,NotPlaced
7.7,1,1,1,7,4.5,No,Yes,65,74,2,NotPlaced
8.3,2,3,2,8,4.6,Yes,Yes,79,84,0,Placed
8.4,2,3,2,9,4.8,Yes,Yes,76,87,1,Placed
7.7,2,3,1,8,4.2,Yes,Yes,74,82,4,NotPlaced
6.5,1,1,1,8,3.6,No,No,57,67,2,NotPlaced
8.3,2,1,1,7,3.9,No,Yes,58,66,1,NotPlaced
7.7,1,2,1,6,3.7,No,Yes,55,63,3,NotPlaced
7.4,0,2,1,7,3.6,No,Yes,55,65,3,NotPlaced
8.0,2,1,2,7,4.4,Yes,Yes,56,75,2,NotPlaced
6.8,1,3,0,6,4.3,No,No,59,68,2,NotPlaced
7.5,1,1,0,7,4.1,Yes,Yes,83,57,2,NotPlaced
7.6,1,1,0,8,4.2,Yes,Yes,62,64,4,NotPlaced
7.7,1,1,0,6,4.0,No,No,55,69,4,NotPlaced
7.8,1,1,0,6,3.4,No,No,63,63,3,NotPlaced
8.3,1,1,2,8,4.0,Yes,Yes,76,67,1,Placed
8.3,2,1,2,8,4.4,Yes,Yes,59,86,1,NotPlaced
8.5,1,3,2,9,4.7,Yes,Yes,76,87,0,Placed
6.5,1,1,0,7,4.0,No,Yes,59,71,2,NotPlaced
8.7,2,3,2,9,4.8,Yes,Yes,90,86,0,Placed
6.6,0,1,3,8,3.7,No,No,75,67,4,NotPlaced
6.7,0,1,1,7,4.3,No,No,60,66,3,NotPlaced
8.3,1,2,1,8,4.3,Yes,Yes,71,84,0,Placed
7.4,1,1,1,7,4.0,No,No,56,67,3,NotPlaced
7.7,1,1,2,8,4.2,No,Yes,65,88,0,Placed
6.8,0,1,1,6,3.4,No,Yes,59,68,2,NotPlaced
8.0,1,2,0,8,4.4,Yes,Yes,78,76,1,Placed
7.4,1,1,1,7,4.0,No,No,55,69,2,NotPlaced
6.6,0,1,1,6,3.8,No,No,62,58,2,NotPlaced
7.5,1,1,0,6,4.3,No,No,59,69,4,NotPlaced
8.3,0,3,1,8,4.8,Yes,Yes,75,67,1,Placed
7.5,1,3,2,7,4.5,Yes,Yes,65,86,3,NotPlaced
8.0,2,2,2,8,4.4,No,No,75,80,2,NotPlaced
8.4,1,3,2,8,4.8,Yes,Yes,81,84,1,NotPlaced
7.7,1,3,2,8,4.7,Yes,Yes,69,88,1,Placed
7.7,1,2,0,8,4.5,No,Yes,72,79,1,Placed
7.8,1,2,2,8,4.3,No,Yes,68,78,1,Placed
8.4,1,3,2,8,4.5,Yes,Yes,72,73,0,Placed
6.7,0,1,1,6,4.3,No,No,68,62,3,NotPlaced
7.5,1,1,1,7,3.9,No,No,55,73,4,NotPlaced
7.5,2,1,1,7,4.3,No,Yes,55,71,3,NotPlaced
8.5,2,3,2,9,4.8,Yes,Yes,79,82,1,Placed
8.3,0,3,1,8,4.3,Yes,Yes,55,88,1,Placed
8.3,2,3,0,7,4.5,Yes,Yes,71,87,1,NotPlaced
8.5,1,3,2,8,4.8,Yes,Yes,77,88,0,Placed
8.0,0,3,0,8,4.4,Yes,Yes,78,83,2,NotPlaced
8.7,1,3,2,9,4.8,Yes,Yes,68,81,0,Placed
8.1,0,3,0,7,3.9,Yes,Yes,66,83,1,NotPlaced
8.0,2,3,2,8,3.8,Yes,Yes,87,86,0,Placed
8.5,2,3,0,8,4.5,Yes,Yes,86,84,0,Placed
8.5,2,3,3,9,4.7,Yes,Yes,80,80,0,Placed
7.5,1,3,3,9,4.8,Yes,No,64,82,1,Placed
8.1,2,3,2,9,3.8,Yes,Yes,90,77,0,Placed
8.3,1,3,2,7,4.5,Yes,Yes,76,65,1,Placed
8.3,2,3,2,8,4.8,Yes,No,82,84,1,Placed
7.5,1,3,1,7,3.8,Yes,Yes,58,67,3,NotPlaced
7.5,0,1,1,7,4.3,No,No,80,82,3,NotPlaced
7.0,1,1,0,7,4.1,No,No,56,62,4,NotPlaced
7.8,0,2,2,8,4.8,Yes,Yes,77,68,3,NotPlaced
7.4,1,3,2,7,4.1,Yes,Yes,86,78,0,Placed
8.1,2,3,2,9,4.7,No,No,67,76,1,NotPlaced
7.6,2,2,2,8,4.8,Yes,Yes,75,83,0,Placed
6.7,1,1,0,7,3.5,No,No,65,62,2,NotPlaced
8.0,2,3,2,9,4.8,Yes,Yes,79,86,0,Placed
7.6,1,2,1,8,4.4,Yes,Yes,75,88,0,Placed
8.6,1,3,2,9,4.8,Yes,Yes,85,87,0,Placed
8.6,0,3,2,9,4.7,Yes,Yes,71,88,0,Placed
7.8,1,3,2,7,4.8,Yes,Yes,78,67,3,NotPlaced
7.5,1,3,0,8,4.8,Yes,Yes,75,84,0,Placed
8.7,2,3,2,9,4.6,Yes,Yes,81,82,0,Placed
7.7,1,2,1,7,4.5,No,No,55,68,2,NotPlaced
7.4,1,1,1,7,4.3,No,Yes,72,75,4,NotPlaced
7.8,2,1,1,8,4.4,Yes,Yes,82,79,4,NotPlaced
6.7,1,3,2,8,4.1,Yes,Yes,86,82,1,Placed
6.5,1,2,0,8,4.1,No,No,55,85,2,NotPlaced
8.4,2,3,2,9,4.3,Yes,Yes,87,85,0,Placed
7.5,1,1,0,7,4.1,No,Yes,66,74,4,NotPlaced
7.9,1,2,2,8,4.8,No,Yes,87,84,4,NotPlaced
7.4,0,2,2,8,4.8,Yes,Yes,88,66,0,Placed
7.5,1,1,0,7,4.1,No,Yes,58,70,4,NotPlaced
7.7,1,3,2,8,4.5,Yes,Yes,82,81,0,Placed
6.5,1,1,1,8,4.4,No,No,55,65,4,NotPlaced
8.3,2,1,2,8,4.8,Yes,Yes,69,85,1,Placed
7.6,1,1,1,8,3.7,No,Yes,61,58,4,NotPlaced
6.7,2,2,1,7,3.9,Yes,Yes,55,84,2,Placed
7.6,0,1,1,8,3.4,No,Yes,55,64,0,Placed
7.7,1,2,3,7,4.4,No,No,71,68,3,NotPlaced
8.4,0,1,0,7,4.5,No,Yes,55,66,1,NotPlaced
6.8,2,1,0,6,4.6,Yes,Yes,55,63,2,NotPlaced
8.2,2,3,2,7,4.3,Yes,Yes,55,70,1,NotPlaced
7.5,0,1,0,7,4.5,Yes,Yes,55,70,3,NotPlaced
7.8,1,2,0,8,4.4,No,Yes,60,65,3,NotPlaced
8.4,2,3,2,9,4.7,Yes,Yes,74,84,1,Placed
7.7,1,1,0,7,3.9,No,No,65,67,2,NotPlaced
7.8,1,3,2,8,4.6,No,Yes,70,82,1,Placed
8.3,2,3,2,8,4.8,Yes,Yes,73,80,1,NotPlaced
7.5,0,1,0,8,4.6,Yes,Yes,62,69,1,Placed
6.5,0,2,1,6,4.2,Yes,No,57,62,4,NotPlaced
7.9,1,3,2,7,4.6,No,Yes,82,84,0,Placed
7.7,0,2,1,7,4.1,Yes,Yes,79,66,0,Placed
8.4,2,3,2,9,4.7,Yes,Yes,69,88,0,Placed
8.1,0,3,2,7,4.8,No,No,62,81,1,NotPlaced
7.6,2,3,2,8,4.3,Yes,Yes,76,82,0,Placed
8.0,1,3,2,7,3.7,No,No,55,71,4,NotPlaced
7.6,1,2,1,7,4.7,No,Yes,77,85,3,NotPlaced
6.5,1,2,1,6,4.5,No,Yes,61,68,4,NotPlaced
6.7,0,1,0,7,4.0,No,No,60,63,3,NotPlaced
7.9,0,2,2,8,4.3,Yes,No,84,61,3,NotPlaced
8.5,1,3,0,9,4.8,Yes,Yes,79,88,1,Placed
6.5,1,1,0,7,4.5,No,Yes,75,68,4,NotPlaced
7.9,2,3,2,9,4.8,Yes,Yes,77,83,1,Placed
6.5,1,2,1,6,4.6,No,Yes,62,87,2,NotPlaced
7.0,1,1,1,8,3.8,No,No,57,72,3,NotPlaced
6.5,1,2,1,7,3.1,No,Yes,63,69,2,Placed
8.7,1,3,2,7,4.6,Yes,Yes,76,88,1,NotPlaced
7.6,1,2,2,7,4.5,Yes,Yes,82,63,0,Placed
8.2,2,3,2,9,4.8,Yes,Yes,74,88,0,Placed
6.5,1,1,1,6,3.3,No,No,55,60,2,NotPlaced
6.7,1,2,1,7,4.6,Yes,Yes,71,68,2,NotPlaced
8.6,2,3,2,8,4.6,Yes,Yes,80,85,0,Placed
7.4,1,2,0,6,4.7,Yes,Yes,77,65,3,NotPlaced
6.5,1,1,2,8,4.3,No,Yes,73,71,3,NotPlaced
7.5,1,1,0,7,3.6,No,No,55,62,3,NotPlaced
6.5,2,3,0,8,3.5,No,Yes,55,62,4,NotPlaced
8.6,1,3,0,8,4.5,Yes,Yes,80,72,0,Placed
7.9,2,3,2,8,4.8,Yes,Yes,90,84,0,Placed
7.5,1,1,1,6,4.4,Yes,No,62,69,3,NotPlaced
7.9,2,3,2,9,4.6,Yes,No,65,84,4,NotPlaced
8.3,1,3,2,9,4.8,Yes,Yes,73,83,1,Placed
7.5,0,1,0,6,3.6,Yes,No,71,70,2,NotPlaced
8.5,1,3,1,7,3.8,No,Yes,55,65,1,Placed
7.6,0,3,2,8,4.8,No,Yes,79,62,0,Placed
6.5,1,2,2,8,3.6,Yes,Yes,89,80,0,Placed
8.4,1,3,0,7,4.4,Yes,Yes,68,86,0,Placed
7.9,0,3,1,8,4.3,Yes,No,83,84,1,Placed
7.6,0,1,1,6,4.1,No,No,55,68,2,NotPlaced
8.4,2,3,1,8,4.7,Yes,Yes,90,80,0,Placed
7.2,2,3,2,9,4.7,Yes,Yes,83,86,1,Placed
7.9,0,1,0,7,4.4,Yes,No,55,85,3,NotPlaced
6.6,0,1,0,7,4.3,No,Yes,56,64,3,NotPlaced
8.3,0,3,2,7,3.7,Yes,Yes,68,84,0,Placed
8.1,2,3,0,8,4.7,Yes,Yes,84,83,0,Placed
8.6,2,3,2,9,4.8,Yes,Yes,89,84,0,Placed
7.7,1,3,1,8,4.5,Yes,Yes,68,79,2,NotPlaced
6.5,1,1,0,7,4.7,No,No,55,83,4,NotPlaced
8.6,2,2,1,9,4.6,Yes,Yes,81,80,0,Placed
7.2,1,2,2,7,4.1,No,No,61,69,2,NotPlaced
7.8,1,2,0,7,4.4,Yes,Yes,69,80,3,NotPlaced
6.5,1,3,2,7,4.2,No,Yes,78,71,4,NotPlaced
7.5,0,1,2,7,4.6,No,Yes,68,71,3,NotPlaced
8.3,2,2,2,9,4.6,Yes,Yes,80,83,0,Placed
8.3,1,3,2,8,4.7,Yes,Yes,70,86,1,Placed
8.5,2,3,0,9,4.8,No,Yes,76,80,0,Placed
6.6,1,2,0,7,4.6,No,No,55,67,3,NotPlaced
8.1,2,3,1,9,4.7,Yes,Yes,74,88,1,NotPlaced
7.3,0,1,1,7,4.6,No,No,57,67,3,NotPlaced
7.6,0,1,1,7,4.4,No,Yes,69,76,4,NotPlaced
8.6,1,3,3,8,4.5,Yes,Yes,73,85,0,Placed
6.9,1,1,0,6,3.7,No,No,55,64,3,NotPlaced
7.5,1,2,0,6,4.1,No,Yes,55,69,2,NotPlaced
8.3,2,3,2,9,4.3,Yes,Yes,75,82,1,NotPlaced
8.4,1,1,2,6,4.4,No,No,76,65,1,NotPlaced
8.5,2,3,2,9,4.1,Yes,Yes,77,78,1,Placed
8.5,1,1,2,8,4.5,Yes,Yes,76,79,0,Placed
9.0,2,3,2,9,4.8,Yes,Yes,76,83,0,Placed
8.4,2,3,1,8,4.8,Yes,No,64,64,0,Placed
8.4,0,3,0,9,4.8,Yes,Yes,80,82,1,Placed
8.6,2,3,2,9,4.8,Yes,Yes,80,85,1,NotPlaced
8.3,2,3,1,7,4.4,Yes,Yes,75,85,1,NotPlaced
7.6,1,1,0,7,4.2,Yes,No,57,61,4,NotPlaced
7.6,1,1,1,7,4.8,No,Yes,63,68,3,NotPlaced
7.5,1,1,1,6,4.5,No,Yes,59,63,2,NotPlaced
7.4,1,3,2,8,4.4,Yes,Yes,73,72,1,Placed
6.5,1,1,0,7,4.3,No,Yes,60,73,3,NotPlaced
6.5,0,2,2,8,4.3,Yes,Yes,82,88,3,NotPlaced
7.7,1,1,0,7,4.5,No,Yes,72,63,1,Placed
8.4,1,3,2,9,4.8,Yes,Yes,72,85,1,NotPlaced
7.4,1,1,0,7,4.1,No,Yes,76,74,4,NotPlaced
8.3,1,3,2,9,4.7,Yes,Yes,80,85,0,Placed
6.8,1,3,2,7,4.5,Yes,Yes,76,85,2,NotPlaced
6.7,2,3,0,8,4.4,Yes,Yes,84,83,2,Placed
7.4,1,2,3,8,4.7,Yes,Yes,59,81,0,Placed
7.3,0,2,1,7,3.7,Yes,Yes,55,74,1,Placed
7.8,1,2,2,9,4.5,Yes,Yes,80,64,1,Placed
8.3,2,3,2,9,4.8,Yes,Yes,76,86,0,Placed
7.6,1,1,1,6,4.3,No,No,56,71,3,NotPlaced
6.5,1,2,0,7,4.5,Yes,Yes,75,82,4,NotPlaced
8.4,1,0,0,7,4.7,Yes,Yes,76,76,0,Placed
8.2,2,3,2,9,4.8,Yes,Yes,80,88,0,Placed
8.2,1,3,0,8,4.7,Yes,Yes,78,85,1,Placed
8.2,0,3,2,8,4.7,Yes,Yes,72,86,1,NotPlaced
7.0,1,2,0,7,4.1,No,Yes,66,73,2,NotPlaced
8.0,2,3,2,9,4.8,Yes,Yes,84,84,0,Placed
7.5,1,2,1,7,4.7,Yes,Yes,86,88,1,Placed
8.0,2,1,2,8,4.6,Yes,No,77,61,0,Placed
8.5,2,3,2,8,4.4,Yes,Yes,76,65,1,Placed
8.2,1,3,2,8,4.8,Yes,Yes,85,80,1,Placed
8.2,1,3,2,8,4.8,Yes,Yes,75,83,0,Placed
8.2,0,3,2,9,4.2,Yes,No,80,84,1,NotPlaced
8.3,2,3,2,9,4.3,Yes,Yes,82,80,1,Placed
7.7,1,3,2,7,4.4,Yes,Yes,61,83,3,NotPlaced
7.5,2,3,1,7,4.3,Yes,Yes,78,86,4,NotPlaced
7.4,1,1,0,7,3.6,No,No,55,71,2,NotPlaced
7.9,1,3,0,8,4.8,Yes,Yes,78,87,1,Placed
7.7,2,3,2,9,4.8,Yes,No,78,81,0,Placed
7.4,2,1,0,8,4.0,Yes,Yes,69,67,4,NotPlaced
7.6,1,3,0,7,3.9,Yes,Yes,72,85,3,NotPlaced
7.8,1,1,1,8,3.7,No,Yes,64,71,3,NotPlaced
7.0,0,3,0,7,3.9,No,No,56,70,4,Placed
8.0,1,3,1,9,4.4,No,Yes,82,67,4,NotPlaced
8.3,2,3,2,9,4.8,Yes,Yes,78,85,1,Placed
8.3,0,1,0,9,4.1,No,No,63,66,1,NotPlaced
7.4,1,1,0,8,4.0,No,Yes,56,66,4,NotPlaced
8.3,1,2,0,7,4.6,Yes,Yes,75,82,0,Placed
7.3,1,2,1,7,4.0,No,No,56,75,3,NotPlaced
7.9,0,3,2,8,4.2,Yes,Yes,79,85,1,Placed
8.7,2,3,2,9,4.8,Yes,Yes,74,81,0,Placed
6.9,1,1,1,6,4.6,No,No,55,61,2,NotPlaced
7.6,0,1,1,6,3.2,No,No,56,63,4,NotPlaced
6.5,0,1,1,6,4.6,No,No,62,66,3,NotPlaced
7.5,1,1,0,8,4.6,No,No,55,60,2,NotPlaced
7.0,1,1,1,7,4.6,No,No,56,62,3,NotPlaced
7.5,0,1,0,8,4.5,No,No,71,62,4,NotPlaced
7.9,0,1,0,8,4.8,No,Yes,83,69,3,NotPlaced
7.4,1,3,0,7,3.8,No,No,78,86,2,NotPlaced
6.5,1,2,1,8,3.8,No,Yes,81,62,4,NotPlaced
7.5,1,3,1,8,4.6,No,No,81,62,2,NotPlaced
6.8,1,1,0,6,3.9,No,No,62,60,3,NotPlaced
7.6,1,2,0,7,4.2,No,No,56,74,4,NotPlaced
8.5,2,3,2,9,4.8,Yes,Yes,70,86,0,Placed
6.5,1,1,0,6,4.0,No,Yes,55,69,3,NotPlaced
7.4,2,2,0,6,3.9,No,No,55,67,2,NotPlaced
6.6,1,3,3,6,4.2,Yes,Yes,55,86,1,Placed
6.5,1,2,0,7,4.5,No,No,64,69,4,NotPlaced
8.1,1,3,2,8,4.5,Yes,No,83,84,1,Placed
6.6,2,1,0,7,4.3,No,Yes,56,73,4,NotPlaced
8.0,2,3,2,9,4.7,Yes,Yes,76,84,2,NotPlaced
6.6,1,1,0,6,3.9,No,Yes,65,66,3,NotPlaced
8.4,2,3,3,8,4.6,Yes,Yes,77,85,0,Placed
7.5,1,1,0,7,4.7,No,No,55,64,3,NotPlaced
7.4,0,1,0,6,4.1,No,Yes,81,73,4,NotPlaced
8.2,2,3,2,9,4.8,Yes,No,76,88,1,Placed
7.6,1,1,0,7,4.5,No,Yes,70,66,4,NotPlaced
8.3,0,2,0,8,4.2,No,No,56,67,1,NotPlaced
7.4,1,3,2,7,3.7,Yes,Yes,74,83,3,NotPlaced
7.6,1,1,0,7,3.7,No,Yes,55,67,0,Placed
7.3,1,2,1,8,3.2,No,Yes,68,71,3,NotPlaced
8.3,1,3,3,8,4.0,No,Yes,77,63,1,Placed
7.4,2,0,0,6,4.4,Yes,No,63,60,2,NotPlaced
8.2,1,3,2,8,4.6,Yes,Yes,79,86,1,Placed
8.5,1,3,2,9,4.8,Yes,Yes,82,88,1,Placed
8.2,1,3,0,8,4.2,Yes,Yes,66,88,0,Placed
6.5,2,3,1,7,4.3,Yes,No,76,77,4,NotPlaced
7.1,0,1,0,7,4.1,No,Yes,55,64,2,NotPlaced
7.6,0,1,1,6,4.1,No,No,65,63,3,NotPlaced
8.4,2,3,2,9,4.8,Yes,No,82,82,0,Placed
8.5,1,3,2,8,4.6,Yes,Yes,71,84,0,Placed
6.6,0,1,0,6,4.8,No,No,55,71,0,Placed
7.9,1,1,0,9,4.5,Yes,Yes,73,82,1,Placed
7.6,1,2,1,8,4.2,Yes,Yes,73,86,0,Placed
8.4,1,3,2,9,4.2,Yes,Yes,89,88,1,Placed
6.5,1,1,0,7,4.3,No,No,55,66,4,NotPlaced
7.3,0,3,0,7,4.4,No,No,66,71,4,NotPlaced
8.3,1,3,2,8,4.8,Yes,Yes,77,85,0,Placed
6.5,1,1,0,8,4.6,No,Yes,69,70,4,NotPlaced
7.6,1,1,1,6,3.8,No,No,62,60,4,NotPlaced
7.2,0,2,0,8,4.8,No,Yes,55,66,2,NotPlaced
8.3,2,2,2,8,4.7,Yes,Yes,86,85,1,Placed
7.6,1,2,0,7,3.7,Yes,Yes,63,71,1,Placed
8.2,1,3,2,9,4.6,Yes,Yes,83,74,0,Placed
6.5,1,1,0,8,3.7,No,Yes,55,71,3,NotPlaced
8.2,2,3,2,9,4.5,Yes,Yes,86,81,1,Placed
8.2,0,3,2,8,4.6,Yes,Yes,77,81,1,NotPlaced
8.5,2,3,2,9,4.8,Yes,Yes,77,88,0,Placed
7.8,1,3,1,8,4.8,Yes,Yes,76,83,0,Placed
7.4,1,1,0,6,4.3,Yes,Yes,61,75,1,Placed
7.3,1,2,1,8,4.3,Yes,Yes,55,72,1,Placed
7.8,1,1,0,7,4.6,No,Yes,64,69,2,NotPlaced
7.6,0,3,1,7,4.1,Yes,No,55,63,4,NotPlaced
6.5,1,1,0,6,3.6,No,No,55,76,4,NotPlaced
8.5,2,2,2,8,4.8,Yes,Yes,88,86,0,Placed
8.3,1,1,0,8,4.1,No,No,64,74,1,NotPlaced
6.5,0,3,0,6,3.5,No,No,55,67,2,NotPlaced
8.5,2,3,0,8,4.6,Yes,Yes,86,85,1,Placed
8.2,2,2,2,8,4.8,Yes,Yes,88,85,1,Placed
8.2,2,3,2,9,4.6,Yes,Yes,75,83,0,Placed
8.3,1,2,2,7,4.0,Yes,Yes,74,62,1,NotPlaced
7.4,2,2,1,8,4.6,Yes,Yes,73,88,2,NotPlaced
7.8,0,1,1,9,4.2,Yes,Yes,55,73,1,Placed
6.7,1,1,0,7,3.7,No,Yes,55,67,3,NotPlaced
8.1,2,2,1,7,4.5,Yes,Yes,72,81,1,NotPlaced
7.5,1,1,0,7,3.8,No,No,64,66,4,NotPlaced
6.5,1,2,0,7,4.0,No,No,65,74,3,NotPlaced
8.3,2,2,2,7,3.9,Yes,Yes,86,71,1,NotPlaced
6.5,1,3,2,8,4.7,Yes,Yes,77,70,0,Placed
7.7,0,1,1,6,3.4,No,No,65,64,4,NotPlaced
6.5,0,3,1,8,4.6,No,No,57,66,4,NotPlaced
7.3,1,1,0,8,3.6,Yes,Yes,78,80,1,Placed
8.4,1,3,0,7,4.6,Yes,Yes,81,84,1,NotPlaced
7.9,2,3,2,8,4.6,Yes,Yes,69,81,0,Placed
6.8,1,3,1,8,4.8,Yes,Yes,76,79,4,NotPlaced
7.5,1,2,2,6,4.0,Yes,Yes,69,68,0,Placed
7.4,1,1,1,6,3.9,No,No,55,66,4,NotPlaced
7.7,0,1,0,8,4.2,No,No,55,70,3,NotPlaced
7.7,0,1,0,8,3.8,Yes,Yes,82,64,2,NotPlaced
7.4,2,3,2,8,4.8,Yes,Yes,70,67,4,NotPlaced
7.7,1,2,0,7,4.4,No,No,60,73,2,NotPlaced
7.5,1,1,1,7,4.5,Yes,Yes,62,78,2,NotPlaced
6.5,1,1,0,7,4.1,No,Yes,55,66,4,NotPlaced
8.2,2,3,2,9,4.8,Yes,Yes,77,82,0,Placed
7.4,1,1,3,7,4.5,No,Yes,55,65,3,NotPlaced
8.5,2,3,2,9,4.8,Yes,Yes,75,88,0,Placed
7.5,1,1,1,8,4.0,No,Yes,75,61,4,NotPlaced
7.9,2,2,0,7,4.4,No,Yes,68,68,0,Placed
7.9,1,2,2,8,4.8,Yes,Yes,77,85,1,Placed
8.2,2,3,2,8,4.5,Yes,No,79,84,0,Placed
7.6,1,3,2,9,4.0,Yes,Yes,73,84,3,NotPlaced
6.5,1,1,0,8,4.6,Yes,Yes,67,71,3,NotPlaced
6.5,1,1,1,7,3.8,No,Yes,55,66,3,NotPlaced
8.0,0,1,2,8,4.7,Yes,Yes,72,84,1,Placed
7.5,0,2,0,8,3.8,Yes,Yes,77,69,3,NotPlaced
7.6,1,2,1,8,4.8,Yes,Yes,55,62,2,NotPlaced
6.5,1,1,1,6,3.7,No,Yes,56,57,2,NotPlaced
8.3,2,2,1,8,4.5,Yes,Yes,82,80,1,NotPlaced
6.5,1,1,1,6,3.8,Yes,Yes,62,75,3,NotPlaced
8.2,1,2,0,8,4.8,Yes,Yes,71,69,1,Placed
7.6,1,1,3,7,3.8,No,Yes,59,60,3,NotPlaced
7.7,1,2,0,8,4.8,No,No,55,66,3,NotPlaced
8.3,1,3,2,8,4.7,Yes,Yes,77,81,1,Placed
7.1,1,3,1,7,4.3,No,Yes,72,81,1,Placed
7.8,1,3,2,9,4.8,Yes,Yes,80,84,3,NotPlaced
7.4,1,2,1,9,4.4,Yes,Yes,81,86,3,NotPlaced
6.6,1,1,0,7,3.8,No,Yes,64,76,0,Placed
8.7,2,3,2,9,4.8,Yes,Yes,78,85,0,Placed
6.5,2,3,2,8,4.5,Yes,No,81,68,4,NotPlaced
8.1,1,2,0,7,4.3,No,Yes,55,67,1,NotPlaced
7.4,0,2,2,8,4.8,No,Yes,61,88,0,Placed
8.6,2,3,2,8,4.7,Yes,Yes,69,79,0,Placed
7.7,2,3,2,8,4.8,Yes,Yes,80,87,3,NotPlaced
6.9,1,1,0,7,4.3,Yes,Yes,55,72,3,NotPlaced
6.9,1,2,0,6,4.0,No,Yes,55,58,3,NotPlaced
7.7,2,2,0,8,3.8,Yes,Yes,62,72,4,NotPlaced
8.1,0,3,2,9,4.8,Yes,Yes,78,86,1,Placed
8.6,2,3,2,9,4.8,No,Yes,71,85,0,Placed
7.4,1,2,1,7,4.7,No,Yes,69,73,4,NotPlaced
7.5,1,1,1,7,4.0,No,Yes,55,70,3,NotPlaced
7.6,1,3,1,8,4.4,No,Yes,75,82,2,NotPlaced
7.9,0,2,0,8,4.2,No,Yes,66,60,3,NotPlaced
7.7,1,2,1,7,4.5,No,Yes,55,65,4,NotPlaced
6.6,1,1,0,7,3.2,No,Yes,55,68,2,NotPlaced
7.6,1,2,2,8,4.3,Yes,Yes,70,80,3,NotPlaced
7.9,1,1,1,7,4.5,Yes,Yes,71,67,2,NotPlaced
8.2,2,2,0,7,4.1,No,No,60,74,1,NotPlaced
7.3,0,1,0,7,4.0,No,No,63,70,4,NotPlaced
8.4,1,3,0,8,3.6,Yes,Yes,76,87,0,Placed
8.0,2,3,2,8,4.5,Yes,Yes,76,87,1,Placed
8.0,1,3,2,9,4.8,Yes,Yes,79,84,1,Placed
7.9,1,2,0,6,3.6,No,Yes,65,61,2,NotPlaced
7.3,1,1,2,7,4.0,No,Yes,55,69,2,NotPlaced
7.7,1,3,1,8,4.8,Yes,Yes,73,68,0,Placed
8.7,2,3,2,9,4.8,Yes,Yes,80,84,0,Placed
8.7,0,3,2,9,4.8,Yes,Yes,71,83,0,Placed
6.7,1,1,1,7,3.7,No,No,63,71,3,NotPlaced
8.3,1,2,0,7,4.8,Yes,Yes,74,86,1,NotPlaced
8.2,1,3,2,7,4.5,Yes,Yes,82,64,1,Placed
8.4,2,3,2,9,4.7,Yes,Yes,75,82,1,Placed
6.5,1,2,1,7,4.5,No,No,60,69,4,NotPlaced
7.7,1,1,2,7,3.9,Yes,No,72,65,2,NotPlaced
6.8,2,3,0,8,4.4,No,Yes,74,85,2,Placed
8.5,0,1,0,7,4.0,Yes,No,73,69,1,NotPlaced
8.1,1,2,2,9,4.0,No,Yes,74,86,1,NotPlaced
7.8,2,1,2,9,4.8,Yes,Yes,73,83,0,Placed
7.8,0,1,0,7,3.3,No,No,55,63,2,NotPlaced
8.8,2,3,2,9,4.8,Yes,Yes,83,86,0,Placed
8.2,2,3,2,8,4.8,Yes,Yes,79,86,1,Placed
8.1,1,3,0,7,4.0,Yes,Yes,62,83,0,Placed
8.1,1,2,0,8,4.7,Yes,Yes,75,85,1,Placed
7.5,1,1,3,7,4.5,No,No,69,73,4,NotPlaced
8.1,2,1,2,7,4.7,Yes,Yes,78,71,0,Placed
7.2,1,2,0,6,4.6,No,No,58,63,4,NotPlaced
7.8,0,3,1,9,3.8,No,Yes,55,71,3,NotPlaced
6.5,2,3,2,8,4.8,Yes,Yes,78,82,4,NotPlaced
7.4,1,1,0,6,3.6,No,No,57,72,2,NotPlaced
7.6,1,1,2,6,3.9,No,Yes,63,69,2,NotPlaced
7.5,0,1,1,8,4.0,No,Yes,56,67,2,NotPlaced
8.0,0,3,2,7,4.8,Yes,Yes,80,84,0,Placed
8.3,2,2,0,9,4.8,Yes,Yes,80,72,0,Placed
7.2,2,2,2,8,4.7,Yes,Yes,65,87,0,Placed
7.7,1,3,2,9,4.4,No,Yes,87,84,0,Placed
7.9,1,3,2,9,4.5,Yes,Yes,87,85,1,Placed
8.5,2,3,2,9,4.6,Yes,Yes,81,88,0,Placed
8.0,1,1,0,9,4.5,Yes,Yes,69,74,0,Placed
8.0,2,3,0,9,4.8,Yes,Yes,80,69,0,Placed
8.2,1,1,0,6,4.5,No,Yes,55,70,1,NotPlaced
7.5,1,1,0,7,4.0,Yes,No,55,67,2,NotPlaced
6.5,1,1,1,6,4.4,Yes,No,60,60,4,NotPlaced
8.4,1,2,1,7,3.8,Yes,Yes,76,82,0,Placed
7.4,0,1,0,7,3.8,No,No,55,67,3,NotPlaced
7.0,2,1,1,8,4.8,Yes,Yes,75,81,3,Placed
8.3,1,3,2,7,4.0,No,Yes,76,82,1,NotPlaced
7.7,0,1,1,6,3.9,No,Yes,55,63,2,NotPlaced
8.1,2,2,2,8,4.8,Yes,Yes,75,85,1,Placed
7.3,1,2,1,8,4.3,No,Yes,68,64,4,NotPlaced
8.6,1,3,0,9,4.8,Yes,Yes,55,70,0,Placed
8.5,1,3,1,9,4.8,Yes,Yes,80,67,1,NotPlaced
8.6,2,3,0,8,4.8,Yes,Yes,86,87,0,Placed
7.6,1,0,1,7,4.8,Yes,Yes,83,80,0,Placed
8.3,2,3,2,8,4.7,Yes,No,80,85,0,Placed
8.2,1,1,2,9,4.8,Yes,Yes,71,87,1,Placed
8.5,2,3,2,9,4.8,Yes,Yes,81,82,1,Placed
7.7,0,2,0,7,4.0,No,No,58,72,4,NotPlaced
7.6,1,2,1,6,3.2,No,No,61,57,4,NotPlaced
7.5,1,3,2,8,4.8,Yes,No,81,88,1,Placed
7.8,0,3,0,8,4.8,Yes,Yes,83,79,1,Placed
8.4,0,3,0,8,4.0,Yes,No,77,66,1,NotPlaced
8.2,2,3,2,9,4.8,Yes,Yes,68,86,1,Placed
8.5,2,3,2,9,4.8,Yes,Yes,81,88,1,Placed
8.0,1,1,2,8,4.1,Yes,Yes,74,68,0,Placed
6.5,2,3,2,8,4.0,Yes,Yes,72,86,2,Placed
6.5,1,1,1,7,4.0,Yes,No,55,62,3,NotPlaced
7.3,1,3,0,8,4.2,No,No,67,64,3,NotPlaced
7.8,0,2,1,6,3.6,No,No,55,66,3,NotPlaced
8.4,2,3,2,9,4.6,Yes,Yes,74,88,1,Placed
8.5,2,3,2,9,4.5,Yes,Yes,85,88,0,Placed
7.3,0,1,0,7,4.7,Yes,Yes,67,72,0,Placed
8.5,2,3,2,9,4.8,Yes,Yes,76,86,1,Placed
8.3,1,3,1,8,4.5,Yes,No,70,82,1,NotPlaced
6.9,1,2,0,6,3.7,No,Yes,76,71,3,NotPlaced
7.4,0,2,1,7,4.7,No,Yes,79,67,3,NotPlaced
8.3,1,3,2,9,4.5,Yes,Yes,76,81,0,Placed
6.8,1,2,0,7,3.9,No,No,55,62,2,NotPlaced
8.4,0,3,3,8,4.8,Yes,Yes,63,69,0,Placed
6.5,1,1,0,7,4.7,Yes,Yes,82,78,2,NotPlaced
8.5,2,3,0,9,3.8,Yes,Yes,87,84,1,Placed
7.5,1,2,0,7,4.0,No,Yes,59,62,0,Placed
7.3,0,1,1,6,4.6,No,Yes,68,64,2,NotPlaced
8.0,1,2,2,8,4.3,Yes,Yes,72,88,2,NotPlaced
8.2,1,2,3,8,4.2,Yes,Yes,78,80,1,NotPlaced
8.0,0,2,1,7,4.1,Yes,Yes,57,87,1,Placed
8.4,1,2,1,7,4.5,No,Yes,75,84,1,NotPlaced
7.7,0,2,1,6,4.0,Yes,Yes,57,83,1,Placed
7.6,1,2,1,8,3.9,No,Yes,80,66,4,NotPlaced
7.7,2,2,1,8,4.7,Yes,Yes,78,82,1,Placed
8.5,2,3,2,8,4.8,Yes,Yes,68,88,1,Placed
8.0,2,3,0,8,4.1,Yes,Yes,67,83,3,NotPlaced
7.6,2,2,0,7,4.4,No,Yes,72,74,3,NotPlaced
7.8,2,3,0,8,4.6,Yes,Yes,74,86,0,Placed
7.9,1,3,3,8,4.7,Yes,Yes,69,81,0,Placed
6.5,1,1,0,8,4.8,No,No,63,66,1,Placed
7.3,1,3,0,8,4.6,Yes,No,61,66,2,NotPlaced
8.5,2,3,2,9,4.8,Yes,Yes,75,88,1,Placed
8.5,0,3,0,8,4.4,Yes,Yes,82,83,1,NotPlaced
8.6,2,3,2,8,4.8,Yes,Yes,83,80,0,Placed
6.5,0,1,2,8,3.8,No,No,72,72,0,Placed
8.3,1,2,2,8,4.8,Yes,Yes,58,72,1,Placed
8.0,1,3,1,9,4.8,Yes,Yes,79,87,1,Placed
6.7,0,1,1,7,3.2,No,No,55,71,4,NotPlaced
7.7,1,1,2,7,4.7,Yes,No,71,65,2,NotPlaced
6.6,1,3,2,9,4.6,Yes,Yes,73,65,2,NotPlaced
7.6,0,3,0,8,4.1,Yes,Yes,77,71,1,Placed
8.3,1,2,0,7,3.9,Yes,Yes,74,79,1,Placed
6.5,1,1,0,7,4.2,No,No,60,67,2,NotPlaced
8.2,0,3,2,7,4.7,Yes,Yes,83,85,1,NotPlaced
6.5,1,1,0,7,4.2,No,Yes,55,70,3,NotPlaced
8.4,1,2,0,7,3.4,Yes,Yes,72,88,1,Placed
6.6,1,1,0,7,3.0,No,No,65,62,4,NotPlaced
7.7,1,3,0,8,4.8,Yes,Yes,73,82,4,NotPlaced
7.9,2,3,1,7,4.5,Yes,Yes,79,80,4,NotPlaced
8.0,0,3,2,8,4.7,Yes,Yes,78,70,0,Placed
7.6,1,1,1,7,4.1,No,Yes,55,68,1,Placed
8.1,0,2,0,7,4.7,Yes,Yes,78,67,1,NotPlaced
8.6,1,2,0,6,3.9,Yes,Yes,72,83,0,Placed
8.1,1,3,0,7,4.5,No,Yes,71,68,0,Placed
8.6,2,3,2,9,4.8,Yes,Yes,77,82,0,Placed
8.5,2,3,2,8,4.7,Yes,No,85,83,0,Placed
8.6,2,2,1,7,4.0,Yes,Yes,81,77,1,NotPlaced
6.8,1,2,2,7,3.8,No,Yes,55,67,2,NotPlaced
7.2,0,1,0,7,3.5,No,No,58,69,3,NotPlaced
8.7,1,2,2,8,4.8,Yes,Yes,84,77,0,Placed
6.7,0,1,1,6,3.4,No,No,65,69,4,NotPlaced
7.8,2,3,2,9,4.5,Yes,Yes,78,83,1,Placed
8.3,0,3,0,9,4.7,Yes,Yes,69,82,0,Placed
7.7,1,2,0,7,4.6,Yes,Yes,73,78,0,Placed
6.6,0,1,0,7,4.3,No,No,63,64,2,NotPlaced
7.5,1,1,0,9,4.6,No,Yes,68,73,3,NotPlaced
6.8,2,1,0,7,4.0,No,No,60,77,3,NotPlaced
8.4,0,3,2,6,4.5,Yes,Yes,55,84,0,Placed
8.2,1,3,2,7,4.8,Yes,Yes,76,81,1,Placed
7.8,2,2,1,8,4.0,No,Yes,86,73,4,NotPlaced
8.7,2,3,2,9,4.8,Yes,Yes,85,86,0,Placed
7.9,0,3,1,8,4.6,No,No,66,70,2,NotPlaced
7.5,1,2,2,8,4.3,Yes,Yes,65,80,0,Placed
6.5,0,1,0,6,4.6,No,No,61,66,3,NotPlaced
8.4,2,3,1,8,4.4,Yes,Yes,57,80,1,Placed
6.6,1,1,1,6,3.5,No,No,64,73,1,Placed
6.7,0,1,0,7,4.4,No,No,76,66,4,NotPlaced
6.7,2,1,2,7,4.0,No,Yes,55,65,2,NotPlaced
6.5,1,1,0,6,3.1,No,No,65,68,3,NotPlaced
7.5,1,1,2,6,3.5,Yes,Yes,55,64,2,NotPlaced
8.5,1,2,2,7,4.0,No,Yes,83,79,1,NotPlaced
6.7,0,1,0,6,3.8,No,No,62,63,2,NotPlaced
8.2,1,1,1,6,3.9,No,Yes,70,66,0,Placed
8.7,2,1,2,8,3.9,No,No,68,82,1,NotPlaced
8.4,2,3,2,8,4.7,Yes,Yes,79,86,0,Placed
6.9,0,2,1,8,3.9,No,Yes,78,59,2,NotPlaced
7.1,0,1,0,7,4.4,No,No,77,67,2,NotPlaced
7.3,0,1,0,7,4.3,No,No,55,68,2,NotPlaced
8.3,1,1,1,7,4.1,No,No,78,83,1,NotPlaced
6.5,0,1,1,8,4.2,No,Yes,60,77,1,Placed
8.6,2,2,2,7,4.7,Yes,No,67,84,0,Placed
7.5,0,1,1,8,3.8,No,Yes,62,70,3,NotPlaced
7.0,0,1,0,6,4.4,Yes,Yes,71,72,4,Placed
7.5,1,2,1,7,4.2,Yes,Yes,72,64,3,NotPlaced
8.3,2,3,2,9,4.6,Yes,No,74,84,0,Placed
6.5,2,1,0,7,4.0,No,No,55,70,2,NotPlaced
8.0,2,3,2,8,4.8,Yes,Yes,79,80,2,NotPlaced
7.5,1,1,0,7,4.0,No,Yes,62,67,3,NotPlaced
8.5,1,3,2,9,4.8,Yes,Yes,76,85,1,Placed
9.0,2,3,2,9,4.8,Yes,Yes,83,88,0,Placed
6.6,1,2,1,6,4.1,Yes,Yes,73,69,4,NotPlaced
7.7,1,2,1,6,3.3,Yes,Yes,68,68,4,NotPlaced
8.0,2,3,2,9,4.8,Yes,Yes,77,85,0,Placed
6.5,2,1,0,7,4.5,No,No,63,83,3,NotPlaced
6.5,1,3,0,8,3.8,No,Yes,63,57,4,NotPlaced
7.2,2,2,2,8,4.4,Yes,Yes,72,70,0,Placed
8.3,1,3,1,8,4.8,No,Yes,72,69,1,Placed
7.3,1,1,0,7,4.4,No,No,55,74,0,Placed
7.3,1,1,0,7,4.0,No,Yes,55,59,3,NotPlaced
7.9,2,3,2,9,4.8,Yes,Yes,82,88,1,Placed
7.3,1,1,0,7,4.5,No,Yes,55,67,2,NotPlaced
7.7,1,1,1,6,4.5,No,No,55,65,3,NotPlaced
7.5,1,1,1,7,3.3,No,No,59,58,4,NotPlaced
7.7,0,1,2,7,4.3,Yes,No,82,72,4,NotPlaced
7.6,0,1,1,8,3.9,No,No,55,66,2,NotPlaced
7.0,1,1,1,7,4.3,Yes,No,74,81,3,NotPlaced
6.5,0,3,0,7,4.2,Yes,Yes,75,69,4,NotPlaced
8.0,2,3,2,9,4.8,Yes,Yes,80,88,0,Placed
6.5,1,2,2,7,4.8,No,Yes,81,85,4,NotPlaced
7.5,0,2,0,6,4.0,No,Yes,67,71,1,Placed
7.3,0,1,0,7,3.6,No,No,56,70,3,NotPlaced
7.5,2,2,1,6,3.7,No,No,59,62,2,NotPlaced
8.6,1,2,1,7,4.3,Yes,Yes,70,67,0,Placed
8.6,2,3,2,8,4.4,Yes,Yes,64,83,0,Placed
8.4,2,3,2,9,4.8,Yes,Yes,80,87,1,Placed
7.5,2,1,0,6,4.5,Yes,No,71,69,4,NotPlaced
8.3,1,1,2,8,4.2,Yes,No,55,87,1,Placed
8.4,0,2,0,7,3.8,Yes,Yes,56,63,1,NotPlaced
8.3,2,3,2,9,4.8,Yes,Yes,83,85,1,Placed
6.5,1,1,0,6,4.3,No,Yes,72,67,3,NotPlaced
8.3,2,3,0,8,4.8,Yes,Yes,77,81,1,NotPlaced
7.7,1,3,2,7,4.4,Yes,No,83,85,4,NotPlaced
8.1,1,2,0,8,4.3,Yes,Yes,76,66,1,NotPlaced
7.9,1,2,0,7,3.8,Yes,Yes,58,78,2,NotPlaced
8.8,2,3,2,9,4.7,Yes,Yes,80,86,0,Placed
7.4,1,2,1,7,4.4,Yes,Yes,79,70,2,NotPlaced
8.3,1,0,0,8,4.3,Yes,Yes,87,83,1,Placed
6.5,0,3,0,7,4.2,No,No,78,61,3,NotPlaced
7.6,1,2,0,8,3.9,No,No,58,68,3,NotPlaced
8.3,1,3,2,9,4.8,Yes,Yes,88,73,0,Placed
8.2,1,1,1,7,4.1,Yes,Yes,58,83,1,NotPlaced
6.8,1,2,0,8,4.5,Yes,Yes,56,67,1,Placed
7.5,2,2,1,7,4.4,No,Yes,82,62,3,NotPlaced
7.6,0,1,0,7,3.9,No,No,59,64,4,NotPlaced
8.4,1,2,1,7,4.3,No,No,57,68,1,NotPlaced
8.4,2,3,2,9,4.5,Yes,Yes,69,81,1,NotPlaced
8.2,2,3,0,9,4.8,Yes,Yes,68,82,0,Placed
7.6,0,3,2,8,4.5,No,No,78,64,1,Placed
6.9,0,1,0,7,4.8,Yes,No,62,67,2,NotPlaced
8.4,0,1,0,8,3.7,Yes,Yes,57,71,1,Placed
7.4,1,2,1,7,4.3,No,No,56,70,3,NotPlaced
7.5,1,2,0,8,4.7,No,Yes,56,69,3,NotPlaced
8.4,0,1,0,9,4.8,No,Yes,55,65,1,Placed
8.3,1,3,0,9,4.7,Yes,Yes,71,86,1,Placed
7.9,1,1,2,7,4.8,Yes,No,64,69,1,Placed
8.4,0,3,2,7,4.8,Yes,Yes,55,63,1,NotPlaced
7.7,0,1,1,8,4.4,No,Yes,61,65,1,Placed
6.8,1,1,1,7,3.8,No,No,58,68,4,NotPlaced
8.6,2,3,2,9,4.6,Yes,Yes,74,88,0,Placed
7.7,2,3,0,8,4.7,Yes,Yes,66,80,1,Placed
8.4,1,0,2,8,4.2,Yes,Yes,74,88,1,Placed
6.5,1,1,1,7,4.8,Yes,No,57,79,3,NotPlaced
8.3,2,2,3,8,4.8,Yes,Yes,81,84,1,NotPlaced
7.3,2,1,0,8,3.7,Yes,Yes,60,65,0,Placed
6.5,0,2,0,8,4.8,No,No,89,67,2,Placed
8.2,1,2,2,8,4.4,Yes,Yes,72,83,0,Placed
7.6,1,1,1,7,4.2,No,No,57,68,4,NotPlaced
8.5,2,2,2,8,4.5,Yes,Yes,55,81,1,NotPlaced
7.4,2,3,2,8,4.8,Yes,No,88,82,2,NotPlaced
7.0,2,3,2,9,4.8,Yes,Yes,90,80,3,Placed
8.2,1,1,1,7,4.0,No,Yes,56,70,1,NotPlaced
6.9,1,3,2,8,4.6,Yes,Yes,73,83,2,Placed
6.8,0,1,0,6,3.6,No,No,55,67,3,NotPlaced
8.5,0,3,2,9,4.8,Yes,Yes,74,64,0,Placed
8.2,1,3,2,9,4.8,No,Yes,71,83,1,Placed
6.5,1,1,1,6,3.7,Yes,No,62,65,3,NotPlaced
7.4,1,1,0,7,4.5,No,No,64,71,1,Placed
7.9,0,2,2,8,3.9,No,Yes,63,69,3,NotPlaced
8.1,2,3,2,8,4.7,Yes,Yes,76,80,0,Placed
8.7,2,3,0,8,4.8,Yes,Yes,76,88,0,Placed
7.5,1,2,0,7,4.4,Yes,Yes,61,71,3,NotPlaced
8.2,2,3,2,9,4.7,Yes,Yes,80,86,1,Placed
7.8,1,3,0,7,4.4,Yes,Yes,74,74,3,NotPlaced
6.5,1,2,0,6,4.8,No,Yes,56,72,3,NotPlaced
8.1,1,2,2,7,4.7,Yes,Yes,57,83,1,NotPlaced
8.3,2,3,3,8,4.5,Yes,Yes,77,88,0,Placed
8.0,1,3,0,8,4.0,Yes,Yes,83,68,3,NotPlaced
7.8,1,1,0,6,3.7,Yes,Yes,62,67,1,Placed
6.6,1,1,2,8,4.7,No,No,55,69,1,Placed
6.8,1,3,0,8,4.4,No,Yes,58,63,3,NotPlaced
7.9,2,3,2,8,4.5,Yes,Yes,77,85,0,Placed
7.4,1,2,0,7,3.9,No,Yes,69,70,0,Placed
8.1,0,2,1,8,3.8,Yes,Yes,72,82,1,NotPlaced
8.2,2,3,2,8,4.4,Yes,Yes,80,83,1,Placed
8.6,0,3,0,8,4.5,Yes,No,70,83,1,NotPlaced
8.2,2,3,0,8,4.4,Yes,Yes,84,86,1,NotPlaced
8.1,2,2,0,8,4.8,Yes,No,55,82,1,Placed
7.4,1,3,1,8,4.5,Yes,Yes,81,73,1,Placed
8.2,2,3,2,8,4.8,Yes,Yes,73,85,1,Placed
8.3,1,3,2,8,4.8,Yes,Yes,74,88,0,Placed
8.0,2,3,2,8,4.3,Yes,Yes,77,84,0,Placed
6.5,1,2,1,6,3.8,No,Yes,56,71,2,NotPlaced
8.3,2,3,2,9,4.8,Yes,Yes,62,84,1,NotPlaced
6.5,1,2,0,7,4.3,No,No,58,66,4,NotPlaced
7.9,1,1,0,7,4.7,No,Yes,75,70,2,NotPlaced
8.0,2,3,2,9,4.8,Yes,Yes,75,83,0,Placed
7.9,1,2,1,8,4.4,Yes,Yes,83,67,4,NotPlaced
6.5,1,1,0,6,3.5,No,Yes,55,72,2,NotPlaced
6.9,1,1,0,7,4.2,Yes,Yes,66,69,1,Placed
7.9,1,3,2,9,4.8,Yes,No,78,83,2,NotPlaced
6.5,0,1,1,8,4.1,No,No,71,69,2,NotPlaced
8.7,2,3,2,9,4.8,Yes,Yes,71,84,0,Placed
6.5,1,2,0,7,4.2,No,No,55,59,3,NotPlaced
7.4,1,2,2,8,4.3,Yes,Yes,77,72,2,NotPlaced
7.4,1,2,1,7,3.9,No,Yes,55,64,4,NotPlaced
7.6,1,1,1,7,3.4,No,No,55,59,2,NotPlaced
8.7,2,3,2,7,4.4,Yes,Yes,78,80,0,Placed
6.5,0,1,0,7,3.6,No,No,67,70,3,NotPlaced
8.1,2,1,2,7,4.1,Yes,No,59,69,1,NotPlaced
8.6,1,3,2,9,4.8,Yes,Yes,78,85,0,Placed
7.7,1,2,1,7,3.7,No,Yes,72,69,4,NotPlaced
8.4,2,3,2,8,4.1,Yes,Yes,83,80,1,Placed
8.2,2,3,2,9,4.8,Yes,Yes,71,80,0,Placed
7.6,2,1,0,7,4.8,Yes,Yes,55,70,2,NotPlaced
8.0,0,2,2,9,4.8,Yes,Yes,68,85,0,Placed
8.6,1,3,0,8,4.5,No,Yes,55,74,1,NotPlaced
7.9,2,3,2,9,4.7,Yes,Yes,80,88,1,Placed
6.7,1,1,0,8,3.8,No,Yes,62,64,3,NotPlaced
7.4,1,1,0,6,4.4,No,No,55,65,3,NotPlaced
7.8,1,2,1,7,4.8,Yes,Yes,69,81,3,NotPlaced
8.4,1,1,2,8,4.7,Yes,No,69,71,1,NotPlaced
8.0,2,3,2,8,4.6,Yes,Yes,80,87,1,Placed
7.8,1,3,2,8,3.4,Yes,No,55,67,3,NotPlaced
7.4,1,1,0,7,3.6,No,Yes,57,71,3,NotPlaced
7.5,0,1,2,7,4.0,No,Yes,55,72,4,NotPlaced
7.7,2,3,2,9,4.8,Yes,Yes,87,88,1,Placed
8.3,1,3,2,8,4.6,Yes,Yes,77,88,1,Placed
8.0,2,3,3,8,4.8,Yes,Yes,77,81,4,NotPlaced
6.5,0,2,2,8,4.1,No,Yes,71,72,3,NotPlaced
8.6,2,1,0,7,4.2,No,Yes,56,64,1,NotPlaced
8.2,2,3,2,8,4.6,Yes,Yes,69,77,0,Placed
7.6,2,2,2,6,4.4,No,No,55,61,3,NotPlaced
8.3,2,3,3,8,4.8,Yes,Yes,84,87,0,Placed
8.1,2,3,2,9,4.8,Yes,Yes,75,86,1,Placed
6.5,0,2,0,7,4.4,No,Yes,55,65,4,NotPlaced
7.8,0,1,2,6,4.5,No,No,82,85,0,Placed
8.0,1,3,2,9,4.7,Yes,Yes,74,88,0,Placed
8.2,1,3,2,9,4.8,Yes,Yes,66,84,0,Placed
7.9,1,3,2,7,4.3,Yes,Yes,89,86,1,Placed
8.4,1,3,0,8,3.6,Yes,Yes,78,86,0,Placed
7.7,1,2,2,8,4.7,No,Yes,84,85,2,NotPlaced
7.8,1,2,1,7,3.9,No,Yes,58,70,2,NotPlaced
6.6,1,3,2,7,4.6,Yes,Yes,78,75,2,Placed
7.7,1,2,0,7,4.1,Yes,Yes,60,72,2,NotPlaced
7.7,1,1,1,8,4.3,No,Yes,60,63,4,NotPlaced
8.0,1,2,1,7,4.5,No,No,61,70,2,NotPlaced
7.5,1,2,1,7,4.7,No,No,55,66,3,NotPlaced
8.3,1,2,2,8,4.6,Yes,Yes,75,81,1,Placed
8.4,1,3,2,9,4.8,Yes,Yes,82,87,0,Placed
7.6,0,2,1,7,4.4,Yes,Yes,64,63,1,Placed
7.5,1,2,2,8,3.9,Yes,Yes,81,70,4,NotPlaced
8.3,2,3,0,9,4.7,Yes,Yes,73,77,1,Placed
7.0,1,1,1,6,3.4,No,No,55,63,4,NotPlaced
7.9,2,3,2,9,4.8,Yes,Yes,81,86,0,Placed
8.4,2,3,2,8,4.8,Yes,Yes,84,87,0,Placed
7.6,1,1,0,7,4.3,No,No,58,71,3,NotPlaced
8.2,1,3,2,9,4.3,Yes,Yes,76,82,1,Placed
8.1,0,3,3,8,4.3,No,Yes,84,83,1,Placed
8.6,1,2,2,6,4.0,No,No,59,70,1,NotPlaced
7.7,1,1,0,7,3.7,No,No,55,64,2,NotPlaced
8.3,2,3,2,8,4.8,Yes,Yes,83,86,1,Placed
6.9,2,2,2,9,4.8,No,Yes,85,85,0,Placed
7.4,1,1,2,9,4.3,Yes,Yes,72,85,0,Placed
8.3,1,1,1,7,3.9,Yes,No,55,59,1,NotPlaced
7.5,1,2,0,7,3.4,Yes,Yes,55,65,3,NotPlaced
6.5,1,1,1,7,4.7,No,Yes,59,64,2,NotPlaced
7.5,1,2,1,7,4.5,No,Yes,64,68,4,NotPlaced
7.4,1,3,1,6,3.4,Yes,Yes,60,74,3,NotPlaced
8.6,1,3,2,8,4.8,Yes,Yes,82,88,0,Placed
8.1,2,3,2,6,4.5,Yes,Yes,76,85,1,NotPlaced
7.7,1,3,0,7,4.2,No,Yes,80,82,4,NotPlaced
6.8,1,1,1,7,4.3,No,Yes,55,62,4,NotPlaced
8.2,1,2,2,9,4.8,Yes,No,70,85,1,NotPlaced
6.5,0,2,0,8,4.6,Yes,Yes,55,65,3,NotPlaced
7.6,1,1,1,7,3.6,No,Yes,59,62,4,NotPlaced
7.5,0,1,0,7,4.5,Yes,Yes,71,80,2,NotPlaced
6.6,1,2,0,7,4.1,Yes,No,74,64,2,NotPlaced
8.2,0,1,3,8,4.8,Yes,Yes,88,69,0,Placed
7.4,2,3,1,7,4.7,No,Yes,55,84,4,NotPlaced
8.7,2,2,0,8,4.5,No,Yes,78,71,0,Placed
8.6,2,1,0,8,4.4,Yes,Yes,82,79,0,Placed
8.5,1,3,2,8,4.6,Yes,Yes,79,82,1,NotPlaced
8.4,1,3,0,9,4.8,Yes,No,75,82,0,Placed
8.2,0,2,3,9,4.8,Yes,Yes,81,88,0,Placed
8.2,1,2,3,8,3.9,Yes,Yes,76,88,1,Placed
8.3,2,3,2,9,4.8,Yes,Yes,76,83,1,Placed
7.4,1,1,0,7,4.2,Yes,Yes,55,66,1,Placed
8.3,2,3,0,8,4.5,Yes,Yes,74,70,1,NotPlaced
8.5,2,1,1,7,4.4,Yes,Yes,66,86,0,Placed
8.6,0,3,2,7,4.2,Yes,No,62,74,1,NotPlaced
7.6,1,1,1,8,3.3,Yes,Yes,75,60,1,Placed
7.4,0,2,2,8,4.5,Yes,Yes,82,71,3,NotPlaced
8.4,1,1,2,8,4.0,Yes,Yes,68,83,1,NotPlaced
7.2,1,1,0,7,3.8,No,No,59,65,3,NotPlaced
7.5,1,2,1,8,3.7,No,Yes,55,66,2,NotPlaced
6.9,0,2,0,7,4.2,No,No,70,68,3,NotPlaced
7.7,0,2,0,8,4.0,No,Yes,55,64,0,Placed
8.5,1,2,2,8,4.0,Yes,No,55,74,1,Placed
8.3,1,3,1,8,4.3,Yes,Yes,65,82,1,NotPlaced
8.3,0,3,2,8,4.8,Yes,Yes,73,79,0,Placed
7.6,1,2,1,8,4.4,Yes,Yes,64,68,1,Placed
8.0,2,3,0,8,4.6,Yes,Yes,88,81,4,NotPlaced
7.0,1,1,0,7,4.3,No,Yes,66,71,3,NotPlaced
7.2,1,1,1,7,3.9,No,Yes,57,69,3,NotPlaced
6.7,1,1,0,7,3.7,No,No,58,66,3,NotPlaced
7.3,1,2,1,6,4.6,No,Yes,65,70,4,NotPlaced
8.0,1,3,0,8,4.3,Yes,Yes,80,71,2,NotPlaced
8.0,2,3,2,8,3.9,Yes,Yes,79,81,3,NotPlaced
7.6,1,1,1,7,4.6,No,Yes,78,66,4,NotPlaced
7.4,0,2,0,7,4.4,No,Yes,57,67,3,NotPlaced
8.4,2,3,2,8,4.7,Yes,Yes,83,84,1,Placed
6.5,1,2,1,7,4.0,Yes,Yes,68,76,0,Placed
8.2,2,3,2,8,4.8,Yes,Yes,84,64,1,NotPlaced
8.4,2,3,2,8,4.6,Yes,No,83,87,0,Placed
8.6,2,3,2,9,4.7,Yes,Yes,83,88,0,Placed
8.6,2,3,3,8,4.6,Yes,No,86,84,1,NotPlaced
7.9,1,2,0,6,4.4,Yes,No,73,72,1,Placed
8.3,2,3,2,8,4.8,Yes,Yes,66,83,0,Placed
7.7,1,1,1,7,4.5,No,No,55,62,3,NotPlaced
8.0,0,2,0,7,4.6,Yes,Yes,56,87,1,Placed
7.9,1,3,3,8,4.1,Yes,Yes,71,84,0,Placed
7.8,1,3,0,7,4.8,Yes,Yes,72,79,4,NotPlaced
8.5,1,2,0,7,4.2,No,Yes,55,61,1,NotPlaced
7.7,2,2,2,7,4.2,No,Yes,71,83,2,NotPlaced
8.4,2,2,2,8,4.7,Yes,Yes,85,82,0,Placed
7.5,1,3,0,8,4.2,Yes,Yes,75,80,2,NotPlaced
7.9,1,2,0,8,4.2,Yes,Yes,79,86,0,Placed
7.4,1,1,0,8,4.3,No,Yes,58,69,0,Placed
6.9,1,1,1,7,3.6,No,No,61,59,4,NotPlaced
7.9,1,2,1,8,4.8,No,Yes,74,65,4,NotPlaced
8.4,2,3,2,9,4.8,Yes,Yes,82,79,1,Placed
8.4,1,3,0,7,4.7,Yes,Yes,72,73,1,NotPlaced
7.8,1,3,2,9,4.8,Yes,Yes,75,86,1,Placed
7.7,0,1,1,7,4.1,No,Yes,55,64,4,NotPlaced
8.3,1,3,1,7,4.3,Yes,Yes,55,84,1,NotPlaced
8.5,1,3,2,8,4.6,Yes,Yes,74,68,1,Placed
8.3,2,3,2,9,4.8,Yes,Yes,81,88,1,Placed
7.5,1,3,1,7,4.2,Yes,No,90,80,2,NotPlaced
6.5,1,3,2,7,4.5,No,Yes,73,67,2,Placed
8.6,2,3,0,8,4.7,Yes,Yes,76,73,1,NotPlaced
6.9,1,2,2,7,4.2,Yes,Yes,77,86,4,NotPlaced
8.2,2,3,0,8,4.8,Yes,No,85,80,0,Placed
8.2,2,3,2,7,4.8,Yes,No,71,83,1,NotPlaced
7.4,1,3,0,8,4.6,No,No,64,84,4,NotPlaced
8.4,0,3,2,8,4.0,Yes,No,62,64,1,Placed
7.7,0,1,0,6,4.0,No,No,57,69,3,NotPlaced
8.1,1,2,0,8,3.9,No,No,85,60,1,NotPlaced
8.6,0,2,2,8,3.9,Yes,Yes,70,85,1,NotPlaced
8.5,1,1,1,7,4.5,Yes,Yes,57,66,1,NotPlaced
8.2,2,3,2,9,4.8,Yes,Yes,85,88,0,Placed
8.2,2,3,2,9,4.8,Yes,Yes,82,88,0,Placed
8.7,2,3,2,8,4.6,Yes,Yes,79,85,0,Placed
7.3,2,3,2,7,4.7,No,Yes,70,88,2,NotPlaced
7.9,2,3,0,9,4.8,Yes,Yes,89,86,0,Placed
7.9,1,1,0,7,4.0,No,Yes,62,64,3,NotPlaced
8.4,1,2,0,8,4.0,No,Yes,55,59,0,Placed
6.5,1,2,1,7,4.4,No,No,55,63,3,NotPlaced
7.5,1,2,0,6,3.6,No,Yes,55,67,2,NotPlaced
7.8,0,2,2,8,4.6,Yes,Yes,85,86,1,Placed
8.1,2,1,0,9,4.5,Yes,Yes,88,84,1,NotPlaced
7.8,1,3,2,9,4.8,Yes,Yes,83,88,1,Placed
7.5,1,1,0,7,4.6,No,No,79,72,3,NotPlaced
6.6,1,1,1,6,4.1,No,Yes,63,67,4,NotPlaced
6.9,1,1,0,7,4.5,No,Yes,57,63,2,NotPlaced
6.8,1,1,1,7,4.3,No,Yes,55,67,2,NotPlaced
7.7,1,1,0,8,3.3,No,No,55,67,4,NotPlaced
7.5,1,3,2,7,4.8,No,Yes,68,69,4,NotPlaced
6.7,0,1,1,8,4.2,Yes,Yes,68,64,1,Placed
6.5,1,3,1,7,4.5,No,No,60,64,4,NotPlaced
8.3,1,3,0,9,4.8,Yes,Yes,81,86,1,Placed
8.6,2,3,2,9,4.8,Yes,Yes,82,81,0,Placed
6.5,1,2,1,6,3.9,No,Yes,55,66,2,NotPlaced
6.8,1,1,0,7,4.2,Yes,Yes,64,64,3,NotPlaced
6.7,1,2,0,7,4.6,Yes,Yes,55,68,2,Placed
7.6,1,1,0,8,4.1,No,Yes,55,68,4,NotPlaced
8.4,2,3,2,8,4.5,Yes,Yes,78,82,0,Placed
6.5,1,2,1,8,4.1,No,Yes,77,72,2,NotPlaced
8.4,2,3,0,9,4.7,Yes,No,76,83,1,Placed
8.2,1,2,0,8,4.8,No,Yes,55,70,1,NotPlaced
7.6,1,1,1,7,3.9,No,No,65,70,2,NotPlaced
7.5,1,1,0,8,4.5,No,Yes,62,72,2,NotPlaced
8.3,2,3,2,8,4.8,Yes,Yes,80,88,1,Placed
6.5,1,2,1,7,4.1,Yes,No,56,70,4,NotPlaced
7.8,1,1,1,7,4.6,Yes,Yes,60,60,2,NotPlaced
6.8,1,1,0,7,3.1,No,Yes,72,66,4,NotPlaced
8.6,1,3,2,8,4.8,Yes,Yes,90,85,0,Placed
7.8,1,2,1,8,4.6,No,Yes,79,66,1,Placed
6.8,2,3,2,8,4.8,Yes,Yes,81,88,2,Placed
8.0,1,3,0,8,4.8,Yes,Yes,86,75,3,NotPlaced
7.7,1,1,2,7,4.6,No,Yes,76,66,3,NotPlaced
8.6,2,3,2,7,4.2,Yes,Yes,81,84,0,Placed
8.0,2,3,2,8,4.5,Yes,No,79,81,2,NotPlaced
7.3,1,1,0,7,3.7,No,No,55,65,2,NotPlaced
8.9,1,3,0,8,4.8,Yes,Yes,77,76,0,Placed
7.7,1,1,1,7,4.2,No,No,55,67,4,NotPlaced
8.2,0,2,1,7,4.4,Yes,Yes,73,67,0,Placed
6.9,1,1,1,8,4.7,Yes,No,55,73,4,NotPlaced
8.8,1,3,2,8,4.5,Yes,Yes,73,85,0,Placed
6.8,1,1,1,6,3.7,No,No,63,65,4,NotPlaced
6.5,1,2,0,8,4.6,No,Yes,55,73,2,NotPlaced
8.1,2,3,0,9,4.7,Yes,Yes,86,88,0,Placed
7.7,1,1,0,7,3.8,No,Yes,55,68,3,NotPlaced
8.6,1,3,3,8,4.6,Yes,Yes,79,85,0,Placed
6.5,1,1,0,6,3.8,No,Yes,59,59,4,NotPlaced
7.9,2,3,2,7,4.3,Yes,No,68,82,1,Placed
8.3,2,3,2,9,4.3,Yes,Yes,75,84,1,NotPlaced
7.1,1,2,1,8,4.3,Yes,Yes,75,82,2,NotPlaced
6.5,1,2,0,8,4.6,Yes,Yes,57,66,4,NotPlaced
7.8,0,1,2,7,4.3,No,Yes,59,84,2,NotPlaced
8.3,2,3,2,8,4.7,Yes,Yes,79,80,1,Placed
7.1,1,1,0,6,4.2,No,Yes,55,69,3,NotPlaced
8.3,1,3,2,9,4.5,Yes,Yes,68,82,0,Placed
8.7,2,3,3,9,4.8,Yes,Yes,77,86,0,Placed
8.5,1,2,1,6,3.9,No,Yes,63,72,1,NotPlaced
6.8,1,2,0,6,4.1,Yes,Yes,58,71,2,NotPlaced
7.4,0,1,0,7,4.2,Yes,Yes,61,65,4,NotPlaced
7.6,0,3,2,8,4.7,Yes,No,80,84,0,Placed
7.5,1,2,1,7,4.1,No,Yes,58,65,2,NotPlaced
8.3,1,1,0,7,4.6,Yes,Yes,79,84,1,NotPlaced
9.1,2,3,2,9,4.8,Yes,Yes,74,82,0,Placed
8.1,1,3,2,7,4.7,Yes,Yes,76,68,1,NotPlaced
7.6,0,2,0,8,4.2,Yes,Yes,81,83,1,Placed
8.6,1,2,2,8,4.3,Yes,Yes,71,82,0,Placed
8.0,0,2,1,8,4.3,No,Yes,55,75,3,NotPlaced
7.5,1,2,0,6,3.8,No,No,55,67,2,NotPlaced
7.5,0,1,0,6,4.3,Yes,Yes,55,64,3,NotPlaced
7.3,0,2,0,7,3.5,No,Yes,67,68,3,NotPlaced
7.0,0,3,3,7,4.5,Yes,Yes,87,81,3,Placed
7.5,1,1,1,7,4.4,No,No,59,69,2,NotPlaced
6.5,1,2,0,7,3.7,No,No,56,67,3,NotPlaced
8.3,1,2,0,7,3.8,Yes,Yes,63,80,1,NotPlaced
6.9,1,1,2,7,3.8,Yes,Yes,71,83,2,NotPlaced
8.1,2,3,2,9,4.8,Yes,Yes,90,86,1,Placed
7.6,1,2,0,7,4.2,No,Yes,59,65,0,Placed
6.8,1,1,0,7,4.3,No,Yes,55,66,4,NotPlaced
8.4,2,3,2,9,4.8,Yes,Yes,69,88,0,Placed
7.0,1,2,0,7,4.5,No,Yes,55,80,2,NotPlaced
6.9,2,3,3,8,4.8,Yes,Yes,73,82,2,Placed
7.3,1,1,1,8,3.8,No,No,71,71,2,NotPlaced
8.3,2,3,2,9,4.8,Yes,Yes,82,85,1,Placed
6.9,1,1,0,7,3.9,Yes,Yes,73,62,3,NotPlaced
8.3,2,2,2,8,4.5,Yes,Yes,68,79,0,Placed
7.2,1,1,1,7,3.7,No,No,57,65,2,NotPlaced
8.1,2,2,2,9,3.7,Yes,Yes,64,82,0,Placed
7.7,1,1,2,7,4.0,No,Yes,56,64,2,NotPlaced
8.4,2,3,2,9,4.7,Yes,Yes,89,86,0,Placed
6.6,0,1,0,6,3.3,No,Yes,55,69,3,NotPlaced
6.8,2,1,2,7,4.6,Yes,Yes,74,82,4,NotPlaced
7.8,2,3,2,9,4.7,Yes,Yes,70,84,1,Placed
6.9,1,2,0,7,4.2,Yes,Yes,74,63,3,NotPlaced
7.6,1,3,2,8,4.4,Yes,Yes,69,61,0,Placed
6.5,0,1,1,8,3.2,No,No,71,60,4,NotPlaced
7.8,2,3,2,8,4.2,Yes,No,83,81,1,Placed
7.6,2,1,1,7,3.8,Yes,Yes,61,83,4,NotPlaced
8.3,0,3,2,9,4.7,Yes,Yes,85,88,0,Placed
7.3,2,1,2,8,3.8,No,Yes,71,67,4,NotPlaced
7.8,2,2,2,8,4.3,Yes,Yes,75,82,3,NotPlaced
7.6,1,2,0,7,4.4,No,Yes,57,64,3,NotPlaced
7.8,1,3,1,7,3.7,No,No,55,67,2,NotPlaced
6.5,1,1,1,7,4.3,Yes,No,60,63,2,NotPlaced
7.5,0,1,0,8,4.4,No,Yes,58,85,4,NotPlaced
6.6,0,3,2,8,4.3,No,No,69,69,4,NotPlaced
6.9,2,1,0,7,4.0,No,Yes,84,67,2,NotPlaced
7.4,1,1,0,6,3.8,No,No,55,63,3,NotPlaced
7.5,1,1,1,6,3.7,No,Yes,57,66,2,NotPlaced
8.0,2,3,2,9,4.8,Yes,Yes,77,86,1,Placed
8.3,2,3,2,9,4.8,Yes,Yes,80,81,0,Placed
8.5,2,2,2,9,4.4,Yes,Yes,74,85,0,Placed
6.5,1,1,1,6,4.0,No,Yes,60,73,4,NotPlaced
8.6,1,3,2,8,4.6,Yes,Yes,75,84,0,Placed
8.2,2,3,2,9,4.8,Yes,Yes,86,82,1,Placed
6.7,1,2,1,7,3.9,No,Yes,82,83,4,NotPlaced
6.5,1,1,1,8,4.0,Yes,Yes,68,81,2,Placed
7.5,2,3,0,8,3.9,Yes,Yes,65,65,2,NotPlaced
7.6,0,2,1,7,4.8,Yes,Yes,81,72,1,Placed
7.6,0,1,1,7,4.3,No,Yes,55,63,4,NotPlaced
7.5,1,1,1,7,4.6,No,No,56,67,2,NotPlaced
8.0,1,2,1,8,4.3,Yes,Yes,74,88,2,NotPlaced
8.2,2,3,2,9,4.6,Yes,Yes,78,85,0,Placed
6.5,1,1,0,7,4.0,No,No,55,71,3,NotPlaced
7.0,1,1,0,8,3.6,No,Yes,55,70,3,NotPlaced
8.4,2,3,1,8,4.5,Yes,Yes,83,79,0,Placed
8.4,2,1,0,9,4.6,Yes,Yes,72,82,1,NotPlaced
7.0,1,1,1,7,3.3,No,Yes,55,68,2,NotPlaced
8.7,1,2,2,7,4.5,Yes,Yes,75,68,0,Placed
7.4,1,1,1,6,4.3,No,No,63,66,4,NotPlaced
7.9,1,2,1,8,3.8,Yes,Yes,73,87,4,NotPlaced
8.1,1,3,1,8,4.6,Yes,Yes,78,75,1,Placed
6.5,0,1,0,6,4.1,No,No,56,69,3,NotPlaced
8.5,2,1,0,8,4.7,Yes,Yes,64,83,1,NotPlaced
8.2,1,3,2,8,4.8,Yes,Yes,77,83,0,Placed
7.6,2,3,0,7,4.8,Yes,Yes,71,85,3,NotPlaced
8.2,1,3,2,8,4.5,Yes,No,70,83,1,Placed
7.6,1,1,1,6,4.0,No,No,57,63,2,NotPlaced
8.3,0,2,2,7,4.0,Yes,Yes,74,79,1,NotPlaced
7.5,1,2,0,8,4.5,Yes,Yes,79,83,0,Placed
8.0,2,3,0,9,4.4,Yes,Yes,78,85,1,Placed
7.8,2,3,0,8,4.4,Yes,No,85,83,2,NotPlaced
8.6,2,3,2,8,4.8,Yes,Yes,76,85,0,Placed
6.7,1,1,0,8,4.0,No,Yes,58,71,4,NotPlaced
7.6,0,1,0,8,3.7,No,No,76,69,4,NotPlaced
7.6,1,1,0,7,4.1,No,No,55,59,4,NotPlaced
7.7,1,3,3,8,4.8,Yes,No,75,85,3,NotPlaced
8.1,1,1,0,8,4.8,No,Yes,61,82,0,Placed
7.8,1,2,0,8,3.9,Yes,Yes,86,66,3,NotPlaced
7.4,1,1,0,8,4.5,Yes,Yes,79,68,2,NotPlaced
7.7,1,1,1,7,4.3,No,Yes,58,65,2,NotPlaced
7.7,1,1,1,6,3.9,Yes,Yes,55,71,4,NotPlaced
6.8,1,2,2,8,4.5,Yes,Yes,77,64,0,Placed
7.4,2,3,1,8,4.6,Yes,Yes,59,64,4,NotPlaced
6.5,1,2,1,6,4.1,Yes,No,55,68,3,NotPlaced
7.6,1,3,2,8,4.6,Yes,Yes,79,76,1,Placed
6.5,2,2,2,8,4.4,Yes,Yes,84,83,2,Placed
7.6,2,3,0,8,4.5,Yes,Yes,78,87,2,NotPlaced
7.3,0,1,2,8,4.7,Yes,Yes,74,84,0,Placed
6.6,1,2,0,6,4.2,No,No,83,72,3,NotPlaced
8.0,2,2,2,8,4.8,Yes,No,82,83,0,Placed
6.6,0,2,0,7,4.8,Yes,Yes,72,65,2,NotPlaced
7.4,1,2,0,8,4.6,No,No,55,63,3,NotPlaced
7.5,1,2,0,6,4.4,No,No,60,71,3,NotPlaced
6.8,0,2,0,7,4.2,Yes,Yes,81,67,3,NotPlaced
7.5,1,1,0,8,4.4,No,No,83,61,2,NotPlaced
8.3,2,3,2,8,4.8,Yes,No,79,83,1,NotPlaced
8.2,0,1,1,8,4.2,Yes,Yes,68,84,0,Placed
8.2,1,3,0,8,4.1,Yes,Yes,77,67,1,Placed
8.1,2,3,2,9,4.8,Yes,Yes,85,84,0,Placed
8.3,1,2,1,8,4.2,No,Yes,71,85,0,Placed
7.6,0,3,2,7,4.6,Yes,Yes,89,85,2,NotPlaced
7.3,0,3,1,7,3.8,Yes,No,56,76,0,Placed
7.6,2,2,0,7,4.5,No,Yes,69,65,3,NotPlaced
8.4,2,2,2,7,3.8,Yes,Yes,62,80,0,Placed
7.9,0,2,0,8,4.2,Yes,Yes,75,60,0,Placed
8.1,1,3,1,9,4.8,Yes,No,83,87,1,Placed
7.7,2,1,0,7,4.0,No,No,61,87,2,NotPlaced
8.1,0,1,2,7,4.6,Yes,Yes,76,88,1,Placed
7.8,1,3,2,8,4.5,Yes,Yes,68,86,0,Placed
8.1,1,3,2,9,4.2,Yes,Yes,81,86,1,Placed
8.3,2,3,2,9,4.8,Yes,Yes,82,85,1,Placed
8.4,1,2,3,9,4.7,Yes,Yes,84,71,0,Placed
7.9,1,1,0,9,4.1,No,Yes,60,69,1,Placed
7.6,0,1,0,8,3.8,No,No,80,70,2,NotPlaced
7.6,1,1,0,7,4.5,No,No,55,57,2,NotPlaced
8.2,1,2,1,8,4.7,Yes,Yes,83,82,0,Placed
8.2,0,1,0,7,4.1,Yes,No,61,63,1,NotPlaced
7.4,1,1,1,8,4.2,No,Yes,56,68,4,NotPlaced
6.7,0,1,0,7,4.6,No,Yes,63,61,2,NotPlaced
7.8,2,2,3,7,4.6,No,Yes,55,69,3,NotPlaced
8.2,2,3,2,8,4.4,Yes,Yes,78,66,1,Placed
8.2,2,3,2,9,4.6,Yes,Yes,81,79,0,Placed
8.5,2,3,2,8,4.5,Yes,Yes,74,86,0,Placed
8.4,2,2,2,8,4.2,Yes,Yes,89,85,0,Placed
7.7,1,1,1,7,4.2,Yes,Yes,70,79,4,NotPlaced
7.8,2,3,2,8,4.5,Yes,No,84,81,0,Placed
8.6,2,3,2,8,4.8,No,Yes,68,79,0,Placed
8.5,2,1,1,7,4.3,Yes,Yes,58,63,1,Placed
8.4,1,3,2,9,4.8,Yes,Yes,81,88,1,NotPlaced
7.7,2,2,0,9,4.7,Yes,Yes,70,86,1,Placed
8.1,1,2,2,8,4.4,No,Yes,72,84,1,NotPlaced
8.4,1,3,2,9,4.8,Yes,Yes,85,82,1,Placed
7.8,1,3,2,7,4.3,Yes,Yes,55,79,2,NotPlaced
7.7,2,3,0,9,4.6,Yes,Yes,75,86,2,NotPlaced
6.5,0,3,0,8,4.3,No,No,55,70,4,NotPlaced
7.6,1,2,0,6,4.2,No,Yes,55,67,3,NotPlaced
7.7,1,3,2,8,4.8,Yes,No,85,83,3,NotPlaced
8.0,2,2,2,8,4.8,Yes,Yes,78,73,1,Placed
7.6,1,1,1,7,4.5,No,No,55,61,4,NotPlaced
7.5,1,1,0,6,4.2,No,Yes,55,59,1,Placed
7.0,1,2,0,7,4.6,Yes,Yes,68,74,4,Placed
6.5,1,2,0,8,3.3,No,No,55,70,3,NotPlaced
7.5,1,2,0,7,4.0,Yes,Yes,66,85,3,NotPlaced
6.7,1,1,0,8,4.5,No,Yes,65,61,4,NotPlaced
8.4,0,3,2,9,4.8,Yes,Yes,83,85,0,Placed
8.4,2,3,2,9,4.8,Yes,Yes,74,87,0,Placed
7.7,1,2,0,8,4.6,Yes,Yes,71,82,3,NotPlaced
8.1,1,3,2,9,4.7,Yes,Yes,71,85,1,NotPlaced
7.6,0,1,0,7,4.3,Yes,Yes,76,77,0,Placed
8.0,0,3,1,9,4.1,Yes,Yes,64,61,0,Placed
8.7,0,2,2,8,4.6,Yes,Yes,77,85,0,Placed
8.4,2,1,1,7,4.4,No,Yes,60,69,1,NotPlaced
8.3,1,3,2,8,4.7,No,No,59,63,0,Placed
7.5,0,1,1,6,4.3,No,Yes,55,64,2,NotPlaced
7.5,0,1,0,6,3.4,No,No,61,59,3,NotPlaced
7.6,1,1,0,7,3.6,Yes,Yes,56,69,2,NotPlaced
6.5,0,2,2,8,4.6,Yes,Yes,79,69,2,Placed
7.7,2,3,1,9,4.8,Yes,Yes,80,87,3,NotPlaced
7.7,1,2,2,8,3.9,Yes,Yes,81,75,4,NotPlaced
7.8,1,1,1,8,3.9,Yes,Yes,73,76,3,NotPlaced
7.7,1,1,0,7,4.0,No,Yes,55,70,2,NotPlaced
8.5,2,3,2,9,4.8,Yes,Yes,71,87,1,Placed
8.1,2,1,1,8,3.8,No,Yes,55,63,1,NotPlaced
6.7,0,3,2,8,4.8,Yes,Yes,67,73,2,Placed
8.0,1,3,1,8,4.4,Yes,Yes,73,85,2,NotPlaced
7.6,0,1,0,8,3.8,No,Yes,56,66,2,NotPlaced
8.5,1,3,0,8,4.6,No,Yes,70,84,0,Placed
6.5,0,2,1,6,3.1,Yes,No,60,67,2,NotPlaced
8.4,0,1,1,8,4.8,Yes,Yes,75,81,0,Placed
6.8,0,3,2,7,4.4,Yes,Yes,84,85,2,NotPlaced
6.6,2,3,2,9,4.8,Yes,Yes,63,83,1,Placed
6.5,1,2,0,6,3.7,No,No,55,66,2,NotPlaced
6.7,1,2,0,8,4.7,Yes,Yes,71,87,0,Placed
8.1,2,3,0,8,4.2,Yes,Yes,71,83,1,NotPlaced
8.1,2,3,2,8,4.8,Yes,Yes,74,81,1,Placed
7.5,1,2,0,7,3.5,Yes,Yes,84,66,2,NotPlaced
7.2,1,2,0,8,3.6,Yes,Yes,71,74,1,Placed
7.4,0,1,2,9,4.5,Yes,Yes,76,68,1,Placed
8.0,2,3,2,9,4.8,Yes,Yes,69,86,0,Placed
6.5,0,2,2,7,4.3,Yes,Yes,82,70,2,NotPlaced
7.8,0,1,0,7,4.4,No,No,56,68,1,Placed
7.7,1,2,0,6,3.5,No,Yes,56,59,4,NotPlaced
7.6,1,1,2,7,4.4,Yes,Yes,65,69,0,Placed
8.1,1,3,2,8,4.7,Yes,Yes,85,86,1,Placed
6.5,1,2,1,7,4.2,Yes,Yes,81,64,0,Placed
6.5,1,2,0,6,4.7,No,Yes,80,69,2,NotPlaced
6.8,1,1,0,7,4.3,No,No,55,63,2,NotPlaced
8.0,1,3,3,8,4.6,Yes,No,83,88,0,Placed
7.7,0,1,0,7,4.3,Yes,Yes,57,65,1,Placed
8.2,2,3,2,9,4.8,Yes,Yes,81,87,0,Placed
6.5,1,2,1,7,3.5,No,No,57,65,3,NotPlaced
8.1,2,1,0,8,4.0,Yes,Yes,75,88,1,NotPlaced
8.6,0,3,1,8,4.6,Yes,Yes,74,81,0,Placed
7.6,1,2,1,8,4.3,Yes,No,68,66,4,NotPlaced
7.3,1,2,0,6,4.2,No,No,55,65,2,NotPlaced
7.8,1,1,0,7,4.2,No,Yes,63,65,4,NotPlaced
6.5,1,1,1,6,3.5,No,No,55,63,4,NotPlaced
6.9,2,3,0,7,4.2,Yes,Yes,72,86,2,Placed
6.5,0,1,2,8,3.6,No,No,68,69,3,NotPlaced
8.6,2,3,3,9,4.8,Yes,Yes,66,83,0,Placed
8.4,2,3,2,8,4.5,Yes,Yes,89,79,0,Placed
8.2,1,1,0,7,4.5,No,Yes,76,84,1,NotPlaced
6.6,0,1,0,7,4.6,No,No,63,70,3,NotPlaced
7.7,1,1,1,8,4.1,No,No,81,71,3,NotPlaced
7.5,0,1,0,7,3.7,No,Yes,57,65,4,NotPlaced
8.3,1,3,1,8,4.8,Yes,Yes,81,85,1,Placed
8.5,2,2,2,9,4.4,Yes,Yes,70,84,0,Placed
8.4,1,1,1,8,4.8,Yes,No,69,83,0,Placed
8.4,2,1,2,9,4.5,Yes,Yes,81,83,0,Placed
7.7,2,3,2,7,4.4,Yes,No,83,83,1,Placed
7.6,0,3,2,8,4.5,Yes,Yes,81,84,0,Placed
7.8,1,3,2,8,4.3,Yes,Yes,84,86,1,Placed
7.8,0,2,0,7,4.4,No,Yes,55,66,4,NotPlaced
8.2,1,1,2,7,4.3,No,Yes,70,85,0,Placed
7.6,0,1,0,7,3.8,Yes,No,55,59,0,Placed
8.8,0,3,0,8,4.6,Yes,Yes,65,84,0,Placed
8.7,2,3,2,8,4.8,Yes,Yes,76,82,0,Placed
7.5,2,1,1,7,4.8,No,No,62,62,2,NotPlaced
7.6,1,1,2,9,4.8,Yes,Yes,80,69,2,NotPlaced
6.6,1,1,1,7,4.0,Yes,Yes,55,65,0,Placed
8.0,2,3,2,9,4.8,Yes,Yes,75,88,0,Placed
8.7,0,3,1,9,4.6,Yes,Yes,89,83,0,Placed
7.4,1,1,0,8,3.7,No,Yes,80,76,2,NotPlaced
8.2,0,2,0,7,4.8,Yes,Yes,71,70,0,Placed
8.7,1,3,0,8,4.5,Yes,Yes,70,84,0,Placed
7.6,1,1,2,9,4.4,No,Yes,81,73,4,NotPlaced
7.4,0,1,0,7,4.4,No,No,61,65,4,NotPlaced
7.5,2,3,2,9,4.7,Yes,Yes,65,82,4,NotPlaced
8.3,1,2,2,8,4.7,Yes,Yes,78,66,1,NotPlaced
7.7,2,2,0,8,4.3,Yes,No,90,76,2,NotPlaced
8.0,0,2,1,6,4.1,Yes,Yes,74,75,3,NotPlaced
6.7,1,1,1,7,3.8,Yes,No,56,70,3,NotPlaced
6.5,0,1,1,7,3.4,No,No,58,62,2,NotPlaced
7.5,1,2,0,8,3.9,No,No,55,63,3,NotPlaced
6.5,1,2,0,6,3.4,No,Yes,55,67,1,Placed
8.2,1,3,2,9,4.8,Yes,Yes,81,83,1,Placed
7.7,0,1,1,7,4.2,No,No,56,68,4,NotPlaced
6.5,1,1,1,7,4.2,No,Yes,55,71,2,NotPlaced
7.6,1,2,2,7,4.7,No,Yes,65,68,2,NotPlaced
7.8,1,3,3,7,4.5,Yes,Yes,72,79,1,Placed
8.3,1,3,2,8,4.8,Yes,Yes,80,82,1,Placed
6.7,1,1,0,6,4.7,Yes,Yes,61,71,2,NotPlaced
6.7,1,1,0,6,3.7,No,No,55,63,3,NotPlaced
8.3,2,3,0,7,3.6,No,Yes,72,85,1,NotPlaced
7.3,1,1,1,7,3.9,No,No,59,62,3,NotPlaced
8.1,1,1,2,8,4.8,Yes,No,70,78,1,NotPlaced
8.5,2,3,2,9,4.7,Yes,Yes,77,86,1,Placed
8.5,1,3,0,8,4.8,Yes,Yes,70,86,0,Placed
6.9,0,2,1,6,4.0,No,Yes,62,61,2,NotPlaced
8.4,1,3,2,9,4.8,Yes,Yes,88,84,0,Placed
7.7,1,3,2,7,3.8,Yes,Yes,76,80,2,NotPlaced
6.5,0,2,1,7,3.8,No,Yes,55,72,3,NotPlaced
8.6,0,3,2,8,4.8,Yes,Yes,73,87,0,Placed
8.2,2,3,2,8,4.5,Yes,Yes,72,83,0,Placed
7.8,1,1,0,7,4.6,Yes,Yes,60,72,2,NotPlaced
7.9,2,3,2,9,4.8,Yes,Yes,81,87,0,Placed
7.6,1,2,0,7,4.3,No,Yes,58,67,3,NotPlaced
8.4,1,1,3,9,4.5,Yes,Yes,72,69,0,Placed
7.4,0,2,0,8,4.2,No,Yes,67,73,4,NotPlaced
8.3,1,2,3,7,4.1,No,Yes,80,81,1,Placed
7.7,1,3,2,9,4.3,Yes,Yes,76,83,1,Placed
7.5,1,2,1,6,4.8,No,No,58,70,4,NotPlaced
6.7,1,2,2,8,3.2,No,No,66,58,1,Placed
8.3,2,2,0,8,4.8,Yes,Yes,83,81,1,Placed
6.7,1,2,1,7,4.4,No,Yes,60,69,4,NotPlaced
7.6,1,3,2,7,4.2,Yes,Yes,72,68,2,NotPlaced
7.9,0,2,0,7,4.3,No,No,79,63,2,NotPlaced
8.5,2,3,0,7,4.8,Yes,Yes,89,85,0,Placed
8.2,1,3,2,8,4.7,Yes,Yes,63,88,0,Placed
7.9,2,3,2,9,4.8,Yes,Yes,74,80,1,Placed
8.0,2,3,1,9,4.8,Yes,Yes,86,85,0,Placed
6.9,0,1,1,6,3.6,No,Yes,55,59,2,NotPlaced
7.6,0,1,0,6,3.7,No,No,56,62,2,NotPlaced
8.2,1,3,0,8,4.8,Yes,Yes,88,86,0,Placed
6.5,1,1,2,6,3.8,Yes,No,61,70,3,NotPlaced
8.2,1,3,0,8,4.5,Yes,Yes,76,82,1,Placed
6.8,1,1,1,6,4.4,No,No,68,65,3,NotPlaced
6.6,1,2,0,7,3.9,No,Yes,60,69,2,NotPlaced
7.1,0,1,1,7,4.4,No,Yes,55,73,2,NotPlaced
7.7,1,3,2,7,4.5,Yes,Yes,55,64,3,NotPlaced
8.6,2,3,2,9,4.8,Yes,Yes,82,82,1,NotPlaced
8.3,2,1,2,7,4.3,Yes,No,64,64,1,NotPlaced
7.8,2,3,2,9,4.8,Yes,Yes,86,82,1,Placed
6.6,0,1,1,6,3.7,No,No,56,63,4,NotPlaced
7.6,0,2,0,7,4.4,No,No,59,61,0,Placed
8.7,0,3,2,8,4.5,Yes,No,71,83,1,NotPlaced
8.3,1,2,1,7,4.1,Yes,Yes,63,65,1,NotPlaced
8.8,2,2,2,9,4.7,Yes,No,71,79,0,Placed
6.5,1,2,0,7,4.0,No,No,58,71,3,NotPlaced
7.5,0,2,1,6,3.7,No,No,55,63,4,NotPlaced
7.4,1,1,0,6,4.2,No,Yes,61,74,1,Placed
8.6,1,3,2,8,4.4,Yes,Yes,75,80,0,Placed
7.6,1,2,1,7,4.1,No,No,55,74,2,NotPlaced
8.0,2,3,0,9,4.8,Yes,Yes,76,86,1,Placed
6.5,1,3,1,7,4.2,No,Yes,58,68,2,NotPlaced
6.6,1,1,0,7,4.6,Yes,No,55,69,2,NotPlaced
8.6,2,2,1,7,4.8,Yes,No,80,82,1,NotPlaced
6.5,1,1,0,6,3.7,No,No,55,59,3,NotPlaced
8.4,2,3,2,9,4.8,Yes,Yes,79,88,0,Placed
6.5,1,2,0,7,4.0,Yes,Yes,69,65,2,NotPlaced
8.1,1,3,0,9,4.8,Yes,Yes,74,84,0,Placed
8.2,1,2,1,7,3.9,No,Yes,55,71,1,NotPlaced
7.4,0,1,1,7,3.5,No,Yes,66,61,4,NotPlaced
7.5,1,1,1,8,4.8,No,Yes,69,72,1,Placed
8.3,2,3,2,8,4.8,Yes,Yes,84,76,1,Placed
8.2,2,1,0,8,4.8,Yes,Yes,74,85,0,Placed
6.5,1,1,1,7,4.3,No,Yes,55,73,2,NotPlaced
8.4,2,1,1,8,3.5,Yes,Yes,56,81,0,Placed
7.7,1,1,1,7,3.7,No,Yes,57,74,4,NotPlaced
7.6,1,1,0,7,3.8,No,No,72,67,2,NotPlaced
8.6,1,3,2,8,4.7,Yes,Yes,72,85,0,Placed
7.5,1,1,1,6,3.9,No,Yes,55,72,3,NotPlaced
7.6,1,1,1,7,4.5,Yes,Yes,57,68,4,NotPlaced
8.2,1,3,0,9,4.7,Yes,Yes,78,83,0,Placed
7.5,0,1,0,6,3.8,No,Yes,55,62,2,NotPlaced
8.3,2,3,0,8,4.8,Yes,Yes,59,84,0,Placed
6.9,0,1,1,7,4.8,No,Yes,66,62,2,NotPlaced
7.6,1,1,0,7,3.9,No,No,55,62,4,NotPlaced
7.3,1,2,0,7,3.8,No,No,55,70,4,NotPlaced
8.1,2,3,2,8,4.8,Yes,Yes,72,84,1,Placed
7.9,2,2,0,7,4.4,Yes,No,55,69,3,NotPlaced
7.2,1,1,0,6,3.7,No,No,63,71,2,NotPlaced
6.6,1,1,1,7,3.9,No,No,81,61,3,NotPlaced
8.5,1,1,2,9,4.6,Yes,Yes,82,88,1,Placed
7.8,1,3,2,9,4.0,Yes,Yes,72,84,4,NotPlaced
6.8,0,1,1,6,3.5,No,No,59,62,4,NotPlaced
6.8,1,2,0,6,3.4,No,Yes,55,72,2,NotPlaced
7.7,0,2,3,7,4.0,Yes,Yes,90,84,3,NotPlaced
7.5,1,1,1,7,3.8,No,No,55,63,2,NotPlaced
7.6,0,2,0,7,4.1,Yes,Yes,70,71,1,Placed
6.5,1,1,0,7,3.8,No,Yes,55,72,2,Placed
8.0,2,3,2,9,4.8,Yes,Yes,83,86,0,Placed
8.1,2,3,1,7,4.4,Yes,Yes,79,73,0,Placed
7.7,1,2,0,8,4.8,Yes,Yes,75,82,1,Placed
7.5,1,3,1,8,4.2,No,Yes,66,64,3,NotPlaced
6.8,2,3,2,8,4.5,Yes,Yes,79,86,2,NotPlaced
7.4,1,1,3,8,4.0,Yes,Yes,74,71,3,NotPlaced
7.5,1,2,0,7,4.7,No,No,57,87,3,NotPlaced
7.7,0,3,0,8,4.2,Yes,No,81,85,3,NotPlaced
7.0,0,1,0,8,4.4,No,Yes,66,61,2,NotPlaced
7.7,0,1,0,6,4.1,No,No,63,65,2,NotPlaced
8.8,0,3,0,6,4.1,Yes,Yes,55,66,1,NotPlaced
6.9,0,1,1,7,3.5,No,Yes,59,71,4,NotPlaced
8.8,2,3,2,9,4.8,Yes,Yes,70,86,0,Placed
6.8,2,2,0,6,4.8,Yes,No,70,82,3,NotPlaced
8.6,2,2,0,7,3.5,No,Yes,65,67,1,NotPlaced
7.4,1,1,0,7,3.8,Yes,No,60,60,3,NotPlaced
6.8,1,1,0,6,4.7,Yes,Yes,59,69,1,Placed
8.6,2,3,1,8,4.5,Yes,Yes,77,82,0,Placed
8.3,2,3,2,8,4.3,Yes,Yes,82,87,1,Placed
7.7,1,3,2,8,4.0,Yes,Yes,86,67,1,Placed
6.6,1,3,1,6,3.9,No,Yes,55,71,4,NotPlaced
8.1,1,0,1,8,3.4,Yes,No,58,67,1,NotPlaced
6.6,0,1,0,6,4.5,Yes,Yes,69,64,2,NotPlaced
7.8,1,2,1,7,4.2,Yes,Yes,65,67,3,NotPlaced
7.8,1,3,0,8,3.8,Yes,Yes,78,57,1,Placed
7.7,1,2,1,6,4.2,No,No,59,59,4,NotPlaced
8.2,0,3,2,8,4.4,Yes,Yes,64,85,1,Placed
8.2,0,3,1,8,4.8,Yes,No,76,78,1,Placed
7.4,1,2,1,7,4.4,Yes,Yes,61,82,0,Placed
7.7,1,1,1,7,4.0,Yes,Yes,66,77,0,Placed
8.3,1,3,2,9,4.8,Yes,Yes,79,82,0,Placed
8.3,1,2,0,8,4.1,No,Yes,59,64,1,NotPlaced
7.2,1,1,0,6,3.2,No,Yes,55,75,4,NotPlaced
7.7,1,1,1,6,4.1,No,Yes,59,61,3,NotPlaced
8.1,2,2,0,9,4.8,Yes,Yes,71,83,1,Placed
6.5,0,1,0,8,4.1,No,Yes,60,62,2,NotPlaced
7.4,1,1,0,6,4.0,No,No,62,67,4,NotPlaced
6.5,2,1,0,7,4.0,No,No,55,68,4,NotPlaced
8.1,2,1,2,8,4.8,Yes,Yes,83,86,0,Placed
7.9,1,2,2,7,4.3,Yes,Yes,77,85,3,NotPlaced
8.5,2,1,2,8,4.4,Yes,Yes,71,84,0,Placed
7.7,1,2,0,7,4.8,Yes,Yes,55,63,1,Placed
7.9,2,2,0,7,4.4,Yes,Yes,81,69,3,NotPlaced
8.2,0,3,0,6,4.2,Yes,Yes,71,73,1,NotPlaced
8.0,2,3,2,9,4.8,Yes,Yes,71,87,0,Placed
8.6,1,3,2,9,4.8,Yes,Yes,55,85,0,Placed
8.5,1,2,2,8,4.8,Yes,Yes,88,88,0,Placed
6.7,0,1,1,7,4.5,No,No,61,61,3,NotPlaced
8.4,2,3,1,9,4.8,Yes,Yes,76,87,0,Placed
8.2,1,1,1,9,4.8,Yes,Yes,76,70,0,Placed
6.5,1,1,0,8,4.4,No,Yes,55,68,2,NotPlaced
8.4,2,3,2,9,4.8,Yes,Yes,76,86,1,Placed
8.6,2,3,2,9,4.8,Yes,Yes,80,82,0,Placed
8.9,2,3,2,9,4.8,Yes,Yes,78,84,0,Placed
7.4,0,1,3,6,3.3,No,Yes,63,71,4,NotPlaced
8.4,0,1,0,8,4.6,Yes,Yes,88,84,1,NotPlaced
8.4,2,3,2,8,4.3,Yes,Yes,76,84,1,NotPlaced
8.2,1,3,2,9,4.8,Yes,Yes,66,88,0,Placed
8.1,2,3,2,9,4.8,Yes,Yes,78,83,1,Placed
8.3,2,3,2,7,4.6,Yes,No,79,80,1,NotPlaced
7.7,0,2,0,7,4.5,Yes,Yes,60,66,2,NotPlaced
7.7,1,1,1,7,3.9,No,Yes,55,67,4,NotPlaced
7.0,0,1,0,7,4.4,No,No,71,60,3,NotPlaced
8.2,2,2,1,8,4.5,Yes,Yes,70,70,1,NotPlaced
7.3,0,1,1,7,3.5,No,No,57,65,2,NotPlaced
7.4,1,2,0,8,4.1,No,Yes,64,86,4,NotPlaced
8.2,1,3,0,9,4.1,No,Yes,76,74,0,Placed
8.4,0,3,3,8,4.6,No,Yes,89,73,1,NotPlaced
6.8,0,1,1,7,4.3,No,No,73,62,4,NotPlaced
6.5,0,2,0,8,3.7,No,Yes,60,68,0,Placed
8.4,2,3,2,8,4.7,Yes,Yes,78,82,0,Placed
8.3,2,3,2,9,4.8,Yes,Yes,90,86,1,Placed
8.1,1,3,2,9,4.8,Yes,Yes,71,87,1,Placed
8.7,2,3,2,9,4.8,Yes,Yes,79,84,0,Placed
7.9,1,3,0,8,4.4,Yes,Yes,76,83,1,Placed
7.3,1,1,2,7,4.4,No,Yes,60,71,3,NotPlaced
7.9,0,1,0,6,3.1,No,No,61,62,4,NotPlaced
7.5,1,1,1,6,3.4,No,Yes,55,66,3,NotPlaced
6.5,0,1,0,6,3.7,No,No,56,71,2,NotPlaced
7.3,1,1,1,6,4.0,No,Yes,55,65,3,NotPlaced
7.5,1,1,0,7,3.8,No,Yes,55,62,4,NotPlaced
8.2,2,3,0,7,3.9,Yes,Yes,75,66,1,NotPlaced
8.0,1,3,1,8,4.6,Yes,No,80,70,3,NotPlaced
7.9,1,2,2,7,3.9,Yes,Yes,75,70,3,NotPlaced
7.6,0,1,0,7,3.5,No,Yes,55,70,3,NotPlaced
7.8,0,3,2,9,4.8,Yes,No,81,81,1,Placed
6.5,0,3,0,7,4.2,Yes,Yes,74,69,2,NotPlaced
6.6,0,2,1,7,4.2,Yes,Yes,71,84,3,NotPlaced
7.5,2,1,0,8,3.8,No,No,61,63,1,Placed
6.9,1,1,1,6,4.4,Yes,Yes,55,65,2,NotPlaced
7.4,1,1,1,6,3.7,No,No,57,57,2,NotPlaced
8.2,2,3,0,8,4.3,Yes,Yes,74,66,1,NotPlaced
6.5,1,1,1,6,4.2,No,No,57,60,2,NotPlaced
7.5,0,3,1,7,4.7,Yes,Yes,66,66,1,Placed
7.6,1,1,0,8,3.8,No,Yes,73,72,4,NotPlaced
8.5,2,3,2,9,4.6,Yes,Yes,81,76,0,Placed
8.5,1,3,2,9,4.8,Yes,Yes,78,88,0,Placed
7.6,0,2,1,7,4.7,No,Yes,72,67,4,NotPlaced
7.8,1,3,2,9,4.8,Yes,No,79,77,3,NotPlaced
7.4,1,1,0,7,4.7,Yes,Yes,61,82,0,Placed
7.0,1,2,0,8,4.5,No,Yes,81,61,3,NotPlaced
8.3,0,3,2,7,4.7,Yes,Yes,70,84,1,NotPlaced
7.6,2,3,2,8,4.8,Yes,Yes,80,80,0,Placed
8.0,2,3,2,9,4.6,Yes,Yes,73,85,1,Placed
8.1,1,3,2,9,4.7,Yes,Yes,84,81,1,Placed
6.8,1,2,1,7,4.3,Yes,Yes,55,68,2,NotPlaced
7.4,1,2,1,6,3.4,No,Yes,57,66,2,NotPlaced
7.8,1,2,2,9,4.8,Yes,Yes,77,85,1,Placed
7.7,1,2,0,7,3.9,No,Yes,55,71,2,NotPlaced
7.5,2,3,0,8,4.8,Yes,No,55,84,0,Placed
6.7,1,1,0,7,4.2,Yes,Yes,61,73,0,Placed
7.6,1,1,1,7,4.5,No,No,55,65,2,NotPlaced
6.6,2,1,2,6,4.3,No,No,63,67,3,NotPlaced
8.2,1,3,1,8,4.8,Yes,Yes,80,74,0,Placed
8.2,1,2,1,7,4.6,Yes,Yes,87,85,1,NotPlaced
8.3,1,3,1,8,4.3,No,Yes,70,70,1,Placed
8.2,1,1,2,7,4.5,Yes,No,82,69,0,Placed
8.4,2,3,2,8,4.5,Yes,Yes,76,82,1,NotPlaced
8.1,2,3,1,8,4.8,Yes,Yes,71,85,0,Placed
7.8,1,2,0,8,3.5,No,No,57,63,2,NotPlaced
7.1,2,2,2,8,4.8,Yes,Yes,62,86,1,Placed
8.7,1,1,1,8,4.1,Yes,Yes,69,79,0,Placed
8.1,1,1,0,8,4.7,No,Yes,55,69,1,NotPlaced
6.7,1,2,1,7,4.5,Yes,Yes,75,84,2,NotPlaced
7.7,0,1,1,6,3.3,No,Yes,58,70,2,NotPlaced
7.7,1,1,0,7,4.3,No,No,56,67,2,NotPlaced
7.3,1,1,1,8,4.8,No,Yes,55,66,0,Placed
7.5,1,2,1,7,4.3,No,Yes,66,67,2,NotPlaced
7.6,0,1,0,8,4.2,No,No,55,73,3,NotPlaced
6.8,1,2,1,7,4.4,No,No,55,63,3,NotPlaced
8.3,0,1,0,8,4.4,Yes,No,76,80,1,NotPlaced
7.6,0,1,1,6,3.9,No,No,55,69,2,NotPlaced
7.7,1,1,1,8,4.4,Yes,Yes,72,71,3,NotPlaced
8.1,1,3,2,9,4.8,Yes,Yes,90,85,0,Placed
6.9,1,1,1,6,3.0,No,No,61,63,4,NotPlaced
8.4,2,3,2,8,4.2,Yes,Yes,81,68,0,Placed
8.3,1,1,1,7,4.2,No,Yes,65,62,1,NotPlaced
7.8,1,2,2,7,4.7,Yes,Yes,66,86,0,Placed
7.5,1,2,1,7,4.8,Yes,Yes,58,84,4,NotPlaced
8.0,1,1,1,7,4.0,No,Yes,72,64,2,NotPlaced
7.8,1,2,1,6,4.5,Yes,No,71,67,4,NotPlaced
8.1,2,1,0,7,3.6,Yes,Yes,83,85,1,NotPlaced
8.3,2,3,2,8,4.8,Yes,Yes,78,81,1,Placed
8.0,2,3,2,8,4.8,Yes,Yes,84,72,1,Placed
8.4,2,3,2,9,4.8,Yes,Yes,79,86,0,Placed
7.4,1,3,0,8,4.8,Yes,Yes,69,83,0,Placed
8.4,2,3,1,8,4.2,Yes,Yes,78,83,1,NotPlaced
7.6,1,1,1,7,3.8,No,Yes,57,67,3,NotPlaced
8.3,1,3,2,9,4.8,Yes,Yes,80,86,0,Placed
8.6,2,3,0,9,4.7,Yes,Yes,79,79,0,Placed
7.4,1,1,0,8,3.8,No,Yes,55,72,0,Placed
8.2,2,3,2,8,4.7,Yes,Yes,83,83,1,Placed
8.1,2,1,0,8,4.1,Yes,Yes,83,79,1,Placed
8.5,1,3,2,8,3.7,Yes,Yes,69,83,0,Placed
6.6,1,1,0,7,4.4,No,No,62,82,2,NotPlaced
7.6,2,3,1,7,3.8,No,Yes,62,64,2,NotPlaced
8.2,0,2,2,8,3.3,Yes,Yes,74,68,0,Placed
7.5,2,3,0,9,4.7,Yes,No,88,86,1,Placed
8.1,1,3,2,8,4.8,Yes,Yes,81,85,0,Placed
8.5,1,3,0,7,4.3,Yes,Yes,80,87,1,NotPlaced
8.3,1,3,2,8,4.6,No,Yes,75,62,1,Placed
8.4,2,3,2,9,4.8,Yes,Yes,70,85,1,Placed
8.4,2,3,2,9,4.1,Yes,Yes,78,83,1,Placed
6.8,1,1,2,6,3.5,No,No,55,63,4,NotPlaced
7.8,1,1,0,6,4.6,No,No,58,80,2,NotPlaced
7.3,1,2,2,8,4.2,No,No,70,65,4,NotPlaced
8.5,1,3,2,9,4.4,Yes,Yes,72,83,1,NotPlaced
8.0,1,3,2,9,4.4,Yes,Yes,87,81,0,Placed
7.4,2,1,1,7,4.4,Yes,Yes,55,68,3,NotPlaced
7.5,2,2,0,6,4.3,No,No,67,69,2,NotPlaced
7.6,1,1,0,8,4.2,Yes,Yes,81,81,2,NotPlaced
8.4,2,3,2,8,4.8,Yes,Yes,85,82,1,Placed
6.5,1,1,1,6,3.6,No,No,59,69,4,NotPlaced
8.0,0,1,1,7,3.6,No,No,55,65,3,NotPlaced
7.8,0,2,0,8,4.3,No,Yes,56,73,4,NotPlaced
7.6,0,1,0,8,3.9,No,Yes,58,72,3,NotPlaced
7.7,1,2,1,8,4.5,Yes,Yes,69,69,1,Placed
7.4,2,3,2,8,4.2,No,Yes,79,71,3,NotPlaced
7.3,1,2,0,8,3.9,Yes,Yes,90,88,1,Placed
8.8,2,3,2,9,4.8,Yes,Yes,65,86,0,Placed
8.6,1,3,2,8,4.8,Yes,Yes,70,83,0,Placed
7.8,2,3,0,9,4.6,Yes,Yes,86,82,2,NotPlaced
8.0,2,3,2,8,4.8,Yes,No,80,68,2,NotPlaced
7.7,1,2,0,7,4.8,No,Yes,78,71,3,NotPlaced
8.4,1,3,2,8,4.4,Yes,Yes,78,87,0,Placed
7.7,2,1,3,7,4.6,Yes,Yes,67,78,1,Placed
8.7,2,3,2,7,4.4,Yes,Yes,76,83,0,Placed
7.6,1,1,0,6,3.7,No,No,55,67,2,NotPlaced
6.7,0,3,0,9,4.3,Yes,Yes,79,65,1,Placed
8.1,2,3,2,9,4.6,Yes,No,74,84,1,Placed
8.2,2,3,0,8,4.5,Yes,Yes,77,83,1,Placed
6.5,1,2,0,6,4.2,Yes,Yes,70,64,3,NotPlaced
8.5,1,3,0,9,4.8,Yes,Yes,78,82,0,Placed
7.8,1,3,1,7,3.7,No,Yes,72,85,4,NotPlaced
7.5,1,3,2,8,4.5,Yes,Yes,70,84,0,Placed
6.7,0,2,0,7,4.5,No,Yes,60,58,2,NotPlaced
8.3,1,1,1,6,4.3,Yes,Yes,79,66,1,NotPlaced
7.0,1,3,1,8,4.8,Yes,Yes,59,68,6,Placed
8.3,2,1,2,8,4.2,Yes,Yes,80,81,0,Placed
8.3,1,3,0,9,4.4,Yes,Yes,83,81,0,Placed
6.5,1,1,0,8,4.4,No,Yes,56,68,4,NotPlaced
7.6,1,1,0,7,3.6,Yes,Yes,86,68,4,NotPlaced
8.5,2,3,2,9,4.8,Yes,Yes,80,83,1,Placed
8.5,1,3,0,8,4.6,Yes,Yes,85,83,0,Placed
8.0,2,3,2,9,4.8,Yes,Yes,86,88,1,Placed
8.4,2,2,0,8,3.9,Yes,Yes,76,68,1,NotPlaced
8.4,2,3,2,8,4.1,Yes,No,78,69,1,Placed
7.5,1,1,1,6,4.6,Yes,Yes,58,66,4,NotPlaced
7.3,0,3,1,8,4.7,Yes,No,75,79,3,NotPlaced
8.4,2,3,2,8,4.7,Yes,Yes,78,85,1,Placed
6.5,2,2,0,8,4.1,Yes,Yes,57,81,2,NotPlaced
8.3,2,3,2,9,4.8,Yes,Yes,78,84,1,Placed
8.2,2,3,2,9,4.8,Yes,Yes,87,83,0,Placed
6.5,2,2,1,8,3.9,No,Yes,68,73,3,NotPlaced
7.6,0,1,0,7,3.2,No,Yes,55,70,3,NotPlaced
7.2,1,3,2,8,4.8,Yes,Yes,62,65,4,NotPlaced
8.3,1,3,0,9,4.8,Yes,Yes,83,82,1,Placed
8.1,1,1,1,9,4.6,No,No,65,85,1,NotPlaced
7.4,1,2,1,8,4.1,No,Yes,90,88,3,NotPlaced
7.4,0,3,0,7,3.3,No,Yes,62,64,4,NotPlaced
8.2,2,3,2,8,4.0,Yes,Yes,78,83,0,Placed
7.4,2,1,2,6,4.7,No,No,55,71,4,NotPlaced
8.0,0,3,2,9,4.8,Yes,Yes,74,71,1,Placed
8.2,2,3,2,9,4.8,Yes,Yes,79,86,0,Placed
7.6,1,1,1,8,4.5,Yes,Yes,74,79,3,NotPlaced
7.6,1,2,0,6,3.5,No,Yes,57,62,2,NotPlaced
6.7,1,1,0,8,4.4,No,Yes,55,68,3,NotPlaced
8.4,0,3,2,8,4.8,Yes,Yes,81,83,0,Placed
7.6,2,2,2,8,4.6,Yes,Yes,68,79,0,Placed
8.4,1,3,0,8,4.5,Yes,Yes,80,64,0,Placed
8.4,0,3,2,9,4.8,Yes,Yes,55,67,0,Placed
6.7,1,1,0,8,4.8,No,No,59,67,3,NotPlaced
6.5,1,1,0,6,4.0,No,Yes,55,65,2,NotPlaced
8.2,2,2,2,9,4.8,No,Yes,83,79,1,NotPlaced
8.3,2,1,1,9,4.6,Yes,Yes,88,84,1,NotPlaced
8.2,0,3,2,8,4.5,Yes,Yes,79,82,1,NotPlaced
7.6,2,3,2,7,4.7,Yes,Yes,55,82,0,Placed
7.7,2,2,2,9,4.7,Yes,Yes,70,86,0,Placed
6.5,1,3,0,8,4.3,Yes,Yes,74,62,4,NotPlaced
7.3,0,1,0,8,4.8,No,No,55,81,3,NotPlaced
7.9,2,3,2,8,4.5,Yes,Yes,66,80,0,Placed
8.7,2,3,2,9,4.8,Yes,Yes,81,86,0,Placed
7.6,0,1,1,8,4.1,No,No,61,69,4,NotPlaced
6.8,1,3,0,8,4.4,No,Yes,75,67,3,NotPlaced
7.5,1,1,0,6,4.1,Yes,Yes,63,71,4,NotPlaced
6.6,0,2,2,8,3.8,No,No,66,67,2,NotPlaced
7.7,1,2,0,7,3.7,No,Yes,75,86,4,NotPlaced
8.5,1,3,2,9,4.3,Yes,Yes,71,85,1,Placed
7.6,1,1,1,6,4.4,No,No,62,65,3,NotPlaced
7.3,1,3,0,7,4.2,No,No,66,62,3,NotPlaced
8.4,2,3,0,8,4.6,Yes,Yes,87,82,0,Placed
7.4,1,2,1,7,3.6,No,No,55,68,4,NotPlaced
8.4,2,3,2,8,4.7,Yes,Yes,77,81,0,Placed
7.4,1,1,1,8,4.0,No,Yes,74,78,3,NotPlaced
6.7,2,1,2,8,3.5,Yes,Yes,55,84,3,NotPlaced
8.5,1,0,2,7,4.2,Yes,No,63,67,1,NotPlaced
7.7,2,2,2,8,4.4,No,Yes,71,73,0,Placed
7.9,1,1,0,7,4.2,No,Yes,64,81,2,NotPlaced
7.6,1,1,0,6,3.7,No,No,64,73,2,NotPlaced
8.2,1,3,1,8,4.4,No,Yes,83,69,1,NotPlaced
7.6,2,2,2,8,4.2,Yes,Yes,73,83,0,Placed
7.9,2,3,2,9,4.8,Yes,Yes,84,88,1,Placed
8.3,0,1,0,8,4.1,Yes,Yes,55,73,1,Placed
7.4,1,2,1,8,4.2,No,Yes,56,73,3,NotPlaced
7.4,0,1,0,6,3.4,No,No,55,71,2,NotPlaced
8.3,2,3,2,9,4.8,Yes,Yes,79,84,0,Placed
8.4,2,3,2,9,4.8,Yes,Yes,80,85,1,Placed
8.5,0,1,0,7,4.6,Yes,Yes,69,63,1,NotPlaced
7.4,2,1,0,6,3.9,No,No,63,68,4,NotPlaced
7.6,2,2,0,8,4.6,Yes,Yes,70,83,3,NotPlaced
7.7,1,1,1,7,3.2,No,No,58,64,2,NotPlaced
7.7,1,3,2,7,4.2,Yes,Yes,55,84,2,NotPlaced
7.4,0,2,0,8,4.8,No,Yes,55,68,4,NotPlaced
6.8,2,1,0,7,3.8,Yes,Yes,61,74,1,Placed
7.5,2,2,1,7,3.8,No,Yes,60,69,2,NotPlaced
8.2,2,2,3,8,3.9,No,Yes,71,84,1,NotPlaced
8.7,1,2,1,7,4.4,Yes,Yes,63,85,0,Placed
6.9,1,2,0,8,4.6,Yes,Yes,58,84,4,NotPlaced
6.5,0,2,2,7,4.2,No,Yes,59,77,3,NotPlaced
7.4,1,1,0,6,3.9,No,Yes,79,76,4,NotPlaced
7.7,1,1,0,8,4.2,No,No,59,70,4,NotPlaced
6.9,0,1,1,8,3.8,No,Yes,55,70,2,Placed
8.1,2,3,2,8,4.8,No,Yes,79,81,1,Placed
7.6,1,1,0,7,4.2,No,Yes,61,61,4,NotPlaced
7.6,1,2,1,7,3.7,No,Yes,55,62,2,NotPlaced
8.2,2,3,2,9,4.8,Yes,Yes,68,86,0,Placed
6.5,0,1,0,8,3.6,No,No,88,66,4,NotPlaced
7.3,1,1,0,7,3.7,No,Yes,56,74,4,NotPlaced
8.4,2,1,0,9,4.4,Yes,Yes,72,82,1,Placed
7.7,1,1,1,8,4.0,No,No,55,61,4,NotPlaced
7.5,1,1,1,7,3.7,No,Yes,61,62,4,NotPlaced
6.5,0,1,0,7,3.9,No,No,55,60,4,NotPlaced
8.1,0,1,1,7,4.4,No,No,85,66,1,NotPlaced
7.6,0,2,1,8,4.3,Yes,Yes,74,81,0,Placed
8.8,2,3,2,9,4.8,Yes,Yes,82,88,0,Placed
7.5,1,1,0,7,4.2,No,No,57,72,4,NotPlaced
8.1,0,3,2,9,4.8,Yes,Yes,83,86,0,Placed
7.8,1,1,0,8,4.1,No,Yes,55,68,3,NotPlaced
7.7,1,1,0,8,3.9,No,No,55,65,2,NotPlaced
8.0,2,3,3,8,4.8,Yes,Yes,77,82,0,Placed
6.7,1,1,1,6,4.1,No,Yes,55,70,2,NotPlaced
8.2,1,3,2,8,4.4,Yes,Yes,81,84,0,Placed
7.9,0,2,0,6,4.1,No,No,55,65,3,NotPlaced
8.3,2,3,2,9,4.8,Yes,Yes,79,84,1,Placed
7.6,1,3,0,9,4.8,Yes,Yes,68,87,1,Placed
7.6,0,2,0,7,3.8,Yes,Yes,67,68,2,NotPlaced
8.1,1,3,0,8,3.8,Yes,Yes,76,83,0,Placed
8.2,1,2,1,7,4.2,Yes,Yes,74,82,1,Placed
7.6,1,2,1,6,4.4,No,Yes,56,61,3,NotPlaced
8.4,2,3,2,9,4.3,Yes,No,83,87,1,NotPlaced
8.3,2,3,2,8,4.8,Yes,No,83,88,1,NotPlaced
8.2,1,1,2,8,4.6,Yes,No,75,69,0,Placed
7.3,1,1,0,7,4.0,No,No,63,66,3,NotPlaced
8.1,2,3,1,8,4.2,No,No,74,62,1,NotPlaced
7.0,1,1,0,6,3.9,No,Yes,64,65,3,NotPlaced
8.2,2,3,2,9,4.8,Yes,Yes,80,85,0,Placed
7.4,1,1,0,6,3.7,No,Yes,61,61,4,NotPlaced
7.4,1,2,1,6,3.3,No,No,55,67,4,NotPlaced
8.0,0,3,1,8,4.8,Yes,Yes,70,85,4,NotPlaced
8.7,0,1,1,8,4.8,No,No,66,65,1,NotPlaced
7.6,1,1,0,7,4.2,No,Yes,79,85,4,NotPlaced
6.6,1,2,1,7,4.1,No,Yes,83,88,2,Placed
7.7,2,3,2,9,4.8,Yes,Yes,83,83,0,Placed
7.0,2,3,2,9,4.6,Yes,Yes,85,83,4,Placed
8.6,0,1,0,8,4.6,No,No,71,65,1,NotPlaced
8.1,1,3,1,8,4.4,Yes,Yes,76,88,0,Placed
7.7,1,1,0,7,4.1,No,No,61,68,3,NotPlaced
7.7,1,1,1,6,3.9,No,No,68,61,4,NotPlaced
8.0,2,3,0,8,4.8,Yes,No,86,87,4,NotPlaced
7.6,0,1,0,8,4.0,Yes,No,67,66,4,NotPlaced
6.5,1,1,2,8,3.8,No,No,61,63,2,NotPlaced
6.6,1,2,0,8,4.0,No,Yes,58,70,4,NotPlaced
7.5,1,2,0,8,4.5,No,No,55,66,3,NotPlaced
6.5,0,2,1,6,4.5,Yes,No,63,63,4,NotPlaced
8.4,1,3,1,8,4.6,Yes,Yes,74,81,0,Placed
7.0,1,1,1,7,3.8,No,No,55,68,3,NotPlaced
7.8,1,2,0,8,4.5,Yes,Yes,60,69,0,Placed
6.5,1,3,2,8,4.8,Yes,Yes,74,82,4,NotPlaced
8.2,1,1,1,7,4.6,Yes,No,64,67,1,NotPlaced
7.0,0,2,1,6,4.1,Yes,Yes,77,65,7,Placed
6.6,1,1,0,7,4.8,Yes,Yes,77,71,3,NotPlaced
8.3,2,3,0,9,4.8,Yes,Yes,84,86,1,Placed
6.5,1,1,1,6,3.9,No,No,57,70,3,NotPlaced
7.9,2,3,3,8,4.4,Yes,No,90,81,1,Placed
6.5,1,1,1,6,3.6,No,No,55,65,3,NotPlaced
7.5,1,1,1,7,3.9,No,No,55,65,2,NotPlaced
8.9,2,3,1,9,4.3,Yes,Yes,61,83,0,Placed
8.9,0,3,0,8,4.8,Yes,Yes,80,85,0,Placed
7.3,0,1,1,7,3.6,No,Yes,59,67,2,NotPlaced
8.4,1,2,2,8,4.8,Yes,Yes,81,87,0,Placed
7.4,1,1,0,6,3.7,No,No,65,66,4,NotPlaced
7.3,1,2,0,7,3.9,Yes,Yes,63,62,4,NotPlaced
7.5,1,1,0,6,3.9,No,Yes,55,72,4,NotPlaced
7.7,1,1,0,8,4.6,Yes,No,55,84,4,NotPlaced
7.5,1,2,2,7,4.5,Yes,Yes,66,78,4,NotPlaced
6.7,1,1,0,6,4.4,No,No,78,68,2,NotPlaced
7.6,0,1,0,7,3.5,No,Yes,64,70,2,NotPlaced
6.5,1,3,1,7,4.0,Yes,Yes,77,73,4,NotPlaced
7.6,1,1,1,7,3.9,No,Yes,64,76,3,NotPlaced
7.5,0,3,2,9,4.8,Yes,No,81,66,0,Placed
8.2,1,3,0,7,4.3,Yes,No,58,77,1,NotPlaced
7.7,0,2,1,7,4.3,Yes,Yes,60,73,4,NotPlaced
6.6,1,1,1,6,4.4,No,No,64,60,2,NotPlaced
7.9,1,3,0,8,4.5,Yes,Yes,66,74,2,NotPlaced
7.6,1,1,1,7,4.7,No,No,55,70,3,NotPlaced
7.7,2,1,3,7,3.9,Yes,Yes,65,86,2,NotPlaced
6.7,1,2,0,7,3.7,Yes,No,55,64,2,NotPlaced
8.3,2,3,2,9,4.8,Yes,Yes,85,88,0,Placed
7.5,1,1,2,7,4.0,Yes,Yes,58,64,3,NotPlaced
8.3,1,1,1,6,4.2,No,No,55,68,1,NotPlaced
8.1,1,3,2,9,4.6,Yes,Yes,81,88,1,Placed
7.7,0,2,1,6,4.3,Yes,Yes,68,67,4,NotPlaced
8.1,1,3,2,9,4.6,Yes,Yes,76,86,1,NotPlaced
8.3,1,3,0,8,4.7,No,No,63,81,1,NotPlaced
8.2,1,2,1,9,4.7,Yes,Yes,81,70,1,NotPlaced
8.2,2,3,2,9,4.8,Yes,Yes,72,88,1,Placed
8.0,1,0,2,8,4.8,Yes,Yes,90,80,1,Placed
6.6,1,1,1,8,3.4,No,No,55,66,0,Placed
8.0,1,3,0,9,4.8,Yes,No,77,84,0,Placed
8.6,1,3,2,8,4.8,Yes,Yes,77,72,0,Placed
7.9,1,3,2,9,4.8,Yes,Yes,82,80,0,Placed
7.2,0,1,1,6,3.8,No,Yes,55,59,2,NotPlaced
6.5,0,3,1,6,4.1,Yes,Yes,66,83,4,NotPlaced
7.5,1,1,0,6,3.7,No,No,55,63,2,NotPlaced
7.5,1,1,0,8,4.7,Yes,Yes,57,64,0,Placed
8.4,1,2,2,8,4.2,Yes,Yes,72,83,0,Placed
8.5,2,2,2,8,4.8,Yes,Yes,76,84,1,Placed
7.2,1,2,1,8,4.1,No,Yes,58,68,4,NotPlaced
7.4,1,1,1,6,3.6,No,No,55,61,3,NotPlaced
8.0,2,3,2,9,4.8,Yes,Yes,86,86,0,Placed
8.5,1,3,0,8,4.8,Yes,Yes,73,83,0,Placed
7.4,0,1,0,8,3.9,No,Yes,60,70,4,NotPlaced
8.5,2,3,2,9,4.8,Yes,Yes,76,86,0,Placed
8.5,1,3,0,7,3.7,Yes,Yes,71,82,1,NotPlaced
8.0,1,3,2,7,4.4,Yes,Yes,77,87,0,Placed
8.3,0,2,0,7,4.1,Yes,No,60,79,1,NotPlaced
7.8,0,2,0,8,4.3,Yes,Yes,74,67,2,NotPlaced
8.1,2,3,2,9,4.8,Yes,Yes,75,82,1,Placed
6.6,1,1,1,6,4.1,Yes,No,55,69,2,NotPlaced
7.5,1,1,1,7,4.8,No,No,58,69,4,NotPlaced
6.6,0,3,0,8,4.0,Yes,No,64,62,1,Placed
6.5,2,1,0,7,3.1,No,No,56,67,3,NotPlaced
7.5,1,2,1,7,4.8,No,Yes,55,73,3,NotPlaced
6.8,2,3,2,9,4.3,Yes,Yes,81,79,4,NotPlaced
7.3,1,2,0,7,3.6,No,Yes,77,63,2,NotPlaced
7.5,0,1,1,7,3.6,No,Yes,59,64,2,NotPlaced
8.7,1,3,2,8,4.6,Yes,Yes,69,86,0,Placed
8.2,1,3,1,7,4.0,No,Yes,58,85,1,Placed
8.1,2,3,2,7,4.8,Yes,No,78,78,1,NotPlaced
7.7,1,2,0,7,4.2,No,Yes,68,76,2,NotPlaced
7.8,1,2,0,7,4.1,No,No,76,66,4,NotPlaced
8.0,2,3,2,9,4.8,Yes,Yes,84,83,1,Placed
7.6,1,2,1,7,4.7,Yes,Yes,74,68,2,NotPlaced
8.2,2,3,0,7,3.5,Yes,Yes,75,80,1,NotPlaced
7.5,0,1,1,6,3.3,No,Yes,55,64,3,NotPlaced
8.9,2,3,2,8,4.6,Yes,Yes,75,84,0,Placed
7.4,0,2,1,8,4.0,Yes,No,66,60,2,NotPlaced
6.5,1,2,0,7,4.2,No,Yes,55,64,4,NotPlaced
6.5,0,3,2,8,4.8,Yes,No,79,64,2,NotPlaced
8.2,2,2,2,9,4.8,Yes,Yes,89,84,1,Placed
8.1,1,3,0,8,3.8,Yes,Yes,68,77,1,NotPlaced
7.2,1,2,0,7,3.6,Yes,Yes,55,71,4,NotPlaced
8.2,1,3,2,9,4.8,Yes,Yes,81,83,1,Placed
8.6,2,3,3,8,4.7,No,Yes,68,86,0,Placed
7.5,1,1,0,7,4.3,No,Yes,56,66,4,NotPlaced
7.4,1,1,0,7,4.1,No,Yes,55,67,3,NotPlaced
6.6,1,1,1,7,3.6,No,No,59,78,3,NotPlaced
7.7,1,3,3,8,4.1,Yes,Yes,78,81,4,NotPlaced
7.5,1,1,1,6,4.6,No,Yes,55,59,3,NotPlaced
7.4,1,3,2,8,4.7,Yes,Yes,74,83,0,Placed
7.5,0,2,0,7,4.0,No,Yes,68,65,4,NotPlaced
8.4,2,3,2,9,4.5,Yes,Yes,78,84,1,NotPlaced
6.8,1,1,1,8,4.6,No,Yes,56,70,3,NotPlaced
8.0,1,2,2,7,4.7,Yes,Yes,68,85,0,Placed
8.3,2,3,2,9,3.8,No,No,76,74,1,NotPlaced
8.3,2,1,1,8,3.5,Yes,Yes,55,73,1,NotPlaced
7.6,2,3,3,8,4.5,Yes,Yes,71,67,1,Placed
7.7,0,2,0,7,4.8,Yes,Yes,59,69,3,NotPlaced
8.3,1,3,2,9,4.8,Yes,Yes,78,88,1,Placed
8.7,2,1,1,6,4.0,Yes,Yes,60,65,1,NotPlaced
7.6,0,1,1,7,4.1,No,Yes,55,68,4,NotPlaced
6.8,0,2,0,7,4.2,Yes,No,55,69,3,NotPlaced
6.5,1,1,2,8,4.6,Yes,Yes,55,65,1,Placed
8.0,0,3,1,7,4.5,Yes,Yes,81,78,3,NotPlaced
7.7,2,3,2,8,4.8,Yes,Yes,57,83,4,NotPlaced
8.0,2,3,2,8,4.8,Yes,No,77,82,1,Placed
8.3,2,3,2,9,4.7,Yes,Yes,84,83,0,Placed
8.0,2,3,2,9,4.8,Yes,Yes,81,88,0,Placed
8.3,2,2,0,7,4.8,Yes,Yes,57,68,1,Placed
7.6,1,1,1,8,3.9,No,Yes,55,70,4,NotPlaced
7.5,1,2,0,6,4.1,No,No,59,67,3,NotPlaced
6.8,2,2,2,8,4.5,Yes,Yes,72,82,1,Placed
8.0,1,2,1,7,4.6,Yes,Yes,69,76,4,NotPlaced
8.3,2,3,2,9,4.8,Yes,Yes,67,88,1,Placed
7.3,1,1,0,7,3.2,No,No,57,69,4,NotPlaced
8.2,2,3,2,9,4.6,Yes,Yes,75,84,0,Placed
6.8,1,1,1,8,4.5,No,Yes,55,72,2,NotPlaced
8.5,1,2,1,8,4.0,Yes,Yes,75,67,1,NotPlaced
7.9,0,1,0,7,4.2,No,No,55,62,2,NotPlaced
7.8,2,3,2,8,4.5,Yes,Yes,75,86,3,NotPlaced
7.5,1,3,2,9,4.8,Yes,Yes,74,85,3,NotPlaced
6.5,1,1,0,6,3.7,No,Yes,79,67,3,NotPlaced
8.3,2,2,1,8,4.8,Yes,Yes,79,84,1,Placed
7.5,0,1,1,7,4.4,Yes,Yes,55,84,1,Placed
7.8,2,3,0,8,4.8,Yes,No,74,82,1,Placed
8.4,1,2,1,8,3.7,No,Yes,55,66,1,NotPlaced
8.5,0,3,2,9,4.8,Yes,Yes,74,86,1,Placed
6.5,0,1,1,7,4.2,No,Yes,57,68,4,NotPlaced
8.4,1,1,0,7,3.5,No,No,57,64,1,NotPlaced
6.5,0,1,2,7,3.6,No,Yes,73,82,1,Placed
7.6,1,2,0,9,4.8,Yes,Yes,55,81,3,NotPlaced
8.5,0,3,1,8,3.8,Yes,Yes,73,84,1,Placed
7.5,0,2,0,6,4.3,No,Yes,81,69,4,NotPlaced
7.4,0,1,1,8,3.8,No,No,55,72,4,NotPlaced
7.5,1,2,1,7,3.8,Yes,Yes,77,84,2,NotPlaced
8.5,2,2,0,8,4.7,No,Yes,76,84,1,NotPlaced
8.2,2,3,2,9,4.6,Yes,Yes,83,88,0,Placed
6.5,1,2,0,6,3.7,No,Yes,58,65,3,NotPlaced
7.4,2,3,0,8,4.5,Yes,Yes,77,87,1,Placed
7.5,2,3,2,8,4.7,Yes,Yes,86,83,0,Placed
7.6,2,3,1,7,4.8,No,Yes,67,85,0,Placed
7.8,1,3,2,8,4.2,No,Yes,85,69,0,Placed
7.6,1,2,0,7,4.6,No,Yes,55,68,3,NotPlaced
7.5,1,1,0,7,3.2,No,No,57,66,3,NotPlaced
8.0,1,3,2,8,4.3,Yes,Yes,76,78,0,Placed
8.4,2,3,2,8,4.8,Yes,Yes,60,84,1,Placed
6.7,1,1,0,7,3.8,Yes,Yes,60,67,4,NotPlaced
7.8,1,1,0,7,4.0,No,No,66,75,3,NotPlaced
6.8,0,2,2,8,4.5,No,Yes,63,66,2,NotPlaced
8.2,0,2,2,7,4.5,Yes,Yes,55,86,1,NotPlaced
7.8,1,2,0,7,3.5,No,Yes,63,67,3,NotPlaced
8.2,0,3,2,9,4.7,Yes,Yes,76,85,0,Placed
7.4,1,2,1,7,4.0,No,Yes,56,68,3,NotPlaced
7.7,1,3,1,7,4.5,Yes,Yes,67,85,1,Placed
6.5,1,2,0,7,4.0,No,Yes,55,87,3,NotPlaced
8.3,1,2,0,6,4.1,Yes,Yes,71,62,0,Placed
7.8,2,3,0,8,4.5,No,Yes,74,69,0,Placed
8.1,1,1,1,7,4.6,No,No,62,67,1,NotPlaced
8.4,2,3,1,8,4.3,Yes,Yes,81,87,1,NotPlaced
6.5,1,1,0,6,3.6,No,Yes,56,63,2,NotPlaced
7.5,0,1,1,7,4.6,Yes,Yes,56,62,3,NotPlaced
8.1,0,1,2,8,4.3,Yes,Yes,81,86,1,NotPlaced
7.6,1,2,2,7,4.2,No,Yes,64,68,4,NotPlaced
6.5,1,1,1,7,4.0,No,No,55,65,2,NotPlaced
8.3,2,3,2,9,4.8,Yes,Yes,80,84,0,Placed
7.6,1,2,0,7,4.0,No,Yes,55,67,3,NotPlaced
8.7,2,1,2,8,4.8,Yes,Yes,84,68,0,Placed
8.1,1,2,0,7,4.3,Yes,Yes,71,83,1,NotPlaced
8.1,2,3,2,9,4.7,Yes,Yes,74,82,0,Placed
8.2,1,3,2,7,4.6,Yes,Yes,70,88,1,Placed
8.5,1,3,2,8,4.6,Yes,Yes,73,84,1,NotPlaced
8.5,1,3,0,9,4.3,Yes,Yes,80,83,0,Placed
8.4,1,3,2,8,4.6,Yes,Yes,72,83,1,Placed
7.9,2,3,0,8,4.7,No,Yes,70,69,2,NotPlaced
8.7,2,3,2,8,4.8,Yes,Yes,88,80,1,NotPlaced
7.6,2,1,2,8,4.6,Yes,Yes,70,87,1,Placed
8.3,2,2,2,9,4.6,Yes,Yes,75,86,1,NotPlaced
6.6,0,1,0,7,4.3,Yes,No,80,82,1,Placed
8.3,2,3,3,9,4.8,Yes,Yes,84,84,0,Placed
7.4,1,2,0,7,4.3,No,Yes,55,71,4,NotPlaced
7.6,1,2,0,7,4.2,Yes,Yes,55,82,3,NotPlaced
7.5,2,1,1,8,4.7,No,Yes,76,59,0,Placed
7.3,1,3,2,7,4.2,Yes,Yes,72,84,4,NotPlaced
7.5,1,1,0,6,3.8,Yes,No,62,63,2,NotPlaced
7.9,1,1,1,7,4.0,Yes,Yes,81,64,2,NotPlaced
7.3,0,2,1,6,4.1,No,Yes,63,67,3,NotPlaced
8.3,0,1,1,8,4.3,Yes,No,63,69,1,NotPlaced
7.6,1,3,1,7,4.0,Yes,Yes,72,81,4,NotPlaced
8.2,1,3,1,6,3.8,No,Yes,55,85,1,NotPlaced
6.5,1,1,0,8,4.1,No,Yes,64,65,4,NotPlaced
8.3,2,3,2,9,4.8,Yes,Yes,82,84,1,Placed
8.5,1,3,2,8,4.4,Yes,Yes,84,83,1,Placed
7.4,1,1,0,7,3.9,No,Yes,58,63,3,NotPlaced
7.9,1,2,0,8,4.5,No,Yes,78,75,1,Placed
8.7,0,3,0,8,4.8,Yes,Yes,80,84,0,Placed
7.6,1,2,0,6,3.3,No,Yes,58,64,4,NotPlaced
6.6,1,2,0,7,4.4,Yes,Yes,69,68,3,NotPlaced
7.8,1,2,0,8,4.8,Yes,Yes,86,83,1,Placed
8.2,1,3,2,8,4.6,Yes,Yes,71,83,0,Placed
6.5,1,2,1,6,3.0,No,No,55,61,4,NotPlaced
7.4,1,1,2,6,4.5,No,Yes,57,70,4,NotPlaced
8.4,1,2,2,8,4.6,Yes,Yes,68,81,1,NotPlaced
8.6,1,1,1,7,4.3,Yes,Yes,69,84,1,NotPlaced
7.8,1,1,1,7,3.8,No,Yes,62,68,2,NotPlaced
8.1,2,2,2,9,4.8,Yes,Yes,80,70,1,Placed
8.2,2,3,1,8,4.3,No,Yes,57,62,1,Placed
7.0,1,2,1,6,3.4,No,Yes,56,64,2,NotPlaced
6.6,1,1,1,7,4.1,Yes,Yes,56,75,4,NotPlaced
7.5,0,1,1,6,3.6,Yes,Yes,55,65,2,NotPlaced
7.7,0,2,1,6,4.4,Yes,Yes,71,70,3,NotPlaced
7.8,1,1,1,7,3.7,No,Yes,60,67,3,NotPlaced
6.9,1,1,0,7,3.8,No,Yes,55,70,3,NotPlaced
8.0,1,2,2,9,4.3,Yes,Yes,73,64,0,Placed
6.8,1,1,1,6,4.1,No,No,55,78,2,NotPlaced
8.1,2,3,2,9,4.8,Yes,Yes,74,86,0,Placed
8.4,2,3,2,9,4.8,Yes,Yes,79,85,0,Placed
6.5,0,1,0,7,4.4,Yes,Yes,72,64,2,NotPlaced
8.1,2,1,0,8,4.1,No,No,63,66,1,NotPlaced
8.0,1,3,1,7,3.9,Yes,Yes,84,79,0,Placed
7.5,1,1,0,7,4.4,Yes,Yes,64,64,2,NotPlaced
8.2,2,3,2,9,4.4,Yes,Yes,73,85,1,Placed
7.7,0,1,1,6,4.4,Yes,Yes,73,60,4,NotPlaced
8.3,1,1,0,7,4.1,No,Yes,69,76,1,NotPlaced
6.9,1,3,0,7,4.5,No,No,56,86,2,NotPlaced
7.3,1,1,0,6,4.5,No,No,58,60,3,NotPlaced
6.5,2,1,0,6,3.3,No,No,55,70,3,NotPlaced
7.5,1,3,1,8,4.5,Yes,Yes,57,84,1,Placed
6.8,0,2,1,9,4.8,No,Yes,55,87,2,NotPlaced
8.3,1,3,2,9,4.8,Yes,Yes,82,84,0,Placed
7.8,0,3,2,8,4.6,Yes,Yes,75,81,3,NotPlaced
8.2,1,2,2,8,4.3,Yes,Yes,59,72,1,NotPlaced
8.5,1,3,0,8,4.2,Yes,No,79,85,1,NotPlaced
8.2,0,3,1,9,3.8,Yes,Yes,76,77,1,NotPlaced
7.1,0,1,0,7,3.9,No,No,64,69,4,NotPlaced
8.4,2,3,2,9,4.8,Yes,Yes,85,87,0,Placed
7.7,1,2,1,6,4.2,No,Yes,55,85,2,NotPlaced
7.6,2,1,1,6,4.4,No,Yes,55,68,4,NotPlaced
7.9,2,3,2,9,4.6,Yes,Yes,83,80,0,Placed
8.0,2,3,2,8,4.8,Yes,Yes,71,83,1,Placed
8.3,2,3,2,9,4.8,Yes,Yes,82,88,1,Placed
7.2,1,2,2,8,4.8,Yes,Yes,80,79,0,Placed
8.3,2,3,2,9,4.7,Yes,Yes,79,73,1,Placed
8.6,1,2,0,8,4.3,Yes,Yes,69,69,1,NotPlaced
7.8,1,1,0,7,3.9,No,Yes,57,64,2,NotPlaced
7.7,0,2,2,9,4.8,Yes,Yes,60,87,1,Placed
6.6,2,1,0,6,4.1,Yes,No,61,66,4,NotPlaced
8.5,1,3,2,9,4.8,Yes,Yes,81,84,0,Placed
8.5,2,3,2,9,4.8,Yes,Yes,81,80,0,Placed
7.5,0,2,1,6,3.9,No,Yes,55,61,4,NotPlaced
7.7,1,2,0,8,4.2,Yes,Yes,84,70,1,Placed
7.3,1,2,1,8,4.0,No,Yes,64,85,4,NotPlaced
8.3,2,3,0,9,4.6,Yes,No,78,79,0,Placed
7.4,0,3,1,9,3.8,No,Yes,82,68,4,NotPlaced
8.4,2,3,1,8,4.5,Yes,Yes,84,87,1,Placed
8.0,2,1,2,7,4.4,Yes,Yes,75,72,1,Placed
6.6,1,1,1,7,4.5,No,Yes,55,73,3,NotPlaced
7.8,2,2,2,8,4.8,Yes,Yes,79,69,3,NotPlaced
7.5,1,1,2,7,3.9,Yes,No,85,66,4,NotPlaced
7.4,0,1,0,9,4.8,No,No,84,67,1,Placed
8.4,1,3,0,7,4.8,Yes,Yes,79,81,0,Placed
8.9,0,3,2,8,4.8,Yes,Yes,71,85,0,Placed
8.4,0,1,1,6,3.8,No,No,62,66,1,NotPlaced
